identifier	name	definition	synonyms	alts	parents	species
WP1	Statin pathway					
WP100	Glutathione metabolism					
WP1000	Arachidonate epoxygenase / epoxide hydrolase					
WP1001	Peptide GPCRs					
WP1002	Electron transport chain					
WP1004	Kit receptor signaling pathway					
WP1005	GPCRs, class B secretin-like					
WP1006	Metapathway biotransformation					
WP1007	Osteoclast signaling					
WP1008	Amino acid conjugation of benzoic acid					
WP101	Synthesis and degradation of ketone bodies					
WP1010	Wnt signaling pathway and pluripotency					
WP1011	TCR signaling pathway					
WP1012	IL-7 signaling pathway					
WP1013	Triacylglyceride synthesis					
WP1014	Androgen receptor signaling pathway					
WP1015	Ketone bodies synthesis and degradation					
WP1016	Wnt signaling pathway					
WP1017	Type II interferon signaling (IFNG)					
WP1018	Apoptosis					
WP1019	FAS pathway and stress induction of HSP regulation					
WP102	Heme biosynthesis					
WP1020	Fatty acid biosynthesis					
WP1021	Phase I biotransformations, non P450					
WP1022	Hedgehog signaling pathway					
WP1023	mRNA Processing					
WP1024	Steroid biosynthesis					
WP1025	B cell receptor signaling pathway					
WP1027	Glycolysis and gluconeogenesis					
WP1028	Pentose phosphate pathway					
WP1029	Notch signaling pathway					
WP103	Cholesterol biosynthesis					
WP1031	IL-3 signaling pathway					
WP1032	Nod-like receptor (NLR) signaling pathway					
WP1033	ACE inhibitor pathway					
WP1034	Acetylcholine synthesis					
WP1035	Mismatch repair					
WP1036	Homologous recombination					
WP1040	Inflammatory response pathway					
WP1041	Statin pathway					
WP1042	Nucleotide GPCRs					
WP1043	Calcium regulation in cardiac cell					
WP1045	TGF-beta signaling pathway					
WP1046	Hepatocyte growth factor receptor signaling					
WP1047	TNF-alpha signaling pathway					
WP1048	TGF-beta receptor signaling					
WP1049	G protein signaling pathways					
WP1050	Oxidative stress response					
WP1051	GPCRs, class C metabotropic glutamate, pheromone					
WP1052	ID signaling pathway					
WP1053	Estrogen metabolism					
WP1055	IL-4 signaling pathway					
WP1056	Complement and coagulation cascades					
WP106	Alanine and aspartate metabolism					
WP1060	Matrix metalloproteinases					
WP1062	Actin cytoskeleton regulation					
WP1063	G13 signaling pathway					
WP1064	Notch signaling pathway					
WP1065	Endochondral ossification					
WP1066	Eukaryotic transcription initiation					
WP1067	Toll-like receptor signaling pathway					
WP1068	Nuclear receptors					
WP1069	Integrin-mediated cell adhesion					
WP107	Translation factors					
WP1070	Cholesterol biosynthesis					
WP1071	Cytoplasmic ribosomal proteins					
WP1072	GPCRs, class A rhodopsin-like					
WP1073	Glycogen metabolism					
WP1074	Osteoblast signaling					
WP1075	Folate metabolism					
WP1076	Monoamine GPCRs					
WP1077	Oxidation by cytochrome P450					
WP1078	G1 to S cell cycle control					
WP1079	Proteasome degradation					
WP108	Selenium metabolism / selenoproteins					
WP1080	Irinotecan pathway					
WP1081	S1P receptor signal transduction					
WP1082	Apoptosis modulation by HSP70					
WP1083	Cell cycle					
WP1086	Heme biosynthesis					
WP109	UDP-glucose conversion					
WP1090	Eicosanoid synthesis					
WP1091	IL-2 signaling pathway					
WP1096	EGFR1 signaling pathway					
WP1099	Nuclear receptors in lipid metabolism and toxicity					
WP110	Translation factors					
WP1105	Adipogenesis					
WP111	Electron transport chain: OXPHOS system in mitochondria					
WP1112	EPO receptor signaling					
WP1113	Cytokines and inflammatory response					
WP1118	Biogenic amine synthesis					
WP112	Principal pathways of carbon metabolism					
WP1121	Kit receptor signaling pathway					
WP1122	Blood clotting cascade					
WP1126	Tryptophan metabolism					
WP1129	Wnt signaling pathway and pluripotency					
WP113	TGF-beta signaling pathway					
WP1133	Androgen receptor signaling pathway					
WP1134	Ketone bodies synthesis and degradation					
WP1135	Wnt signaling pathway					
WP1138	FAS pathway and stress induction of HSP regulation					
WP1141	Hedgehog signaling pathway					
WP1148	Notch signaling pathway					
WP1151	ACE inhibitor pathway					
WP1157	Statin pathway					
WP116	Hedgehog signaling pathway					
WP1165	G protein signaling pathways					
WP1168	ID signaling pathway					
WP117	GPCRs, other					
WP1176	Matrix metalloproteinases					
WP1180	Delta-Notch signaling pathway					
WP1182	Eukaryotic transcription initiation					
WP1184	Nuclear receptors					
WP1185	Integrin-mediated cell adhesion					
WP1186	Cholesterol biosynthesis					
WP1189	Glycogen metabolism					
WP1193	Monoamine GPCRs					
WP12	Osteoclast signaling					
WP1200	Cell cycle					
WP1205	Homologous recombination					
WP121	Colanic acid building blocks biosynthesis					
WP1211	Arylamine metabolism					
WP1212	Metapathway biotransformation					
WP1213	Phase I biotransformations, non P450					
WP1217	Aflatoxin B1 metabolism					
WP1218	Polyol pathway					
WP123	mRNA processing					
WP124	Irinotecan pathway					
WP1241	Glucuronidation					
WP1242	Non-homologous end joining					
WP1243	EBV LMP1 signaling					
WP1244	Estrogen signaling					
WP1245	Transcriptional activation by Nfe2l2 in response to phytochemicals					
WP1247	Methylation					
WP1248	Oxidative phosphorylation					
WP1249	EPO receptor signaling					
WP125	Biogenic amine synthesis					
WP1250	Arachidonate epoxygenase / epoxide hydrolase					
WP1251	Metapathway biotransformation					
WP1252	Amino acid conjugation of benzoic acid					
WP1253	Type II interferon signaling (IFNG)					
WP1254	Apoptosis					
WP1256	Nod-like receptor (NLR) signaling pathway					
WP1257	Mismatch repair					
WP1258	Homologous recombination					
WP1259	Retinol metabolism					
WP126	Fatty acid beta-oxidation 1					
WP1261	ErbB signaling pathway					
WP1262	Aflatoxin B1 metabolism					
WP1263	Mitochondrial gene expression					
WP1264	Estrogen metabolism					
WP1265	Polyol pathway					
WP1266	SIDS susceptibility pathways					
WP1269	Fatty acid beta-oxidation					
WP127	IL-5 signaling pathway					
WP1270	Endochondral ossification					
WP1272	Selenium micronutrient network					
WP1273	Folic acid network					
WP1274	Oxidation by cytochrome P450					
WP1276	Glucuronidation					
WP1277	Non-homologous end joining					
WP1278	EBV LMP1 signaling					
WP1279	Estrogen signaling					
WP128	Homocysteine and cysteine interconversion					
WP1280	Transcriptional activation by Nfe2l2 in response to phytochemicals					
WP1281	Hypothetical network for drug addiction					
WP1282	Methylation					
WP1283	Oxidative phosphorylation					
WP1284	EPO receptor signaling					
WP1286	Metapathway biotransformation					
WP1287	Amino acid conjugation of benzoic acid					
WP1288	Wnt signaling pathway and pluripotency					
WP1289	Type II interferon signaling (IFNG)					
WP129	Matrix metalloproteinases					
WP1290	Apoptosis					
WP1291	Phase I biotransformations, non P450					
WP1293	Selenium metabolism selenoproteins					
WP1294	Nod-like receptor (NLR) signaling pathway					
WP1295	Mismatch repair					
WP1296	Homologous recombination					
WP1297	Retinol metabolism					
WP1299	ErbB signaling pathway					
WP13	DNA replication					
WP1300	Aflatoxin B1 metabolism					
WP1301	Mitochondrial gene expression					
WP1302	Estrogen metabolism					
WP1303	Polyol pathway					
WP1309	Toll-like receptor signaling pathway					
WP131	Peptide GPCRs					
WP1310	Selenium micronutrient network 					
WP1311	Folic acid network					
WP1312	S1P receptor signal transduction					
WP1313	Insulin signaling					
WP1318	Eicosanoid synthesis					
WP132	Cholesterol biosynthesis					
WP1326	Nuclear receptors in lipid metabolism and toxicity					
WP1327	Hypertrophy model					
WP133	Fatty acid omega-oxidation					
WP1330	Estrogen signaling					
WP1331	Adipogenesis					
WP1335	Oxidative phosphorylation					
WP1336	EPO receptor signaling					
WP1337	MAPK signaling pathway					
WP1338	Peptide GPCRs					
WP1339	Electron transport chain					
WP134	Pentose phosphate metabolism					
WP1344	Wnt signaling pathway and pluripotency					
WP1349	Wnt Signaling Pathway					
WP1351	Apoptosis					
WP1355	One-carbon metabolism					
WP1356	Glycolysis and gluconeogenesis					
WP1358	Selenium metabolism selenoproteins					
WP136	Phase I biotransformations, non P450					
WP137	Fatty acid biosynthesis, initial steps					
WP1372	Oxidative stress response					
WP1375	Polyol pathway					
WP1376	IL-4 signaling pathway					
WP138	Androgen receptor signaling pathway					
WP1384	Toll-like receptor signaling pathway					
WP1386	Integrin-mediated cell adhesion					
WP1387	Cholesterol biosynthesis					
WP1388	Glycogen metabolism					
WP1389	Monoamine GPCRs					
WP139	Nuclear receptors in lipid metabolism and toxicity					
WP1393	Cell cycle					
WP1396	GPCRs, non-odorant 					
WP1397	GPCRs, odorant					
WP1398	GPCRs, orphan					
WP14	Sucrose biosynthesis					
WP140	Myometrial relaxation and contraction pathways					
WP1401	Neurotransmitter release in cholinergic motor neurons					
WP1403	AMP-activated protein kinase signaling					
WP1411	Cell division: first embryonic mitosis					
WP142	mRNA processing					
WP1422	Sphingolipid pathway					
WP1423	Ganglio sphingolipid metabolism					
WP1425	Bone morphogenic protein signaling and regulation					
WP143	Fatty acid beta-oxidation					
WP1431	Metapathway UDP-glucuronosyltransferases					
WP1433	Nucleotide-binding oligomerization domain (NOD) pathway					
WP1434	Osteopontin signaling					
WP1438	Influenza A virus infection					
WP145	Statin pathway					
WP1455	Serotonin transporter activity					
WP146	Nucleotide metabolism					
WP1461	Photosynthetic carbon reduction					
WP147	Kit receptor signaling pathway					
WP1471	Target of rapamycin signaling					
WP148	Fatty acid beta-oxidation 2					
WP1485	Interactions between CFTR and other ion channels					
WP1486	Intracellular trafficking of CFTR					
WP1487	TNF-alpha and mucus production in lung epythelium					
WP1488	CFTR activity in the plasma membrane					
WP1489	TOR signaling					
WP149	Translation factors					
WP1495	Glycine metabolism					
WP1496	Oxidative damage response					
WP1498	Dopaminergic neurogenesis					
WP15	Selenium micronutrient network					
WP151	IL-5 signaling pathway					
WP1518	Aspartate biosynthesis					
WP152	FGF signaling pathway					
WP1526	Regulation of cardiac hypertrophy by miR-208					
WP1528	Physiological and pathological hypertrophy of the heart					
WP1530	miRNA regulation of DNA damage response					
WP1531	Vitamin D metabolism					
WP1533	Vitamin B12 metabolism					
WP1538	Flavonoid biosynthesis					
WP1539	Angiogenesis					
WP154	Biogenic amine synthesis					
WP1541	Energy metabolism					
WP1544	MicroRNAs in cardiomyocyte hypertrophy					
WP1545	miRNAs involved in DNA damage response					
WP1546	Metapathway signal transduction					
WP155	Adipogenesis					
WP1559	Transcription factors regulate miRNAs related to cardiac hypertrophy					
WP156	Gluconeogenesis					
WP1560	MicroRNAs in cardiomyocyte hypertrophy					
WP157	Glycolysis and gluconeogenesis					
WP158	Proteasome degradation					
WP1584	Type II diabetes mellitus					
WP1589	Folate-alcohol and cancer pathway hypotheses					
WP159	UDP-N-acetylgalactosamine biosynthesis					
WP1591	Heart development					
WP1596	Iron homeostasis					
WP16	Fatty acid elongation, unsaturated					
WP160	Glycogen metabolism					
WP1600	Nicotine metabolism in liver cells					
WP1601	Fluoropyrimidine activity					
WP1602	Nicotine effect on dopaminergic neurons					
WP1603	Nicotine effect on chromaffin cells					
WP1604	Codeine and morphine metabolism					
WP161	Small ligand GPCRs					
WP163	Cytoplasmic ribosomal proteins					
WP164	Glutathione metabolism					
WP165	Tryptophan biosynthesis					
WP166	Apoptosis modulation by HSP70					
WP167	Eicosanoid synthesis					
WP170	Nuclear receptors					
WP171	NAD salvage pathway					
WP173	Oxidative stress response					
WP1742	TP53 network					
WP175	Acetylcholine synthesis					
WP176	Folate metabolism					
WP1763	Mechanisms associated with pluripotency					
WP177	Eukaryotic transcription initiation					
WP1770	One-carbon metabolism and related pathways					
WP1771	Kennedy pathway					
WP1772	Apoptosis modulation and signaling					
WP178	Isoleucine degradation					
WP179	Cell cycle					
WP18	Heme biosynthesis					
WP180	Leucine biosynthesis					
WP181	P-cymene degradation					
WP183	Proteasome degradation					
WP185	Integrin-mediated cell adhesion					
WP186	Homologous recombination					
WP188	Focal adhesion					
WP189	GPCRs, class A rhodopsin-like					
WP19	TCA cycle					
WP191	Glutamate biosynthesis superpathway					
WP192	DNA replication					
WP194	Phenylalanine biosynthesis					
WP1941	Peroxisomal beta-oxidation of tetracosanoyl-CoA					
WP1946	Cori cycle					
WP195	IL-1 signaling pathway					
WP196	Glutathione biosynthesis					
WP1963	Glucocorticoid effect on target gene expression					
WP1964	VEGFR-3 signaling					
WP1965	VEGF-receptor signal transduction					
WP1968	Genetic alterations of lung cancer					
WP197	Cholesterol biosynthesis pathway					
WP1971	Integrated cancer pathway					
WP198	Isoleucine, leucine, and valine biosynthesis					
WP1981	Thyroxine (thyroid hormone) production					
WP1982	Sterol regulatory element-binding proteins (SREBP) signaling					
WP1983	Splicing factor NOVA regulated synaptic proteins					
WP1991	SRF and miRs in smooth muscle differentiation and proliferation					
WP1992	Genes targeted by miRNAs in adipocytes					
WP1995	Effects of nitric oxide					
WP2	Valine biosynthesis					
WP200	Complement activation, classical pathway					
WP2007	Iron metabolism in placenta					
WP201	Ptf1a related regulatory pathway					
WP2011	SREBF and miR33 in cholesterol and lipid homeostasis					
WP2018	RANKL/RANK signaling pathway					
WP202	Hypertrophy model					
WP2023	Cell differentiation - expanded index					
WP2029	Cell differentiation - index					
WP203	De novo biosynthesis of purine nucleotides					
WP2032	Thyroid stimulating hormone (TSH) signaling pathway					
WP2034	Leptin signaling pathway					
WP2035	Follicle stimulating hormone (FSH) signaling pathway					
WP2036	TNF-related weak inducer of apoptosis (TWEAK) signaling pathway					
WP2037	Prolactin signaling pathway					
WP2038	Microtubule cytoskeleton regulation					
WP205	IL-7 signaling pathway					
WP2059	Alzheimer's disease and miRNA effects					
WP206	Fatty acid omega-oxidation					
WP2064	Neural crest differentiation					
WP2067	Heart development					
WP207	Nucleotide GPCRs					
WP2074	Neural crest differentiation					
WP2075	Alzheimer's disease					
WP2079	Serotonin receptor 2 and STAT3 signaling					
WP208	Notch signaling pathway					
WP2084	SREBF and miR33 in cholesterol and lipid homeostasis					
WP209	Fatty acid beta-oxidation meta-pathway					
WP210	Cytoplasmic ribosomal proteins					
WP2108	Flower development: initiation					
WP211	BMP signaling pathway					
WP2112	IL-17 signaling pathway					
WP2113	Type III interferon signaling					
WP2118	Arrhythmogenic right ventricular cardiomyopathy					
WP212	Triacylglyceride synthesis					
WP2132	Serotonin and anxiety					
WP214	Pyruvate dehydrogenase pathway					
WP2140	Serotonin and anxiety-related events					
WP2141	Serotonin and anxiety					
WP2148	Brain derived neurotrophic factor					
WP215	Non-canonical Wnt pathway					
WP2152	BDNF pathway					
WP217	Nuclear receptors					
WP218	Serine and glycine biosynthesis					
WP2185	Purine metabolism					
WP219	Cytoplasmic tRNA synthetases					
WP2197	Endothelin pathways					
WP22	IL-9 signaling pathway					
WP220	Ribose and deoxyribose phosphate metabolism					
WP2203	Thymic stromal lymphopoietin (TSLP) signaling pathway					
WP222	Cytokines and inflammatory response					
WP2224	Ascaroside biosynthesis					
WP224	Aerobic glycerol catabolism					
WP2249	Metastatic brain tumor					
WP2253	Pilocytic astrocytoma					
WP2261	Glioblastoma signaling pathways					
WP2263	Androgen receptor network in prostate cancer					
WP2267	Synaptic vesicle pathway					
WP227	Osteoblast signaling					
WP2271	Macrophage markers					
WP2272	Pathogenic Escherichia coli infection					
WP2276	Glial cell differentiation					
WP2279	Seed development					
WP228	Deoxyribose phosphate metabolism					
WP2289	Drug induction of bile acid pathway					
WP229	Irinotecan pathway					
WP2290	RalA downstream regulated genes					
WP2291	Deregulation of Rab and Rab effector genes in bladder cancer					
WP2292	Chemokine signaling pathway					
WP2293	Biosynthesis and regulation of nematode bile acids					
WP23	B cell receptor signaling pathway					
WP231	TNF-alpha signaling pathway					
WP2316	PPAR signaling pathway					
WP2318	Fatty acid oxidation					
WP232	G protein signaling pathways					
WP2324	AGE/RAGE pathway					
WP2328	Allograft rejection					
WP2332	Interleukin-11 signaling pathway					
WP2333	Trans-sulfuration pathway					
WP2338	miRNA biogenesis					
WP234	GPCRs, peptide					
WP2355	Corticotropin-releasing hormone signaling pathway					
WP2357	Heterchronic control of molting					
WP2359	Parkin-ubiquitin proteasomal system pathway					
WP236	Adipogenesis					
WP2361	Gastric cancer network 1					
WP2363	Gastric cancer network 2					
WP2366	Butyrate-induced histone acetylation					
WP2369	Histone modifications					
WP2371	Parkinson's disease pathway					
WP2374	Oncostatin M signaling pathway					
WP2375	miRNAs and TFs in iPS Cell Generation					
WP2376	Nuclear factor, erythroid-derived 2, like 2 signaling pathway					
WP238	Osteoblast signaling					
WP2380	Brain-derived neurotrophic factor (BDNF) signaling pathway					
WP24	Peptide GPCRs					
WP240	Alanine and aspartate metabolism					
WP2406	Cardiac progenitor differentiation					
WP241	One-carbon metabolism					
WP2431	Spinal cord injury					
WP2432	Spinal cord injury					
WP2433	Spinal cord injury					
WP2435	Quercetin and Nf-kB / AP-1 induced apoptosis					
WP2436	Dopamine metabolism					
WP244	Alpha 6 beta 4 signaling pathway					
WP2446	Retinoblastoma gene in cancer					
WP2447	Amyotrophic lateral sclerosis (ALS)					
WP2453	TCA cycle and deficiency of pyruvate dehydrogenase complex (PDHc)					
WP2456	HIF1A and PPARG regulation of glycolysis					
WP247	Small ligand GPCRs					
WP2485	NAD biosynthesis II (from tryptophan)					
WP2491	Diclofenac metabolic pathway					
WP25	Fatty acid beta-oxidation 3					
WP2507	Nanomaterial induced apoptosis					
WP2509	Nanoparticle triggered autophagic cell death					
WP251	Mapk cascade					
WP2513	Nanoparticle triggered regulated necrosis					
WP2516	ATM signaling pathway					
WP2525	Trans-sulfuration, one-carbon metabolism and related pathways					
WP2526	PDGF pathway					
WP253	Glycolysis					
WP2533	Glycerophospholipid biosynthetic pathway					
WP2536	Colchicine metabolic pathway					
WP254	Apoptosis					
WP2541	Sulindac metabolic pathway					
WP2542	Sulindac metabolic pathway					
WP256	Cysteine biosynthesis from homoserine					
WP2562	Relationship between glutathione and NADPH					
WP2569	RTK/Ras/MAPK -  LET-23, EGL-15 independent					
WP257	Starch and cellulose biosynthesis					
WP2572	Primary focal segmental glomerulosclerosis (FSGS)					
WP2573	Primary focal segmental glomerulosclerosis (FSGS)					
WP2578	ER stress-unfolded protein response (UPRer)					
WP2579	Cadmium and glutathione					
WP2583	T cell receptor and co-stimulatory signaling					
WP2586	Aryl hydrocarbon receptor pathway					
WP2587	Chicken limb development					
WP2596	Gastric acid production					
WP2597	Secretion of hydrochloric acid in parietal cells					
WP26	S1P receptor signal transduction					
WP260	Glucose-1-phosphate metabolism					
WP261	Glycine biosynthesis					
WP262	Ebstein-Barr virus LMP1 signaling					
WP2621	Glycolysis					
WP2622	Starch metabolism					
WP2623	Sucrose metabolism					
WP2624	TCA cycle (Krebs cycle)					
WP2633	Pto kinase mediated signaling pathway leading to the oxidative burst in tomato					
WP2634	Brassinolide biosynthetic pathway					
WP2636	Common pathways underlying drug addiction					
WP2637	Interleukin-1 (IL-1) structural pathway					
WP264	Acetylcholine synthesis					
WP2640	Aripiprazole metabolic pathway					
WP2643	Nanoparticle-mediated activation of receptor signaling					
WP2645	Heroin metabolism					
WP2646	Lidocaine metabolism					
WP265	Delta-Notch signaling pathway					
WP266	Triglyceride biosynthesis					
WP268	Notch signaling					
WP269	Heme biosynthesis					
WP27	Phenylalanine, tyrosine, and tryptophan biosynthesis					
WP270	Tryptophan metabolism					
WP272	Blood clotting cascade					
WP273	Ovarian infertility					
WP275	Arginine biosynthesis					
WP276	Monoamine GPCRs					
WP278	Matrix metalloproteinases					
WP2795	Cardiac hypertrophic response					
WP280	Carbon monoxide dehydrogenase pathway					
WP2805	exRNA mechanism of action and biogenesis					
WP2806	Complement system					
WP281	Proteasome degradation					
WP2811	mir219 in oligodendrocyte differentiation and myelination					
WP2813	Mammary gland development pathway - Embryonic development (Stage 1 of 4)					
WP2814	Mammary gland development pathway - Puberty (Stage 2 of 4)					
WP2815	Mammary gland development pathway - Involution (Stage 4 of 4)					
WP2816	Felbamate metabolism					
WP2817	Mammary gland development pathway - Pregnancy and lactation (Stage 3 of 4)					
WP282	Pentose phosphate pathway					
WP2826	Cocaine metabolism					
WP2828	Bladder cancer					
WP2839	Hair follicle development: organogenesis - part 2 of 3					
WP2840	Hair follicle development: cytodifferentiation - part 3 of 3					
WP2841	Focal adhesion: PI3K-Akt-mTOR signaling pathway					
WP2846	PCSK9-mediated LDL receptor degradation					
WP2848	Pluripotent stem cell differentiation pathway					
WP2849	Hematopoietic stem cell differentiation					
WP2851	Ethylene signaling pathway					
WP2852	Gene regulatory network modelling somitogenesis 					
WP2853	Endoderm differentiation					
WP2854	Gene regulatory network modelling somitogenesis 					
WP2855	Dopaminergic neurogenesis					
WP2857	Mesodermal commitment pathway					
WP2858	Ectoderm differentiation					
WP2859	Primary carbon metabolism					
WP286	IL-3 signaling pathway					
WP2860	Calvin cycle					
WP2861	Chloroplast electron transport chain					
WP2862	Glycolysis					
WP2863	Krebs cycle					
WP2864	Apoptosis-related network due to altered Notch3 in ovarian cancer					
WP2865	IL1 and megakaryocytes in obesity					
WP2868	TCA cycle nutrient use and invasiveness of ovarian cancer					
WP2869	Nutrient control of ribosomal gene expression					
WP287	Upiquinone Q prenylation					
WP2870	Extracellular vesicle-mediated signaling in recipient cells					
WP2872	White fat cell differentiation					
WP2873	Aryl hydrocarbon receptor pathway					
WP2874	Liver X receptor pathway					
WP2875	Constitutive androstane receptor pathway					
WP2876	Pregnane X receptor pathway					
WP2877	Vitamin D receptor pathway					
WP2878	PPAR-alpha pathway					
WP2879	Farnesoid X receptor pathway					
WP288	Nod-like receptor (NLR) signaling pathway					
WP2880	Glucocorticoid receptor pathway					
WP2881	Estrogen receptor pathway					
WP2882	Nuclear receptors meta-pathway					
WP2884	NRF2 pathway					
WP2888	Wnt signaling - Q neuroblast migration					
WP2889	Oxytocin signaling					
WP289	Myometrial relaxation and contraction pathways					
WP2890	Growth hormone (GH) signaling					
WP2891	Growth hormone receptor (GHR) signaling					
WP2892	IGF-1 signaling					
WP2895	Differentiation of white and brown adipocyte					
WP29	Notch signaling pathway					
WP290	Polyamine biosynthesis					
WP2901	Gonadotropin-releasing hormone (GnRH) signaling 					
WP2902	p53 signaling					
WP2904	miR302-367 promoting cardiomyocyte proliferation					
WP2908	Iron metabolism in placenta					
WP2910	Mecp2 and associated Rett syndrome					
WP2911	miRNA targets in ECM and membrane receptors					
WP2912	Vascular smooth muscle contraction					
WP2915	Role of lipid metabolism					
WP2916	Interactome of polycomb repressive complex 2 (PRC2) 					
WP2928	miR-222 in exercise-induced cardiac growth					
WP294	p38 Mapk signaling pathway					
WP2941	Polar auxin transport					
WP2942	DDX1 as a regulatory component of the Drosha microprocessor					
WP2943	Hypoxia-mediated EMT and stemness					
WP2944	Cytokinin signaling					
WP2945	Cytokinin-auxin interactions in plant development					
WP295	Electron transport chain					
WP296	TCA cycle - detailed					
WP297	IL-7 signaling pathway					
WP298	G13 signaling pathway					
WP299	Nuclear receptors in lipid metabolism and toxicity					
WP3	Transcriptional activation by NRF2 in response to phytochemicals					
WP300	Histone modifications					
WP301	Tryptophan degradation					
WP302	Proteasome degradation					
WP303	Prostaglandin synthesis and regulation					
WP304	Kit receptor signaling pathway					
WP305	Glucocorticoid metabolism					
WP306	Focal adhesion					
WP307	Translation factors					
WP310	mRNA processing					
WP3114	Cori cycle					
WP3115	Serotonin receptor 2 and STAT3 signaling					
WP3117	Type II diabetes mellitus					
WP3118	Monoamine transport					
WP312	Pentose phosphate pathway					
WP3120	Folate-alcohol and cancer pathway					
WP3122	Pilocytic astrocytoma					
WP3123	Histone modifications					
WP3124	AGE/RAGE pathway					
WP3126	Apoptosis-related network due to altered Notch3 in ovarian cancer					
WP3127	Cardiac progenitor differentiation					
WP313	Hepatocyte growth factor receptor signaling					
WP3130	SIDS susceptibility pathways					
WP3131	Constitutive androstane receptor pathway					
WP3132	Regulation of toll-like receptor signaling pathway					
WP3134	Mitochondrial gene expression					
WP3136	Interactome of polycomb repressive complex 2 (PRC2) 					
WP3137	SREBF and miR33 in cholesterol and lipid homeostasis					
WP3138	Serotonin transporter activity					
WP3139	Gastric cancer network 2					
WP314	Fas ligand pathway and stress induction of heat shock proteins					
WP3140	miRNA biogenesis					
WP3141	BDNF signaling pathway					
WP3142	Glycine metabolism					
WP3145	Trans-sulfuration pathway					
WP3146	Peroxisomal beta-oxidation of tetracosanoyl-CoA					
WP3147	NOD pathway					
WP3148	Apoptosis modulation and signaling					
WP3149	TCA cycle and deficiency of pyruvate dehydrogenase complex (PDHc)					
WP3150	Sulindac metabolic pathway					
WP3151	Semaphorin interactions					
WP3152	Diclofenac metabolic pathway					
WP3154	AMPK signaling					
WP3155	Dopamine metabolism					
WP3156	Osteopontin signaling					
WP3157	Pathogenic Escherichia coli infection					
WP3158	FSH signaling pathway					
WP3159	Interleukin-11 signaling pathway					
WP316	Striated muscle contraction					
WP3160	IL1 and megakaryotyces in obesity					
WP3161	Extracellular vesicle-mediated signaling in recipient cells					
WP3162	Vitamin D metabolism					
WP3163	Estrogen receptor pathway					
WP3164	RNA interference					
WP3165	Neurotransmitter clearance in synaptic cleft					
WP3166	Gastric cancer network 1					
WP3167	Quercetin and Nf-kB / AP-1 induced cell apoptosis					
WP3168	Biogenic amine synthesis					
WP317	Glycogen metabolism					
WP3171	Deregulation of Rab and Rab effector genes in bladder cancer					
WP3173	Type III interferon signaling					
WP3174	Hematopoietic stem cell differentiation					
WP3176	IL-17 signaling pathway					
WP3177	Microtubule cytoskeleton regulation					
WP3178	Interleukin-1 (IL-1) structural pathway					
WP3179	Nicotine activity on dopaminergic neurons					
WP318	Eicosanoid synthesis					
WP3182	Effects of nitric oxide					
WP3183	Mesodermal commitment pathway					
WP3184	Angiogenesis					
WP3185	Nicotine metabolism					
WP3186	Spinal cord injury					
WP3189	Felbamate metabolism					
WP319	IL-3 signaling pathway					
WP3190	NRF2 pathway					
WP3191	TSLP signaling pathway					
WP3192	Neurotransmitter release cycle					
WP3193	Vitamin B12 metabolism					
WP3194	SREBP signaling					
WP3195	Arrhythmogenic right ventricular cardiomyopathy					
WP3196	Dopaminergic neurogenesis					
WP3197	Focal adhesion					
WP3198	Glycerophospholipid biosynthetic pathway					
WP3199	Parkin-ubiquitin proteasomal system pathway					
WP32	Translation factors					
WP3200	PDGF pathway					
WP3202	Cell differentiation - index					
WP3203	Glial cell differentiation					
WP3204	Hydrochloric acid secretion in parietal cells					
WP3205	Aryl hydrocarbon receptor pathway					
WP3206	Retinoblastoma gene in cancer					
WP3207	Glutathione metabolism					
WP3208	Ectoderm differentiation					
WP3209	Arylhydrocarbon receptor (AhR) signaling pathway					
WP321	Nucleotide metabolism					
WP3210	Glucuronidation					
WP3211	Nucleotide metabolism					
WP3212	Membrane trafficking					
WP3213	Interferon type I signaling pathways					
WP3214	Influenza A virus infection					
WP3216	Gene regulatory network modelling somitogenesis 					
WP3217	Iron uptake and transport					
WP3219	Ganglio sphingolipid metabolism					
WP322	Osteoblast signaling					
WP3221	ATM signaling pathway					
WP3222	Oxytocin signaling					
WP3223	Differentiation pathway					
WP3224	Synaptic vesicle pathway					
WP3226	Aryl hydrocarbon receptor					
WP3227	Thyroid stimulating hormone (TSH) signaling pathway					
WP3228	NAD biosynthesis II from tryptophan					
WP3230	Exercise-induced circadian regulation					
WP3231	Senescence and autophagy in cancer					
WP3232	Sphingolipid metabolism					
WP3233	Primary focal segmental glomerulosclerosis (FSGS)					
WP3234	Sulfation biotransformation reaction					
WP3236	TWEAK signaling pathway					
WP3237	Thyroxine (thyroid hormone) production					
WP324	Cytoplasmic ribosomal proteins					
WP3240	Endoderm differentiation					
WP3241	DDX1 as a regulatory component of the Drosha microprocessor					
WP3242	Serotonin receptor 2 and ELK-SRF / GATA4 signaling					
WP3243	Amyotrophic lateral sclerosis (ALS)					
WP3244	Integrated cancer pathway					
WP3245	Urea cycle and metabolism of amino groups					
WP3246	Endothelin pathways					
WP3247	Aflatoxin B1 metabolism					
WP3248	Tryptophan metabolism					
WP3249	Butyrate-induced histone acetylation					
WP325	Triacylglyceride synthesis					
WP3250	Cardiac hypertrophic response					
WP3251	Blood clotting cascade					
WP3252	TCA cycle nutrient use and invasiveness of ovarian cancer					
WP3253	Drug induction of bile acid pathway					
WP3254	Lidocaine metabolism					
WP3255	Nicotine activity on chromaffin cells					
WP3256	Target of rapamycin (TOR) signaling					
WP3257	Selenium micronutrient network					
WP3259	Metastatic brain tumor					
WP3262	Alanine and aspartate metabolism					
WP3263	Benzo(a)pyrene metabolism					
WP3264	Tamoxifen metabolism					
WP3265	Corticotropin-releasing hormone					
WP3268	RalA downstream regulated genes					
WP327	GPCRs, class C metabotropic glutamate, pheromone					
WP3270	Codeine and morphine metabolism					
WP3271	IL-1 signaling pathway					
WP3272	Serotonin receptor 4/6/7 and NR3C signaling					
WP3273	Neural crest differentiation					
WP3274	Leptin signaling pathway					
WP3275	Fluoropyrimidine activity					
WP3276	Myometrial relaxation and contraction pathways					
WP3277	Oncostatin M signaling pathway					
WP3278	Globo sphingolipid metabolism					
WP328	Allantoin degradation					
WP3280	Heart development					
WP3281	Catalytic cycle of mammalian FMOs					
WP3282	T cell receptor and co-stimulatory signaling					
WP3286	Copper homeostasis					
WP3287	Overview of nanoparticle effects					
WP3297	EV release from cardiac cells and their functional effects					
WP3298	Melatonin metabolism and effects					
WP3299	let-7 inhibition of ES cell reprogramming					
WP33	Fatty acid omega-oxidation					
WP3300	Dual hijack model of Vif in HIV infection					
WP3301	MFAP5-mediated ovarian cancer cell motility and invasiveness					
WP3302	eIF5A regulation in response to inhibition of the nuclear export system					
WP3303	RAC1/PAK1/p38/MMP2 pathway					
WP331	Threonine biosynthesis					
WP332	RuMP cycle, oxidative branch of the pentose phosphate pathway and formaldehyde assimilation					
WP334	GPCRs, class B secretin-like					
WP336	Fatty acid biosynthesis					
WP339	ESC pluripotency pathways					
WP34	Ovarian infertility					
WP3407	FTO obesity variant mechanism					
WP3408	Evolocumab mechanism to reduce LDL cholesterol					
WP341	Nodal signaling pathway					
WP3413	NOTCH1 regulation of endothelial cell calcification					
WP3414	Initiation of transcription and translation elongation at the HIV-1 LTR					
WP345	Glycine degradation					
WP346	Protein modifications					
WP347	TCA cycle					
WP348	G1 to S cell cycle control					
WP349	Synthesis and degradation of ketone bodies					
WP35	G protein signaling pathways					
WP350	p38 Mapk signaling pathway					
WP351	Regulation of actin cytoskeleton					
WP3527	Pre-implantation embryo					
WP3529	Zinc homeostasis					
WP353	GPCRs, small ligand					
WP354	Leucine degradation					
WP355	IL-1 signaling pathway					
WP357	Fatty acid biosynthesis					
WP358	MAPK signaling pathway					
WP3580	Methionine de novo and salvage pathway					
WP3584	MECP2 and associated Rett syndrome					
WP3585	Cytosine methylation					
WP359	Isoleucine and valine biosynthesis					
WP3591	Sleep regulation					
WP3592	ApoE and miR-146 in inflammation and atherosclerosis					
WP3593	MicroRNA for targeting cancer growth and vascularization in glioblastoma					
WP3594	Circadian rhythm genes					
WP3595	mir-124 predicted interactions with cell cycle and differentiation 					
WP3596	miR-517 relationship with ARCN1 and USP1					
WP3599	Transcription factor regulation in adipogenesis					
WP36	De novo biosynthesis of pyrimidine deoxyribonucleotides					
WP360	Acetylcholine synthesis					
WP3601	Lipid particles composition					
WP361	Xylulose-monophosphate cycle					
WP3611	Photodynamic therapy-induced AP-1 survival signaling					
WP3612	Photodynamic therapy-induced NFE2L2 (NRF2) survival signaling					
WP3613	Photodynamic therapy-induced unfolded protein response					
WP3614	Photodynamic therapy-induced HIF-1 survival signaling					
WP3617	Photodynamic therapy-induced NF-kB survival signaling					
WP3624	Lung fibrosis					
WP3625	Tyrobp causal network in microglia					
WP3626	Microglia pathogen phagocytosis pathway					
WP3627	Gut-liver indole metabolism 					
WP3628	Intracellular auxin transport					
WP363	Wnt signaling pathway					
WP3630	NAD metabolism, sirtuins and aging					
WP3632	Lung fibrosis					
WP3633	Caffeine and theobromine metabolism					
WP3634	Insulin signaling in adipocytes (normal condition)					
WP3635	Insulin signaling in adipocytes (diabetic condition)					
WP3638	Parkinson's disease					
WP364	IL6 signaling pathway					
WP3640	Imatinib and chronic myeloid leukemia					
WP3644	NAD+ metabolism					
WP3645	NAD+ biosynthetic pathways					
WP3646	Hepatitis C and hepatocellular carcinoma					
WP3648	Crystal toxin triggered necrosis pathway					
WP3649	Wnt myofibroblastic activation of hepatic stellate cells					
WP3650	Acetate mediated promotion of metabolic syndrome					
WP3651	Pathways affected in adenoid cystic carcinoma					
WP3652	EDA signaling in hair follicle development					
WP3653	Equilibrium signaling pathway of differentiated cells					
WP3654	Novel Jun-Dmp1 pathway					
WP3655	Hypothetical craniofacial development pathway					
WP3656	Interleukin-1 induced activation of NF-kB					
WP3657	Hematopoietic stem cell gene regulation by GABP alpha/beta complex					
WP3658	Wnt/beta-catenin signaling pathway in leukemia					
WP3660	Humoral immune response to fungal and bacterial pathogens					
WP3661	Genetic interactions between sugar and hormone signaling					
WP3662	Phytochrome signaling pathway to turn on photomorphogenesis					
WP3663	BMP signaling pathway in eyelid development					
WP3664	Regulation of Wnt / B-catenin signaling by small molecule compounds					
WP3666	Metabolism of dichloroethylene by CYP450					
WP3668	Hypothesized pathways in pathogenesis of cardiovascular disease					
WP3670	Interactions between LOXL4 and oxidative stress pathway					
WP3672	lncRNA-mediated mechanisms of therapeutic resistance					
WP3673	Hfe effect on hepcidin production					
WP3674	Tgif disruption of Shh signaling					
WP3675	Factors and pathways affecting insulin-like growth factor (IGF1)-Akt signaling					
WP3676	BDNF-TrkB signaling					
WP3678	Amplification and expansion of oncogenic pathways as metastatic traits					
WP3679	Cell-type dependent selectivity of CCK2R signaling					
WP368	Mitochondrial long chain fatty acid beta-oxidation					
WP3680	Physico-chemical features and toxicity-associated pathways					
WP369	Pentose phosphate pathway					
WP37	IL-1 signaling pathway					
WP370	Sphingolipid metabolism					
WP372	Beta-oxidation meta-pathway					
WP373	IL-3 signaling pathway					
WP374	Prostaglandin synthesis and regulation					
WP375	Wnt signaling pathway					
WP376	Renin-angiotensin system					
WP377	Meiotic recombination genes					
WP378	GPCRs, class B secretin-like					
WP379	Pentose pathway, non-oxidative branch					
WP38	Fatty acid biosynthesis					
WP380	Fatty acid elongation, saturated					
WP381	Riboflavin, FMN, and FAD biosynthesis					
WP382	MAPK signaling pathway					
WP383	Striated muscle contraction pathway					
WP3830	Toll, IMD, JAK/STAT pathways for immune response to pathogens					
WP384	Apoptosis modulation by HSP70					
WP3844	PI3K-AKT-mTOR signaling pathway and therapeutic opportunities in prostate cancer					
WP3845	Canonical and non-canonical Notch signaling					
WP3849	MAPK and NFkB signaling pathways inhibited by Yersinia YopJ					
WP385	Myometrial relaxation and contraction pathways					
WP3850	Factors and pathways affecting insulin-like growth factor (IGF1)-Akt signaling					
WP3851	TLR4 signaling and tolerance					
WP3853	ERK pathway in Huntington's disease					
WP3855	Dysregulated miRNA targeting in insulin/PI3K-AKT signaling					
WP3857	Wnt signaling in kidney disease					
WP3858	Toll-like receptor signaling related to MyD88					
WP3859	TGF-beta signaling in thyroid cells for epithelial-mesenchymal transition					
WP386	Triacylglyceride synthesis					
WP3860	Glucose sensing and signaling					
WP3863	T-cell antigen receptor (TCR) pathway during Staphylococcus aureus infection					
WP3864	Robo4 and VEGF signaling pathways crosstalk					
WP3865	Novel intracellular components of RIG-I-like receptor pathway					
WP3869	Cannabinoid receptor signaling					
WP387	IL-6 signaling pathway					
WP3871	Valproic acid pathway					
WP3872	Regulation of apoptosis by parathyroid hormone-related protein					
WP3873	RIOK1 and RIOK2 in EGFR- and PI3K-mediated tumorigenesis					
WP3874	Canonical and non-canonical TGF-B signaling					
WP3875	ATR signaling					
WP3876	BMP2-WNT4-FOXO1 pathway in primary endometrial stromal cell differentiation					
WP3877	MYD88 distinct input-output pathway					
WP3878	ATM signaling in development and disease 					
WP3879	4-hydroxytamoxifen, dexamethasone, and retinoic acids regulation of p27 expression					
WP3881	Proximal tubule transporters					
WP3882	Thick ascending limb transporters					
WP3887	Angiotensin II signaling (acute) in thick ascending limbs					
WP3888	VEGFA-VEGFR2 signaling					
WP3890	Nanomaterial-induced inflammasome activation					
WP3891	Benzene metabolism					
WP3892	Development of pulmonary dendritic cells and macrophage subsets					
WP3893	Development and heterogeneity of the ILC family					
WP3894	Fructose metabolism in proximal tubules					
WP39	Fatty acid beta-oxidation 1					
WP390	Serine-isocitrate lyase pathway					
WP3901	Lipid droplet metabolism					
WP391	Mitochondrial gene expression					
WP3915	Angiopoietin-like protein 8 regulatory pathway					
WP3916	Hexoses metabolism in proximal tubules					
WP3924	Hfe effect on hepcidin production					
WP3925	Amino acid metabolism					
WP3926	ApoE and miR-146 in inflammation and atherosclerosis					
WP3927	BMP signaling in eyelid development					
WP3929	Chemokine signaling pathway					
WP3930	EDA signaling in hair follicle development					
WP3931	Embryonic stem cell pluripotency pathways					
WP3932	Focal adhesion: PI3K-Akt-mTOR-signaling pathway					
WP3933	Kennedy pathway from sphingolipids					
WP3934	Leptin and adiponectin					
WP3935	Leptin-insulin signaling overlap					
WP3937	Microglia pathogen phagocytosis pathway					
WP3938	miR-222 in exercise-induced cardiac growth					
WP3941	Oxidative damage response					
WP3942	PPAR signaling pathway					
WP3943	Robo4 and VEGF signaling pathways crosstalk					
WP3944	Serotonin and anxiety-related events					
WP3945	TYROBP causal network in microglia					
WP3947	Serotonin and anxiety					
WP395	IL-4 signaling pathway					
WP3953	mRNA, protein, and metabolite inducation pathway by cyclosporin A					
WP3958	GPR40 pathway					
WP3959	DNA IR-double strand breaks and cellular response via ATM					
WP396	ACE inhibitor pathway					
WP3963	Mevalonate pathway					
WP3965	Lipid metabolism pathway					
WP3967	miR-509-3p alteration of YAP1/ECM axis					
WP3969	H19 action Rb-E2F1 signaling and CDK-Beta-catenin activity					
WP397	ID signaling pathway					
WP3971	OSX and miRNAs in tooth development					
WP3972	PDGFR-beta pathway					
WP3979	mir-193a and MVP in colon cancer metastasis					
WP398	Trehalose anabolism					
WP3981	miRNA regulation of prostate cancer signaling pathways					
WP3982	miRNA regulation of p53 pathway in prostate cancer					
WP399	Wnt signaling pathway and pluripotency					
WP3991	miR-127 in mesendoderm differentiation					
WP3992	Effect of L-carnitine on metabolism					
WP3995	Prion disease pathway					
WP3996	Ethanol effects on histone modifications					
WP3998	Prader-Willi and Angelman syndrome					
WP40	Inflammatory response pathway					
WP400	p38 MAPK signaling pathway					
WP4008	NO/cGMP/PKG mediated neuroprotection					
WP401	Mitochondrial long chain fatty acid beta-oxidation					
WP4016	DNA IR-damage and cellular response via ATR					
WP4018	Clear cell renal cell carcinoma pathways					
WP402	ERK1-ERK2 MAPK cascade					
WP4020	PPAR signaling pathway					
WP4021	Model of Fgf and Wnt crosstalk in tailbud 					
WP4022	Pyrimidine metabolism					
WP403	Wnt signaling pathway					
WP4030	SCFA and skeletal muscle substrate metabolism					
WP405	Eukaryotic transcription initiation					
WP406	Mitochondrial long chain fatty acid beta-oxidation					
WP407	Kit receptor signaling pathway					
WP408	Oxidative stress response					
WP409	GPCRs, other					
WP41	GPCRs, other					
WP410	Exercise-induced circadian regulation					
WP411	mRNA processing					
WP412	Oxidative stress response					
WP413	G1 to S cell cycle control					
WP4136	Fibrin complement receptor 3 signaling pathway					
WP414	Cell cycle and cell division					
WP4141	PI3K/AKT/mTOR - vitamin D3 signaling					
WP4142	Metabolism of sphingolipids in ER and Golgi apparatus					
WP4146	Macrophage markers					
WP4147	PTF1A related regulatory pathway					
WP4148	Splicing factor NOVA regulated synaptic proteins					
WP4149	White fat cell differentiation					
WP4150	Wnt signaling in kidney disease					
WP4153	Degradation pathway of sphingolipids, including diseases					
WP4155	Endometrial cancer					
WP4156	Biosynthesis and regeneration of tetrahydrobiopterin and catabolism of phenylalanine					
WP4157	GABA metabolism (aka GHB)					
WP4159	GABA receptor signaling					
WP416	Histidine, purine, and pyrimidine superpathway					
WP4172	PI3K-Akt signaling pathway					
WP4173	Sulfate assimilation and copper detoxification					
WP4174	Metabolism of tetrahydrocannabinol (THC)					
WP418	Beta-oxidation of unsaturated fatty acids					
WP4183	Distal convoluted tubule 1 (DCT1) cell					
WP4186	Somatroph axis (GH) and its relationship to dietary restriction and aging					
WP4189	Mevalonate arm of cholesterol biosynthesis pathway with inhibitors					
WP4190	Mevalonate arm of cholesterol biosynthesis pathway					
WP4191	Caloric restriction and aging					
WP4194	Hormonal control of pubertal growth spurt					
WP4197	Immune response to tuberculosis					
WP42	GPCRs, class C metabotropic glutamate, pheromone					
WP4204	Tumor suppressor activity of SMARCB1					
WP4205	MET in type 1 papillary renal cell carcinoma					
WP4206	Hereditary leiomyomatosis and renal cell carcinoma pathway					
WP4210	Tryptophan catabolism leading to NAD+ production					
WP4211	Transcriptional cascade regulating adipogenesis					
WP4216	Chromosomal and microsatellite instability in colorectal cancer 					
WP4217	Ebola virus infection in host					
WP422	MAPK cascade					
WP4220	Neurotransmitter disorders					
WP4222	Phosphodiesterases in neuronal function					
WP4223	Ras signaling					
WP4224	Purine metabolism and related disorders					
WP4225	Pyrimidine metabolism and related diseases					
WP4228	Vitamin B6-dependent and responsive disorders					
WP4229	Insulin induced PI3K-Akt and MAPK in hepatocytes					
WP423	Threonine and methionine biosynthesis					
WP4231	CRD motif and sFRPs influence on Wnt signaling					
WP4232	Biosynthesis of gamma-aminobutyric acid (GABA) by polyamine oxidation					
WP4233	Acrylamide biotransformation and exposure biomarkers					
WP4236	Krebs cycle disorders					
WP4238	Flavan-3-ol metabolic pathway					
WP4239	Epithelial to mesenchymal transition in colorectal cancer					
WP4240	Regulation of sister chromatid separation at the metaphase-anaphase transition					
WP4241	Type 2 papillary renal cell carcinoma					
WP4249	Hedgehog signaling pathway					
WP425	Eukaryotic transcription initiation					
WP4255	Non-small cell lung cancer					
WP4258	lncRNA in canonical Wnt signaling and colorectal cancer					
WP4259	Disorders of folate metabolism and transport					
WP4262	Breast cancer pathway					
WP4263	Pancreatic adenocarcinoma pathway					
WP4265	Ethanol metabolism resulting in production of ROS by CYP2E1					
WP4268	Ethanol metabolism resulting in production of ROS by CYP2E1					
WP4269	Ethanol metabolism production of ROS by CYP2E1					
WP427	Ketone bodies synthesis and degradation					
WP4271	Vitamin B12 disorders					
WP428	Wnt signaling					
WP4284	Ultraconserved region 339 modulation of tumor suppressor microRNAs in cancer					
WP4288	MTHFR deficiency					
WP4290	Metabolic reprogramming in colon cancer					
WP4292	Methionine metabolism leading to sulfur amino acids and related disorders					
WP4297	Thiamine metabolic pathways					
WP4298	Acute viral myocarditis					
WP4299	Lamin A-processing pathway					
WP43	Oxidation by cytochrome P450					
WP430	Statin inhibition of cholesterol production					
WP4300	Extracellular vesicles in the crosstalk of cardiac cells					
WP4301	Inhibition of exosome biogenesis and secretion by Manumycin A in CRPC cells					
WP4304	Oligodendrocyte specification and differentiation, leading to myelin components for CNS					
WP431	Nuclear receptors in lipid metabolism and toxicity					
WP4312	Rett syndrome causing genes					
WP4313	Ferroptosis					
WP4316	miRNA degrading enzymes					
WP4317	Mitochondrial fatty acid synthesis pathway					
WP432	Asparagine degradation					
WP4320	Effect of progerin on genes involved in Hutchinson-Gilford progeria syndrome					
WP4321	Thermogenesis					
WP4324	Mitochondrial complex I assembly model OXPHOS system					
WP4329	miRNA role in immune response in sepsis					
WP4331	Neovascularisation processes					
WP4335	Eicosanoid lipid synthesis map					
WP4336	ncRNAs involved in Wnt signaling in hepatocellular carcinoma					
WP4337	ncRNAs involved in STAT3 signaling in hepatocellular carcinoma					
WP434	TCA cycle					
WP4341	Non-genomic actions of 1,25 dihydroxyvitamin D3					
WP4342	Vitamins A and D - action mechanisms					
WP4344	Sphingolipid metabolism overview					
WP4345	Glycerolipids and glycerophospholipids					
WP4346	Cholesterol metabolism with Bloch and Kandutsch-Russell pathways					
WP4347	Eicosanoid metabolism via cyclooxygenases (COX)					
WP4348	Eicosanoid metabolism via lipoxygenases (LOX)					
WP4349	Eicosanoid metabolism via cytochrome P450 monooxygenases					
WP435	One-carbon metabolism					
WP4350	Omega-3 / omega-6 fatty acid synthesis					
WP4351	Omega-9 fatty acid synthesis					
WP4352	Ciliary landscape					
WP4357	NRF2-ARE regulation					
WP436	Glycogen metabolism					
WP437	EGF/EGFR signaling pathway					
WP438	Non-homologous end joining					
WP4389	Bile acids synthesis and enterohepatic circulation 					
WP439	Insulin signaling					
WP4396	Nonalcoholic fatty liver disease					
WP4397	Model for regulation of MSMP expression in cancer cells and its proangiogenic role in ovarian tumors					
WP4398	PDGFR-alpha and STMN1 cooperate to exacerbate cytotoxic effects of vinblastine					
WP4399	MicroRNA network associated with chronic lymphocytic leukemia					
WP44	IL-5 signaling pathway					
WP4400	FABP4 in ovarian cancer					
WP441	Matrix metalloproteinases					
WP442	Hypertrophy model					
WP445	G1 to S cell cycle control					
WP4462	Platelet-mediated interactions with vascular and circulating cells					
WP4466	Oxidative stress and redox pathway					
WP447	Adipogenesis genes					
WP4474	Circulating monocytes and cardiac macrophages in diastolic dysfunction					
WP4478	LTF danger signal response pathway					
WP4479	Supression of HMGB1 mediated inflammation by THBD					
WP448	Mitochondrial long chain fatty acid beta-oxidation					
WP4480	Altered glycosylation of MUC1 in tumor microenvironment					
WP4481	Resistin as a regulator of inflammation					
WP4482	Vitamin D in inflammatory diseases					
WP4483	Relationship between inflammation, COX-2 and EGFR					
WP4484	Control of immune tolerance by vasoactive intestinal peptide					
WP4491	Elongation of (very) long chain fatty acids					
WP4493	Cells and molecules involved in local acute inflammatory response 					
WP4494	Selective expression of chemokine receptors during T-cell polarization					
WP4495	IL-10 anti-inflammatory signaling pathway 					
WP4496	Signal transduction through IL1R					
WP45	G1 to S cell cycle control					
WP450	IL-2 signaling pathway					
WP4504	Cysteine and methionine catabolism					
WP4506	Tyrosine metabolism and related disorders					
WP4507	Molybdenum cofactor (Moco) biosynthesis					
WP451	DNA replication					
WP4518	Gamma-glutamyl cycle for the biosynthesis and degradation of glutathione, including diseases					
WP4519	Cerebral organic acidurias, including diseases					
WP452	Tryptophan degradation via kynurenine					
WP4521	Glycosylation and related congenital defects					
WP4522	Metabolic pathway of LDL, HDL and TG, including diseases					
WP4523	Classical pathway of steroidogenesis with glucocorticoid and mineralocorticoid metabolism					
WP4524	Alternative pathway of fetal androgen synthesis					
WP453	Inflammatory response pathway					
WP4532	Intraflagellar transport proteins binding to dynein					
WP4533	Transcription co-factors SKI and SKIL protein partners					
WP4534	Mechanoregulation and pathology of YAP/TAZ via Hippo and non-Hippo mechanisms					
WP4535	Envelope proteins and their potential roles in EDMD physiopathology					
WP4536	Genes related to primary cilium development (based on CRISPR)					
WP4537	Hippo-YAP signaling					
WP4538	Regulatory circuits of the STAT3 signaling pathway					
WP4539	Synaptic signaling pathways associated with autism spectrum disorder					
WP454	Osteoclast signaling					
WP4540	Hippo signaling regulation pathways					
WP4541	Hippo-Merlin signaling dysregulation					
WP4542	Leukocyte-intrinsic Hippo pathway functions					
WP4545	Oxysterols derived from cholesterol					
WP4549	Fragile X syndrome					
WP455	GPCRs, class A rhodopsin-like					
WP4553	FBXL10 enhancement of MAP/ERK signaling in diffuse large B-cell lymphoma					
WP4558	Overview of interferons-mediated signaling pathway					
WP4559	Interactions between immune cells and microRNAs in tumor microenvironment					
WP456	GPCRs, class B secretin-like					
WP4560	MFAP5 effect on permeability and motility of endothelial cells via cytoskeleton rearrangement					
WP4562	Canonical NF-kB pathway					
WP4564	Neural crest cell migration during development					
WP4565	Neural crest cell migration in cancer					
WP4566	Translation inhibitors in chronically activated PDGFRA cells					
WP457	TNF-alpha NF-kB signaling pathway					
WP4571	Urea cycle and related diseases					
WP4577	Neurodegeneration with brain iron accumulation (NBIA) subtypes pathway					
WP458	Inflammatory response pathway					
WP4582	Cancer immunotherapy by CTLA4 blockade					
WP4583	Biomarkers for urea cycle disorders					
WP4584	Biomarkers for pyrimidine metabolism disorders					
WP4585	Cancer immunotherapy by PD-1 blockade					
WP4586	Metabolism of alpha-linolenic acid					
WP4589	Major receptors targeted by epinephrine and norepinephrine					
WP459	Serine biosynthesis					
WP4595	Urea cycle and associated pathways					
WP4597	Glucosinolate biosynthesis from methionine					
WP4598	Glucosinolate biosynthesis (from aromatic amino acid)					
WP46	Methionine degradation					
WP460	Blood clotting cascade					
WP462	Pantothenate and coenzyme A biosynthesis					
WP4627	Lipids measured in liver metastasis from breast cancer					
WP4629	Aerobic glycolysis					
WP463	Purine fermentation					
WP4630	Measles virus infection					
WP465	Tryptophan metabolism					
WP4655	Cytosolic DNA-sensing pathway					
WP4656	Joubert syndrome					
WP4657	22q11.2 copy number variation syndrome					
WP4658	Small cell lung cancer					
WP4659	Gastrin signaling pathway					
WP466	DNA replication					
WP4661	Amino acid metabolism pathway excerpt: histidine catabolism extension					
WP4666	Hepatitis B infection					
WP467	mRNA processing					
WP4673	Male infertility					
WP4674	Head and neck squamous cell carcinoma					
WP468	ACE inhibitor pathway					
WP4685	Melanoma					
WP4686	Leucine, isoleucine and valine metabolism					
WP4688	Serine metabolism					
WP469	Glutathione metabolism					
WP4690	Sphingolipid metabolism (integrated pathway)					
WP4698	Vitamin D-sensitive calcium signaling in depression					
WP47	Hedgehog signaling pathway					
WP470	Proteasome degradation					
WP4705	Pathways of nucleic acid metabolism and innate immune sensing					
WP4707	Aspirin and miRNAs					
WP471	Beta-oxidation of unsaturated fatty acids					
WP4718	Cholesterol metabolism with Bloch and Kandutsch-Russell pathways					
WP4719	Eicosanoid metabolism via cyclooxygenases (COX)					
WP472	Phosphatidic acid and phospholipid biosynthesis					
WP4720	Eicosanoid metabolism via cytochrome P450 monooxygenases pathway					
WP4721	Eicosanoid metabolism via lipooxygenases (LOX)					
WP4722	Glycerolipids and glycerophospholipids					
WP4723	Omega-3 / omega-6 fatty acid synthesis					
WP4724	Omega-9 fatty acid synthesis					
WP4725	Sphingolipid metabolism overview					
WP4726	Sphingolipid metabolism: integrated pathway					
WP473	GPCRs, class A rhodopsin-like					
WP474	Endochondral ossification					
WP4742	Ketogenesis and ketolysis					
WP4746	Thyroid hormones production and peripheral downstream signaling effects					
WP4747	Netrin-UNC5B signaling pathway					
WP4751	HIPK2 in kidney fibrosis					
WP4752	Base excision repair					
WP4753	Nucleotide excision repair					
WP4754	IL-18 signaling pathway					
WP4756	Renin-angiotensin-aldosterone system (RAAS)					
WP4758	Nephrotic syndrome					
WP476	Acetylcholine synthesis					
WP4760	PKC-gamma calcium signaling pathway in ataxia					
WP4763	Regulation of Pgc1a expression by a Gsk3b-Tfeb signaling axis in skeletal muscle					
WP4767	FGFR3 signaling in chondrocyte proliferation and terminal differentiation					
WP477	Cytoplasmic ribosomal proteins					
WP478	Glycogen catabolism					
WP4784	Proteoglycan biosynthesis					
WP4785	Somitogenesis in the context of spondylocostal dysostosis					
WP4786	Type I collagen synthesis in the context of osteogenesis imperfecta					
WP4787	Osteoblast differentiation and related diseases					
WP4788	Autosomal recessive osteopetrosis pathways					
WP4789	MED and pseudoachondroplasia genes					
WP4790	FGF23 signaling in hypophosphatemic rickets and related disorders					
WP4792	Purine metabolism					
WP4799	Downregulation of ACE2 by SARS-CoV-2 spike protein					
WP4803	Ciliopathies					
WP4804	Cholesterol biosynthesis with skeletal dysplasias					
WP4806	EGFR tyrosine kinase inhibitor resistance					
WP4808	Endochondral ossification with skeletal dysplasias					
WP481	Insulin signaling					
WP4814	Somatic sex determination					
WP4815	Glycosaminoglycan degradation					
WP4816	TGF-beta receptor signaling in skeletal dysplasias					
WP4818	Conversion of angiotensinogen to angiotensin II 					
WP4820	GDNF/RET signaling axis					
WP4823	Genes controlling nephrogenesis					
WP4829	mBDNF and proBDNF regulation of GABA neurotransmission					
WP4830	GDNF/RET signaling axis					
WP4835	Peroxiredoxin 2 induced ovarian failure					
WP4838	Regucalcin in proximal tubule epithelial kidney cells					
WP4842	Mammalian disorder of sexual development					
WP4844	Influence of laminopathies on Wnt signaling					
WP4846	SARS-CoV-2 and COVID-19 pathway					
WP4853	Linoleic acid metabolism affected by SARS-CoV-2					
WP4856	Intracellular trafficking proteins involved in CMT neuropathy					
WP4860	Hijack of ubiquitination by SARS-CoV-2					
WP4861	Endoplasmic reticulum stress response in coronavirus infection					
WP4863	Host-pathogen interaction of human coronaviruses - autophagy					
WP4864	Host-pathogen interaction of human coronaviruses - apoptosis					
WP4868	Type I interferon induction and signaling during SARS-CoV-2 infection					
WP487	Apoptosis modulation by HSP70					
WP4871	Kisspeptin/kisspeptin receptor system in the ovary					
WP4872	MAP3K1 role in promoting and blocking gonadal determination					
WP4873	Peroxiredoxin 2 induced ovarian failure					
WP4874	CAMKK2 pathway					
WP4875	Disruption of postsynaptic signaling by CNV					
WP4876	Activation of NLRP3 inflammasome by SARS-CoV-2					
WP4877	Host-pathogen interaction of human coronaviruses - MAPK signaling					
WP4879	Overlap between signal transduction pathways contributing to LMNA laminopathies					
WP488	Alpha 6 beta 4 integrin signaling pathway					
WP4880	Host-pathogen interaction of human coronaviruses - interferon induction					
WP4883	SARS-CoV-2 and ACE2 receptor: molecular mechanisms					
WP4884	Pathogenesis of SARS-CoV-2 mediated by nsp9-nsp10 complex					
WP489	Osteoclast					
WP4891	COVID-19 adverse outcome pathway					
WP49	IL-2 signaling pathway					
WP490	TCA cycle					
WP4900	Purinergic signaling					
WP4904	LDLRAD4 and what we know about it					
WP4905	1q21.1 copy number variation syndrome					
WP4906	3q29 copy number variation syndrome					
WP4912	SARS coronavirus and innate immunity					
WP4917	Proximal tubule transport					
WP4918	Cellular proteostasis					
WP4919	Neuroinflammation					
WP492	Hedgehog signaling pathway					
WP4920	Mitochondrial complex II assembly					
WP4921	Mitochondrial complex III assembly					
WP4922	Mitochondrial complex IV assembly					
WP4923	Autophagy					
WP4925	Unfolded protein response					
WP4927	COVID-19, thrombosis and anticoagulation					
WP4928	MAPK pathway in congenital thyroid cancer					
WP493	Mapk signaling pathway					
WP4931	Direct reversal repair					
WP4932	7q11.23 copy number variation syndrome					
WP4936	Perturbations to host-cell autophagy, induced by SARS-CoV-2 proteins					
WP4940	15q11.2 copy number variation syndrome					
WP4941	GPR143 in melanocytes and retinal pigment epithelium cells					
WP4942	15q13.3 copy number variation syndrome					
WP4946	DNA repair pathways, full network					
WP4947	Nitric oxide metabolism in cystic fibrosis					
WP4949	16p11.2 proximal deletion syndrome					
WP4950	16p11.2 distal deletion syndrome					
WP496	Steroid biosynthesis					
WP4961	STING pathway in Kawasaki-like disease and COVID-19					
WP4962	Airway smooth muscle cell contraction					
WP4963	p53 transcriptional gene network					
WP4965	Deregulation of renin-angiotensin system by SARS-CoV infection					
WP4966	Fluoroacetic acid toxicity					
WP4969	RAS and bradykinin pathways in COVID-19					
WP497	Urea cycle and metabolism of amino groups					
WP4970	Galanin receptor pathway					
WP4971	Phosphoinositides metabolism					
WP498	Mitochondrial long chain fatty acid beta-oxidation					
WP499	Fatty acid beta-oxidation 3					
WP500	Glycogen synthesis and degradation					
WP501	GPCRs, class C metabotropic glutamate, pheromone					
WP502	Nucleotide GPCRs					
WP5023	Hypoxia-dependent self-renewal of myoblasts					
WP5024	Hypoxia-dependent proliferation of myoblasts					
WP5025	Hypoxia-dependent differentiation of myoblasts					
WP5027	nsp1 from SARS-CoV-2 inhibits translation initiation in the host cell					
WP5029	Amino acid transport defects (IEMs)					
WP503	Glutamate degradation III					
WP5030	Ethylmalonic encephalopathy					
WP5031	Biotin metabolism, including IMDs					
WP5033	Genes associated with the development of rheumatoid arthritis					
WP5036	Angiotensin II receptor type 1 pathway					
WP5037	Riboflavin and CoQ disorders					
WP5038	Mitochondrial immune response to SARS-CoV-2					
WP5039	SARS-CoV-2 innate immunity evasion and cell-specific immune response					
WP504	Fatty acid biosynthesis					
WP5043	Pentose phosphate pathway in senescent cells					
WP5044	Kynurenine pathway and links to cell senescence					
WP5046	NAD metabolism in oncogene-induced senescence and mitochondrial dysfunction-associated senescence					
WP5049	Glycolysis in senescence					
WP5050	TCA cycle in senescence					
WP5052	Nephrogenesis					
WP5053	Development of ureteric collection system					
WP5055	Burn wound healing					
WP5056	Burn wound healing					
WP5057	Burn wound healing					
WP5058	Burn Wound Healing					
WP5061	Fatty acid transporters					
WP5063	FOXP3 in COVID-19					
WP5064	7-oxo-C and 7-beta-HC pathways					
WP5065	SARS-CoV-2 altering angiogenesis via NRP1					
WP5066	FOXA2 pathway					
WP5072	Modulators of TCR signaling and T cell activation					
WP5074	Kallmann syndrome					
WP5076	Soluble ACE2-mediated cell entry of SARS-CoV-2					
WP5078	T cell modulation in pancreatic cancer					
WP508	Biosynthesis of aldosterone and cortisol					
WP5083	Neuroinflammation and glutamatergic signaling					
WP5085	Vasopressin-regulated water reabsorption					
WP5087	Pleural mesothelioma					
WP5088	Prostaglandin signaling					
WP5089	Kinin-Kallikrein pathway					
WP509	Nuclear Receptors					
WP5090	Complement system in neuronal development and plasticity					
WP5092	Interactions of natural killer cells in pancreatic cancer					
WP5093	Opioid receptor pathways					
WP5094	Orexin receptor pathway					
WP5095	Overview of proinflammatory and profibrotic mediators					
WP5097	CCL18 signaling pathway					
WP5098	T-cell activation SARS-CoV-2					
WP51	Regulation of actin cytoskeleton					
WP510	MAPK signaling pathway					
WP5101	Congenital generalized lipodystrophy					
WP5102	Familial partial lipodystrophy					
WP5103	Progeria-associated lipodystrophy					
WP5104	Acquired partial lipodystrophy / Barraquer-Simons syndrome					
WP5108	Familial  hyperlipidemia type 1					
WP5109	Familial hyperlipidemia type 2					
WP5110	Familial hyperlipidemia type 3					
WP5111	Familial hyperlipidemia type 4					
WP5112	Familial hyperlipidemia type 5					
WP5113	Antiviral and anti-inflammatory effects of Nrf2 on SARS-CoV-2 pathway					
WP5114	Nucleotide excision repair in xeroderma pigmentosum 					
WP5115	Network map of SARS-CoV-2 signaling pathway					
WP5116	SARS-CoV-2 B.1.1.7 variant antagonises innate immune activation					
WP5117	Cohesin complex - Cornelia de Lange syndrome					
WP5118	SMC1/SMC3 role in DNA damage - Cornelia de Lange Syndrome					
WP5119	NIPBL role in DNA damage - Cornelia de Lange syndrome					
WP512	ID signaling pathway					
WP5120	Inclusion body myositis					
WP5121	Sphingolipid metabolism in senescence					
WP5122	Prostaglandin and leukotriene metabolism in senescence 					
WP5123	Mitochondrial fatty acid oxidation disorders					
WP5124	Alzheimer's disease					
WP5128	Fibrin complement receptor 3 signaling pathway					
WP513	Catecholamine synthesis					
WP5130	Th17 cell differentiation pathway					
WP5133	Non-classical role of vitamin D					
WP5136	ALA oxylipin metabolism					
WP5137	Linoleic acid oxylipin metabolism					
WP5143	GDNF signaling					
WP5144	NRP1-triggered signaling pathways in pancreatic cancer 					
WP5149	Lipid metabolism in senescent cells					
WP515	Glycolysis and gluconeogenesis					
WP5151	Sialylation 					
WP5152	Iron-sulfur cluster biogenesis					
WP5153	N-glycan biosynthesis					
WP5154	Docosahexaenoic acid oxylipin metabolism					
WP5155	Arachidonic acid (AA, ARA) oxylipin metabolism					
WP5156	SARS-CoV-2 replication organelle formation					
WP5158	Urotensin-II-mediated signaling pathway					
WP516	Hypertrophy model					
WP5166	Glyoxylate metabolism					
WP5169	Hemesynthesis defects and porphyrias					
WP517	Notch signaling pathway					
WP5171	Leukotriene metabolic pathway					
WP5172	Iron metabolism disorders					
WP5173	Disorders of galactose metabolism 					
WP5174	Ulcerative colitis signaling					
WP5175	Disorders in ketone body synthesis					
WP5176	Disorders of bile acid synthesis and biliary transport					
WP5178	Disorders of fructose metabolism					
WP5179	Biosynthesis and turnover of 1-deoxy-sphingoid bases					
WP518	Eukaryotic transcription initiation					
WP5180	DYRK1A involvement regarding cell proliferation in brain development					
WP5181	Roles of ceramides in development of insulin resistance					
WP5182	Pro-survival signaling of neuroprotectin D1					
WP5183	SARS-CoV-2 mitochondrial chronic oxidative stress and endothelial dysfunction					
WP5186	Vitamin K metabolism and activation of dependent proteins					
WP5187	mRNA vaccine activation of dendritic cell and induction of IFN-1					
WP5188	Retinol metabolism					
WP5189	Copper metabolism					
WP519	Proteasome degradation					
WP5190	Creatine pathway					
WP5191	Resolvin E1 and resolvin D1 signaling pathways promoting inflammation resolution					
WP5192	Modulation of PI3K-Akt-mTOR signaling by bioactive sphingolipids					
WP5193	Cholesterol synthesis disorders					
WP5194	Synthesis of ceramides and 1-deoxyceramides					
WP5195	Disorders in ketolysis					
WP5198	Inflammatory bowel disease signaling					
WP5199	PtdIns(4,5)P2 in cytokinesis pathway					
WP520	G13 signaling pathway					
WP5200	Dravet syndrome					
WP5201	Phospholipid biosynthesis 					
WP5202	Alstrom syndrome					
WP5205	Clock-controlled autophagy in bone metabolism					
WP521	Amino acid conjugation of benzoic acid					
WP5211	Glucose metabolism in triple-negative breast cancer cells					
WP5213	Amino acid metabolism in triple-negative breast cancer cells					
WP5216	Warburg effect modulated by deubiquitinating enzymes and their substrates					
WP5218	Extrafollicular and follicular B cell activation by SARS-CoV-2					
WP5219	Diet-dependent trimethylamine/trimethylamine N-oxide metabolism 					
WP522	Biogenic amine synthesis					
WP5220	Metabolic reprogramming in pancreatic cancer					
WP5221	2q11.2 copy number variation syndrome					
WP5222	2q13 copy number variation syndrome					
WP5223	2q21.1 copy number variation syndrome					
WP5224	2q37 copy number variation syndrome					
WP523	Regulation of actin cytoskeleton					
WP5231	Hippocampal synaptogenesis and neurogenesis					
WP5233	Arsenic metabolism and reactive oxygen species generation					
WP5234	Bardet-Biedl syndrome					
WP5235	Estradiol regulation in porto-sinusoidal vascular disease					
WP5236	Markers of kidney cell lineage					
WP5238	Cholestasis					
WP5239	Lac-Phe pathway					
WP524	G13 signaling pathway					
WP5240	Lac-Phe pathway					
WP5241	Mitochondrial beta-oxidation					
WP5242	Comprehensive IL-17A signaling					
WP525	Mitochondrial unfolded-protein response					
WP5256	COVID-19 and endothelial cell senescence					
WP5265	Neurogenesis regulation in the olfactory epithelium					
WP5269	Genetic causes of porto-sinusoidal vascular disease					
WP5272	LDL- influence on CD14 and TLR4					
WP5273	Effect of intestinal microbiome on anticoagulant response of vitamin K antagonists					
WP5275	Ether lipid biosynthesis					
WP5276	Estrogen metabolism					
WP5277	Steroid hormone precursor biosynthesis					
WP5279	Mineralocorticoid biosynthesis					
WP528	Acetylcholine synthesis					
WP5280	Glucocorticoid biosynthesis					
WP5283	Chronic hyperglycemia impairment of neuron function					
WP5284	Cell interactions of the pancreatic cancer microenvironment					
WP5285	Immune infiltration in pancreatic cancer					
WP5287	17q12 copy number variation syndrome					
WP529	mRNA processing					
WP5292	Glycosphingolipid metabolism					
WP5294	Sildenafil treatment					
WP5298	Dravet syndrome: Scn1a-A1783V point mutation model					
WP5299	Ganglio series sphingolipid metabolism					
WP53	ID signaling pathway					
WP530	Cytokines and inflammatory response					
WP5300	TROP2 regulatory signaling					
WP5302	Neolacto series sphingolipid metabolism					
WP5303	Lacto series sphingolipid metabolism					
WP5304	Cholesterol metabolism					
WP5305	Globo series sphingolipid metabolism					
WP531	DNA mismatch repair					
WP5311	Isoglobo series sphingolipids					
WP5312	Metabolic pathways of fibroblasts					
WP5313	Carnosine metabolism of glial cells					
WP5314	Lactate shuttle in glial cells					
WP5315	Sebaleic acid formation and metabolism					
WP5316	Primary ovarian insufficiency					
WP5318	Female steroid hormones in cardiomyocyte energy metabolism					
WP5320	Male steroid hormones in cardiomyocyte energy metabolism					
WP5321	Prostaglandin and leukotriene metabolism in senescence 					
WP5322	CKAP4 signaling pathway map					
WP5323	Fatty Acids and Lipoproteins Transport in Hepatocytes					
WP5324	Octadecanoid formation from linoleic acid					
WP5329	Cholesterol biosynthesis pathway in hepatocytes					
WP5331	Autophagy in pancreatic ductal adenocarcinoma					
WP5333	Enterocyte cholesterol metabolism					
WP5336	Induction of autophagy and toll-like receptor signaling pathways by graphene oxide 					
WP534	Glycolysis and gluconeogenesis					
WP5342	Pathophysiological roles of DUX4 in FSHD1					
WP5344	Cardiomyocyte signaling pathways converging on Titin					
WP5345	1p36 copy number variation syndrome					
WP5346	8p23.1 copy number variation syndrome					
WP5347	IL-26 signaling pathways					
WP5348	11p11.2 copy number variation syndrome 					
WP5351	Kleefstra syndrome					
WP5352	10q11.21q11.23 copy number variation syndrome					
WP5353	A network map of Macrophage-stimulating protein (MSP) signaling					
WP5354	Ergosterol biosynthesis					
WP5355	Metabolic Epileptic Disorders					
WP5356	Disturbed pathways in Duchenne Muscular Dystrophy					
WP5358	JAK-STAT signaling in the regulation of Beta-cells					
WP536	Calcium regulation in cardiac cells					
WP5362	TAR syndrome					
WP5365	4p16.3 copy number variation					
WP5368	Sulfatase and aromatase pathway					
WP537	Translation factors					
WP5372	Involvement of -secretase in neurodegenerative diseases					
WP5373	Role of hypoxia, angiogenesis, and FGF pathway in OA chondrocyte hypertrophy					
WP5376	17p13.3 (YWHAE) copy number variation					
WP538	Tyrosine biosynthesis					
WP5380	5q35 copy number variation					
WP5381	Smith-Magenis and Potocki-Lupski syndrome copy number variation					
WP5382	TGF/Smad signaling pathway					
WP5385	Growth factors and hormones in Beta-cell proliferation					
WP539	Wnt signaling pathway					
WP5390	Pancreatic cancer subtypes					
WP5394	UDP-derived sugars synthesis in fibroblasts					
WP5395	Glycosaminoglycan synthesis in fibroblasts					
WP5396	Enterohepatic circulation of bile acids					
WP5397	Vitamin A1 and A5/X pathways					
WP5398	NRXN1 deletion syndrome					
WP5399	NPHP1 deletion syndrome					
WP54	Arginine degradation					
WP540	Cytoplasmic ribosomal proteins					
WP5400	6q16 copy number variation					
WP5401	7q11.23 distal copy number variation					
WP5402	10q22q23 copy number variation					
WP5405	13q12 or CRYL1 copy number variation 					
WP5406	13q12.12 copy number variation					
WP5407	15q11q13 copy number variation					
WP5408	15q25 copy number variation					
WP5409	PAFAH1B1 copy number variation					
WP543	Synthesis and degradation of ketone bodies					
WP544	Exercise-induced circadian regulation					
WP545	Complement activation					
WP546	Lactose degradation and galactose metabolism					
WP547	Complement and coagulation cascades					
WP548	Neural crest development					
WP55	Steroid biosynthesis					
WP550	Biogenic amine synthesis					
WP552	Octane oxidation					
WP553	Calcium regulation in cardiac cells					
WP554	ACE inhibitor pathway					
WP557	ACE inhibitor pathway					
WP558	Complement and coagulation cascades					
WP560	TGF-beta receptor signaling					
WP561	Heme biosynthesis					
WP562	Exercise-induced circadian regulation					
WP563	Glycerol teichoic acid biosynthesis					
WP565	DNA replication					
WP567	Eukaryotic transcription initiation					
WP568	Fatty acid biosynthesis					
WP569	IL-2 signaling pathway					
WP57	Signal transduction of S1P receptor					
WP570	Monoamine GPCRs					
WP571	FAS pathway and stress induction of HSP regulation					
WP572	EGFR1 signaling pathway					
WP573	Phenylalanine degradation					
WP574	Hedgehog signaling pathway					
WP575	Anaerobic respiration					
WP578	Leptin-insulin signaling overlap					
WP58	Monoamine GPCRs					
WP581	EPO receptor signaling					
WP585	Interferon type I signaling pathways					
WP590	Cardiovascular signaling					
WP6	Integrin-mediated cell adhesion					
WP60	Toluene degradation					
WP608	miR-1 in cardiac development					
WP61	Notch signaling pathway					
WP618	Flower development					
WP619	Type II interferon signaling					
WP62	Mitochondrial tRNA synthetases					
WP623	Oxidative phosphorylation					
WP626	Abscisic acid biosynthesis					
WP627	Triacylglycerol biosynthesis					
WP63	Pentose phosphate pathway					
WP632	Cholesterol metabolism					
WP65	Insulin signaling					
WP654	ATM signaling pathway					
WP655	p53 pathway					
WP656	p53 signal pathway					
WP66	Steroid biosynthesis					
WP661	Glucose homeostasis					
WP662	Amino acid metabolism					
WP67	Asparagine biosynthesis					
WP670	Pentose phosphate pathway 2					
WP673	ErbB signaling pathway					
WP678	Arachidonate epoxygenase / epoxide hydrolase					
WP680	Vulval development and SynMuv					
WP683	Leptin and adiponectin					
WP688	Catalytic cycle of mammalian flavin-containing monooxygenases (FMOs)					
WP69	T-cell receptor signaling pathway					
WP690	Polyol pathway					
WP691	Tamoxifen metabolism					
WP692	Sulfation biotransformation reaction					
WP694	Arylamine metabolism					
WP696	Benzo(a)pyrene metabolism					
WP697	Estrogen metabolism					
WP698	Glucuronidation					
WP699	Aflatoxin B1 metabolism					
WP7	Sulfur amino acid biosynthesis					
WP70	Trehalose degradation, low osmolarity					
WP702	Metapathway biotransformation Phase I and II					
WP704	Methylation pathways					
WP706	Sudden infant death syndrome (SIDS) susceptibility pathways					
WP707	DNA damage response					
WP71	Lipases biosynthesis					
WP710	DNA damage response (only ATM dependent)					
WP712	Estrogen signaling pathway					
WP716	Vitamin A and carotenoid metabolism					
WP722	Serotonin HTR1 group and FOS pathway					
WP723	Wnt signaling pathway and pluripotency					
WP727	Monoamine transport					
WP73	G protein signaling pathways					
WP730	Glutathione and one-carbon metabolism					
WP732	Serotonin receptor 2 and ELK-SRF/GATA4 signaling					
WP734	Serotonin receptor 4/6/7 and NR3C signaling					
WP74	Integrin-mediated cell adhesion					
WP75	Toll-like receptor signaling pathway					
WP752	EGFR1 signaling pathway					
WP755	Nuclear receptors in lipid metabolism and toxicity					
WP763	Mitochondrial long chain fatty acid beta-oxidation					
WP768	EPO receptor signaling					
WP769	MAPK signaling pathway					
WP77	Glutamate biosynthesis					
WP774	Kit receptor signaling pathway					
WP775	Blood clotting cascade					
WP779	Wnt signaling pathway and pluripotency					
WP78	TCA cycle (aka Krebs or citric acid cycle)					
WP782	Triacylglyceride synthesis					
WP784	Ketone bodies synthesis and degradation					
WP785	Wnt signaling pathway					
WP787	Apoptosis					
WP788	FAS pathway and stress induction of HSP regulation					
WP79	Tryptophan metabolism					
WP790	Hedgehog signaling pathway					
WP793	mRNA processing					
WP798	Notch signaling pathway					
WP799	Nod-like receptor (NLR) signaling pathway					
WP8	IL-9 signaling pathway					
WP80	Nucleotide GPCRs					
WP801	ACE inhibitor pathway					
WP802	Mismatch repair					
WP803	p38 MAPK signaling pathway					
WP804	Homologous recombination					
WP805	Retinol metabolism					
WP808	Calcium regulation in cardiac cells					
WP813	G protein signaling pathways					
WP815	Inhibitor of DNA binding (ID) signaling pathway					
WP823	Matrix metalloproteinases					
WP824	Regulation of actin cytoskeleton					
WP826	G13 signaling pathway					
WP827	Delta-Notch signaling pathway					
WP830	Eukaryotic transcription initiation					
WP831	Nuclear receptors					
WP832	Integrin-mediated cell adhesion					
WP833	Cholesterol biosynthesis					
WP835	Glycogen metabolism					
WP839	Monoamine GPCRs					
WP84	NAD biosynthesis					
WP840	G1 to S cell cycle control					
WP844	Cell cycle					
WP848	Heme biosynthesis					
WP85	Focal adhesion					
WP852	Fatty acid omega-oxidation					
WP854	Eicosanoid synthesis					
WP86	Heme biosynthesis					
WP860	EGFR1 signaling pathway					
WP863	Nuclear receptors in lipid metabolism and toxicity					
WP869	Adipogenesis					
WP878	EPO receptor signaling					
WP879	Cytokines and inflammatory response					
WP88	Toll-like receptor signaling					
WP880	MAPK signaling pathway					
WP886	Kit receptor signaling pathway					
WP887	Blood clotting cascade					
WP890	Osteoclast signaling					
WP897	Androgen receptor signaling pathway					
WP898	Ketone bodies synthesis and degradation					
WP899	Wnt signaling pathway					
WP9	Phospholipid biosynthesis					
WP902	FAS pathway and stress induction of HSP regulation					
WP905	Hedgehog signaling pathway					
WP906	mRNA Processing					
WP91	Fatty acid oxidation					
WP912	Notch signaling pathway					
WP914	Nod-like receptor (NLR) signaling pathway					
WP915	ACE inhibitor pathway					
WP917	Homologous recombination					
WP918	p38 MAPK signaling pathway					
WP92	De novo biosynthesis of pyrimidine ribonucleotides					
WP921	Statin pathway					
WP923	Calcium regulation in cardiac cells					
WP925	Aflatoxin B1 metabolism					
WP927	Hepatocyte growth factor receptor signaling					
WP931	G protein signaling pathways					
WP934	ID signaling pathway					
WP936	Polyol pathway					
WP94	Hepatocyte growth factor receptor signaling					
WP942	Matrix metalloproteinases					
WP945	G13 signaling pathway					
WP946	Delta-Notch signaling pathway					
WP948	Eukaryotic transcription initiation					
WP95	Pyrimidine ribonucleotide salvage pathways					
WP950	Nuclear receptors					
WP951	Integrin-mediated cell adhesion					
WP952	Cholesterol biosynthesis					
WP955	Glycogen metabolism					
WP956	Osteoblast signaling					
WP957	Monoamine GPCRs					
WP959	G1 to S cell cycle control					
WP963	Apoptosis modulation by HSP70					
WP964	Cell cycle					
WP965	Translation factors					
WP966	Insulin signaling					
WP967	Heme biosynthesis					
WP968	IL-5 signaling pathway					
WP969	Striated muscle contraction					
WP97	Wnt signaling pathway					
WP970	Fatty acid omega-oxidation					
WP971	Small ligand GPCRs					
WP972	Eicosanoid synthesis					
WP973	IL-2 signaling pathway					
WP974	IL-9 signaling pathway					
WP976	IL-6 signaling pathway					
WP977	Complement activation, classical pathway					
WP978	EGF/EGFR signaling pathway					
WP979	Non-homologous end joining					
WP98	Prostaglandin synthesis and regulation					
WP980	Wnt signaling pathway					
WP981	Nuclear receptors in lipid metabolism and toxicity					
WP982	Hypertrophy model					
WP983	DNA replication					
WP984	EBV LMP1 signaling					
WP985	Alpha 6 beta 4 signaling pathway					
WP986	Estrogen signaling pathway					
WP987	Adipogenesis					
WP988	Transcriptional activation by NRF2					
WP989	Mitochondrial long chain fatty acid beta-oxidation					
WP990	GPCRs, other					
WP992	Methylation pathways					
WP993	Arylamine metabolism					
WP994	Oxidative phosphorylation					
WP995	Prostaglandin synthesis and regulation					
WP996	EPO receptor signaling					
WP997	Cytokines and inflammatory response					
WP998	MAPK signaling pathway					
WP999	TCA cycle					
