subject_id	object_id	predicate_id	mapping_justification
EC:1.1.1.109	EC:1.3.1.28	IAO:0100001	semapv:UnspecifiedMatching
EC:1.1.1.139	EC:1.1.1.21	IAO:0100001	semapv:UnspecifiedMatching
EC:1.1.1.155	EC:1.1.1.87	IAO:0100001	semapv:UnspecifiedMatching
EC:1.1.1.158	EC:1.3.1.98	IAO:0100001	semapv:UnspecifiedMatching
EC:1.1.1.171	EC:1.5.1.20	IAO:0100001	semapv:UnspecifiedMatching
EC:1.1.1.180	EC:1.1.1.131	IAO:0100001	semapv:UnspecifiedMatching
EC:1.1.1.182	EC:1.1.1.198	IAO:0100001	semapv:UnspecifiedMatching
EC:1.1.1.182	EC:1.1.1.227	IAO:0100001	semapv:UnspecifiedMatching
EC:1.1.1.182	EC:1.1.1.228	IAO:0100001	semapv:UnspecifiedMatching
EC:1.1.1.204	EC:1.17.1.4	IAO:0100001	semapv:UnspecifiedMatching
EC:1.1.1.222	EC:1.1.1.110	IAO:0100001	semapv:UnspecifiedMatching
EC:1.1.1.242	EC:1.3.1.69	IAO:0100001	semapv:UnspecifiedMatching
EC:1.1.1.246	EC:1.1.1.348	IAO:0100001	semapv:UnspecifiedMatching
EC:1.1.1.246	EC:4.2.1.139	IAO:0100001	semapv:UnspecifiedMatching
EC:1.1.1.249	EC:2.5.1.46	IAO:0100001	semapv:UnspecifiedMatching
EC:1.1.1.253	EC:1.5.1.33	IAO:0100001	semapv:UnspecifiedMatching
EC:1.1.1.314	EC:1.14.14.95	IAO:0100001	semapv:UnspecifiedMatching
EC:1.1.1.32	EC:1.1.1.1	IAO:0100001	semapv:UnspecifiedMatching
EC:1.1.1.33	EC:1.1.1.2	IAO:0100001	semapv:UnspecifiedMatching
EC:1.1.1.5	EC:1.1.1.303	IAO:0100001	semapv:UnspecifiedMatching
EC:1.1.1.5	EC:1.1.1.304	IAO:0100001	semapv:UnspecifiedMatching
EC:1.1.1.63	EC:1.1.1.239	IAO:0100001	semapv:UnspecifiedMatching
EC:1.1.1.68	EC:1.5.1.20	IAO:0100001	semapv:UnspecifiedMatching
EC:1.1.1.70	EC:1.2.1.3	IAO:0100001	semapv:UnspecifiedMatching
EC:1.1.1.89	EC:1.1.1.86	IAO:0100001	semapv:UnspecifiedMatching
EC:1.1.1.n1	EC:1.1.1.305	IAO:0100001	semapv:UnspecifiedMatching
EC:1.1.1.n10	EC:1.1.1.301	IAO:0100001	semapv:UnspecifiedMatching
EC:1.1.1.n13	EC:1.1.1.330	IAO:0100001	semapv:UnspecifiedMatching
EC:1.1.1.n14	EC:1.1.1.347	IAO:0100001	semapv:UnspecifiedMatching
EC:1.1.1.n2	EC:1.1.1.300	IAO:0100001	semapv:UnspecifiedMatching
EC:1.1.1.n3	EC:1.1.1.336	IAO:0100001	semapv:UnspecifiedMatching
EC:1.1.1.n6	EC:1.1.1.369	IAO:0100001	semapv:UnspecifiedMatching
EC:1.1.1.n7	EC:1.1.1.320	IAO:0100001	semapv:UnspecifiedMatching
EC:1.1.1.n8	EC:1.1.1.366	IAO:0100001	semapv:UnspecifiedMatching
EC:1.1.1.n9	EC:1.1.1.365	IAO:0100001	semapv:UnspecifiedMatching
EC:1.1.2.1	EC:1.1.5.3	IAO:0100001	semapv:UnspecifiedMatching
EC:1.1.3.1	EC:1.1.3.15	IAO:0100001	semapv:UnspecifiedMatching
EC:1.1.3.2	EC:1.13.12.4	IAO:0100001	semapv:UnspecifiedMatching
EC:1.1.3.22	EC:1.17.3.2	IAO:0100001	semapv:UnspecifiedMatching
EC:1.1.3.24	EC:1.3.3.12	IAO:0100001	semapv:UnspecifiedMatching
EC:1.1.3.25	EC:1.1.99.18	IAO:0100001	semapv:UnspecifiedMatching
EC:1.1.3.26	EC:1.21.3.2	IAO:0100001	semapv:UnspecifiedMatching
EC:1.1.3.32	EC:1.14.19.64	IAO:0100001	semapv:UnspecifiedMatching
EC:1.1.3.33	EC:1.14.19.65	IAO:0100001	semapv:UnspecifiedMatching
EC:1.1.3.34	EC:1.14.19.66	IAO:0100001	semapv:UnspecifiedMatching
EC:1.1.3.35	EC:1.14.19.67	IAO:0100001	semapv:UnspecifiedMatching
EC:1.1.3.36	EC:1.14.19.68	IAO:0100001	semapv:UnspecifiedMatching
EC:1.1.4.1	EC:1.17.4.4	IAO:0100001	semapv:UnspecifiedMatching
EC:1.1.4.2	EC:1.17.4.5	IAO:0100001	semapv:UnspecifiedMatching
EC:1.1.5.6	EC:1.17.5.3	IAO:0100001	semapv:UnspecifiedMatching
EC:1.1.98.1	EC:1.1.9.1	IAO:0100001	semapv:UnspecifiedMatching
EC:1.1.99.10	EC:1.1.5.9	IAO:0100001	semapv:UnspecifiedMatching
EC:1.1.99.11	EC:1.1.5.14	IAO:0100001	semapv:UnspecifiedMatching
EC:1.1.99.15	EC:1.5.1.20	IAO:0100001	semapv:UnspecifiedMatching
EC:1.1.99.16	EC:1.1.5.4	IAO:0100001	semapv:UnspecifiedMatching
EC:1.1.99.17	EC:1.1.5.2	IAO:0100001	semapv:UnspecifiedMatching
EC:1.1.99.19	EC:1.17.99.4	IAO:0100001	semapv:UnspecifiedMatching
EC:1.1.99.23	EC:1.1.2.6	IAO:0100001	semapv:UnspecifiedMatching
EC:1.1.99.25	EC:1.1.5.8	IAO:0100001	semapv:UnspecifiedMatching
EC:1.1.99.33	EC:1.17.98.4	IAO:0100001	semapv:UnspecifiedMatching
EC:1.1.99.34	EC:1.1.98.2	IAO:0100001	semapv:UnspecifiedMatching
EC:1.1.99.5	EC:1.1.5.3	IAO:0100001	semapv:UnspecifiedMatching
EC:1.1.99.8	EC:1.1.2.7	IAO:0100001	semapv:UnspecifiedMatching
EC:1.1.99.8	EC:1.1.2.8	IAO:0100001	semapv:UnspecifiedMatching
EC:1.10.2.2	EC:7.1.1.8	IAO:0100001	semapv:UnspecifiedMatching
EC:1.10.3.10	EC:7.1.1.3	IAO:0100001	semapv:UnspecifiedMatching
EC:1.10.3.12	EC:7.1.1.5	IAO:0100001	semapv:UnspecifiedMatching
EC:1.10.3.13	EC:7.1.1.4	IAO:0100001	semapv:UnspecifiedMatching
EC:1.10.3.14	EC:7.1.1.7	IAO:0100001	semapv:UnspecifiedMatching
EC:1.10.3.7	EC:1.21.3.4	IAO:0100001	semapv:UnspecifiedMatching
EC:1.10.3.8	EC:1.21.3.5	IAO:0100001	semapv:UnspecifiedMatching
EC:1.10.9.1	EC:7.1.1.6	IAO:0100001	semapv:UnspecifiedMatching
EC:1.10.99.1	EC:7.1.1.6	IAO:0100001	semapv:UnspecifiedMatching
EC:1.10.99.2	EC:1.10.5.1	IAO:0100001	semapv:UnspecifiedMatching
EC:1.10.99.3	EC:1.23.5.1	IAO:0100001	semapv:UnspecifiedMatching
EC:1.11.1.15	EC:1.11.1.24	IAO:0100001	semapv:UnspecifiedMatching
EC:1.11.1.15	EC:1.11.1.25	IAO:0100001	semapv:UnspecifiedMatching
EC:1.11.1.15	EC:1.11.1.26	IAO:0100001	semapv:UnspecifiedMatching
EC:1.11.1.15	EC:1.11.1.27	IAO:0100001	semapv:UnspecifiedMatching
EC:1.11.1.15	EC:1.11.1.28	IAO:0100001	semapv:UnspecifiedMatching
EC:1.11.1.4	EC:1.13.11.11	IAO:0100001	semapv:UnspecifiedMatching
EC:1.12.1.1	EC:1.12.7.2	IAO:0100001	semapv:UnspecifiedMatching
EC:1.12.7.1	EC:1.12.7.2	IAO:0100001	semapv:UnspecifiedMatching
EC:1.12.99.1	EC:1.12.98.1	IAO:0100001	semapv:UnspecifiedMatching
EC:1.12.99.3	EC:1.12.5.1	IAO:0100001	semapv:UnspecifiedMatching
EC:1.12.99.4	EC:1.12.98.2	IAO:0100001	semapv:UnspecifiedMatching
EC:1.12.99.5	EC:1.13.11.47	IAO:0100001	semapv:UnspecifiedMatching
EC:1.13.1.1	EC:1.13.11.1	IAO:0100001	semapv:UnspecifiedMatching
EC:1.13.1.10	EC:1.13.11.10	IAO:0100001	semapv:UnspecifiedMatching
EC:1.13.1.11	EC:1.13.99.1	IAO:0100001	semapv:UnspecifiedMatching
EC:1.13.1.12	EC:1.13.11.11	IAO:0100001	semapv:UnspecifiedMatching
EC:1.13.1.13	EC:1.13.11.12	IAO:0100001	semapv:UnspecifiedMatching
EC:1.13.1.2	EC:1.13.11.2	IAO:0100001	semapv:UnspecifiedMatching
EC:1.13.1.3	EC:1.13.11.3	IAO:0100001	semapv:UnspecifiedMatching
EC:1.13.1.4	EC:1.13.11.4	IAO:0100001	semapv:UnspecifiedMatching
EC:1.13.1.5	EC:1.13.11.5	IAO:0100001	semapv:UnspecifiedMatching
EC:1.13.1.6	EC:1.13.11.6	IAO:0100001	semapv:UnspecifiedMatching
EC:1.13.1.8	EC:1.13.11.8	IAO:0100001	semapv:UnspecifiedMatching
EC:1.13.1.9	EC:1.13.11.9	IAO:0100001	semapv:UnspecifiedMatching
EC:1.13.11.21	EC:1.13.11.63	IAO:0100001	semapv:UnspecifiedMatching
EC:1.13.11.32	EC:1.13.12.16	IAO:0100001	semapv:UnspecifiedMatching
EC:1.13.11.44	EC:1.13.11.60	IAO:0100001	semapv:UnspecifiedMatching
EC:1.13.11.44	EC:5.4.4.6	IAO:0100001	semapv:UnspecifiedMatching
EC:1.13.11.n1	EC:1.13.11.74	IAO:0100001	semapv:UnspecifiedMatching
EC:1.13.11.n2	EC:1.13.11.63	IAO:0100001	semapv:UnspecifiedMatching
EC:1.13.12.11	EC:1.14.13.8	IAO:0100001	semapv:UnspecifiedMatching
EC:1.13.12.12	EC:1.13.11.67	IAO:0100001	semapv:UnspecifiedMatching
EC:1.13.12.14	EC:1.14.13.122	IAO:0100001	semapv:UnspecifiedMatching
EC:1.13.99.2	EC:1.14.12.10	IAO:0100001	semapv:UnspecifiedMatching
EC:1.13.99.4	EC:1.14.12.9	IAO:0100001	semapv:UnspecifiedMatching
EC:1.13.99.5	EC:1.13.11.47	IAO:0100001	semapv:UnspecifiedMatching
EC:1.14.1.1	EC:1.14.14.1	IAO:0100001	semapv:UnspecifiedMatching
EC:1.14.1.10	EC:1.14.99.11	IAO:0100001	semapv:UnspecifiedMatching
EC:1.14.1.2	EC:1.14.13.9	IAO:0100001	semapv:UnspecifiedMatching
EC:1.14.1.3	EC:1.14.14.17	IAO:0100001	semapv:UnspecifiedMatching
EC:1.14.1.3	EC:5.4.99.7	IAO:0100001	semapv:UnspecifiedMatching
EC:1.14.1.4	EC:1.14.99.2	IAO:0100001	semapv:UnspecifiedMatching
EC:1.14.1.5	EC:1.14.13.5	IAO:0100001	semapv:UnspecifiedMatching
EC:1.14.1.6	EC:1.14.15.4	IAO:0100001	semapv:UnspecifiedMatching
EC:1.14.1.7	EC:1.14.14.19	IAO:0100001	semapv:UnspecifiedMatching
EC:1.14.1.8	EC:1.14.14.16	IAO:0100001	semapv:UnspecifiedMatching
EC:1.14.11.14	EC:1.14.20.13	IAO:0100001	semapv:UnspecifiedMatching
EC:1.14.11.19	EC:1.14.20.4	IAO:0100001	semapv:UnspecifiedMatching
EC:1.14.11.22	EC:1.14.20.5	IAO:0100001	semapv:UnspecifiedMatching
EC:1.14.11.23	EC:1.14.20.6	IAO:0100001	semapv:UnspecifiedMatching
EC:1.14.11.34	EC:1.14.20.7	IAO:0100001	semapv:UnspecifiedMatching
EC:1.14.11.5	EC:1.14.11.6	IAO:0100001	semapv:UnspecifiedMatching
EC:1.14.11.50	EC:1.14.20.8	IAO:0100001	semapv:UnspecifiedMatching
EC:1.14.11.n1	EC:1.14.11.39	IAO:0100001	semapv:UnspecifiedMatching
EC:1.14.11.n2	EC:1.14.11.80	IAO:0100001	semapv:UnspecifiedMatching
EC:1.14.11.n3	EC:1.14.11.56	IAO:0100001	semapv:UnspecifiedMatching
EC:1.14.12.2	EC:1.14.13.35	IAO:0100001	semapv:UnspecifiedMatching
EC:1.14.12.20	EC:1.14.15.17	IAO:0100001	semapv:UnspecifiedMatching
EC:1.14.12.21	EC:1.14.13.208	IAO:0100001	semapv:UnspecifiedMatching
EC:1.14.12.4	EC:1.14.13.242	IAO:0100001	semapv:UnspecifiedMatching
EC:1.14.12.5	EC:1.14.13.241	IAO:0100001	semapv:UnspecifiedMatching
EC:1.14.12.6	EC:1.14.13.66	IAO:0100001	semapv:UnspecifiedMatching
EC:1.14.12.n1	EC:1.14.13.208	IAO:0100001	semapv:UnspecifiedMatching
EC:1.14.13.100	EC:1.14.14.29	IAO:0100001	semapv:UnspecifiedMatching
EC:1.14.13.102	EC:1.14.14.141	IAO:0100001	semapv:UnspecifiedMatching
EC:1.14.13.103	EC:1.14.14.142	IAO:0100001	semapv:UnspecifiedMatching
EC:1.14.13.104	EC:1.14.14.143	IAO:0100001	semapv:UnspecifiedMatching
EC:1.14.13.106	EC:1.14.15.39	IAO:0100001	semapv:UnspecifiedMatching
EC:1.14.13.108	EC:1.14.14.144	IAO:0100001	semapv:UnspecifiedMatching
EC:1.14.13.109	EC:1.14.14.145	IAO:0100001	semapv:UnspecifiedMatching
EC:1.14.13.11	EC:1.14.14.91	IAO:0100001	semapv:UnspecifiedMatching
EC:1.14.13.110	EC:1.14.14.146	IAO:0100001	semapv:UnspecifiedMatching
EC:1.14.13.112	EC:1.14.14.147	IAO:0100001	semapv:UnspecifiedMatching
EC:1.14.13.115	EC:1.14.14.148	IAO:0100001	semapv:UnspecifiedMatching
EC:1.14.13.116	EC:1.14.14.174	IAO:0100001	semapv:UnspecifiedMatching
EC:1.14.13.117	EC:1.14.14.39	IAO:0100001	semapv:UnspecifiedMatching
EC:1.14.13.118	EC:1.14.14.38	IAO:0100001	semapv:UnspecifiedMatching
EC:1.14.13.119	EC:1.14.14.149	IAO:0100001	semapv:UnspecifiedMatching
EC:1.14.13.12	EC:1.14.14.92	IAO:0100001	semapv:UnspecifiedMatching
EC:1.14.13.120	EC:1.14.14.150	IAO:0100001	semapv:UnspecifiedMatching
EC:1.14.13.121	EC:1.14.14.151	IAO:0100001	semapv:UnspecifiedMatching
EC:1.14.13.123	EC:1.14.14.95	IAO:0100001	semapv:UnspecifiedMatching
EC:1.14.13.124	EC:1.14.14.40	IAO:0100001	semapv:UnspecifiedMatching
EC:1.14.13.125	EC:1.14.14.156	IAO:0100001	semapv:UnspecifiedMatching
EC:1.14.13.126	EC:1.14.15.16	IAO:0100001	semapv:UnspecifiedMatching
EC:1.14.13.129	EC:1.14.15.24	IAO:0100001	semapv:UnspecifiedMatching
EC:1.14.13.13	EC:1.14.15.18	IAO:0100001	semapv:UnspecifiedMatching
EC:1.14.13.132	EC:1.14.14.17	IAO:0100001	semapv:UnspecifiedMatching
EC:1.14.13.133	EC:1.14.15.32	IAO:0100001	semapv:UnspecifiedMatching
EC:1.14.13.134	EC:1.14.14.152	IAO:0100001	semapv:UnspecifiedMatching
EC:1.14.13.136	EC:1.14.14.87	IAO:0100001	semapv:UnspecifiedMatching
EC:1.14.13.137	EC:1.14.14.153	IAO:0100001	semapv:UnspecifiedMatching
EC:1.14.13.138	EC:1.14.14.157	IAO:0100001	semapv:UnspecifiedMatching
EC:1.14.13.139	EC:1.14.14.109	IAO:0100001	semapv:UnspecifiedMatching
EC:1.14.13.140	EC:1.14.14.110	IAO:0100001	semapv:UnspecifiedMatching
EC:1.14.13.141	EC:1.14.15.29	IAO:0100001	semapv:UnspecifiedMatching
EC:1.14.13.142	EC:1.14.15.30	IAO:0100001	semapv:UnspecifiedMatching
EC:1.14.13.143	EC:1.14.14.76	IAO:0100001	semapv:UnspecifiedMatching
EC:1.14.13.144	EC:1.14.14.111	IAO:0100001	semapv:UnspecifiedMatching
EC:1.14.13.145	EC:1.14.14.112	IAO:0100001	semapv:UnspecifiedMatching
EC:1.14.13.147	EC:1.14.14.182	IAO:0100001	semapv:UnspecifiedMatching
EC:1.14.13.15	EC:1.14.15.15	IAO:0100001	semapv:UnspecifiedMatching
EC:1.14.13.150	EC:1.14.14.113	IAO:0100001	semapv:UnspecifiedMatching
EC:1.14.13.151	EC:1.14.14.84	IAO:0100001	semapv:UnspecifiedMatching
EC:1.14.13.152	EC:1.14.14.83	IAO:0100001	semapv:UnspecifiedMatching
EC:1.14.13.156	EC:1.14.14.133	IAO:0100001	semapv:UnspecifiedMatching
EC:1.14.13.157	EC:1.14.14.56	IAO:0100001	semapv:UnspecifiedMatching
EC:1.14.13.158	EC:1.14.14.114	IAO:0100001	semapv:UnspecifiedMatching
EC:1.14.13.159	EC:1.14.14.24	IAO:0100001	semapv:UnspecifiedMatching
EC:1.14.13.162	EC:1.14.14.108	IAO:0100001	semapv:UnspecifiedMatching
EC:1.14.13.164	EC:1.13.11.65	IAO:0100001	semapv:UnspecifiedMatching
EC:1.14.13.165	EC:1.14.14.47	IAO:0100001	semapv:UnspecifiedMatching
EC:1.14.13.169	EC:1.14.18.5	IAO:0100001	semapv:UnspecifiedMatching
EC:1.14.13.17	EC:1.14.14.23	IAO:0100001	semapv:UnspecifiedMatching
EC:1.14.13.173	EC:1.14.14.115	IAO:0100001	semapv:UnspecifiedMatching
EC:1.14.13.174	EC:1.14.14.116	IAO:0100001	semapv:UnspecifiedMatching
EC:1.14.13.175	EC:1.14.14.117	IAO:0100001	semapv:UnspecifiedMatching
EC:1.14.13.176	EC:1.14.14.118	IAO:0100001	semapv:UnspecifiedMatching
EC:1.14.13.177	EC:1.14.14.119	IAO:0100001	semapv:UnspecifiedMatching
EC:1.14.13.183	EC:1.14.14.120	IAO:0100001	semapv:UnspecifiedMatching
EC:1.14.13.184	EC:1.14.14.121	IAO:0100001	semapv:UnspecifiedMatching
EC:1.14.13.185	EC:1.14.15.33	IAO:0100001	semapv:UnspecifiedMatching
EC:1.14.13.186	EC:1.14.15.34	IAO:0100001	semapv:UnspecifiedMatching
EC:1.14.13.188	EC:1.14.15.35	IAO:0100001	semapv:UnspecifiedMatching
EC:1.14.13.190	EC:1.14.14.175	IAO:0100001	semapv:UnspecifiedMatching
EC:1.14.13.191	EC:1.14.14.70	IAO:0100001	semapv:UnspecifiedMatching
EC:1.14.13.192	EC:1.14.14.122	IAO:0100001	semapv:UnspecifiedMatching
EC:1.14.13.193	EC:1.14.14.123	IAO:0100001	semapv:UnspecifiedMatching
EC:1.14.13.194	EC:1.14.14.78	IAO:0100001	semapv:UnspecifiedMatching
EC:1.14.13.197	EC:1.14.14.124	IAO:0100001	semapv:UnspecifiedMatching
EC:1.14.13.198	EC:1.14.14.125	IAO:0100001	semapv:UnspecifiedMatching
EC:1.14.13.199	EC:1.14.14.79	IAO:0100001	semapv:UnspecifiedMatching
EC:1.14.13.201	EC:1.14.14.126	IAO:0100001	semapv:UnspecifiedMatching
EC:1.14.13.202	EC:1.14.14.127	IAO:0100001	semapv:UnspecifiedMatching
EC:1.14.13.203	EC:1.14.14.128	IAO:0100001	semapv:UnspecifiedMatching
EC:1.14.13.204	EC:1.14.14.129	IAO:0100001	semapv:UnspecifiedMatching
EC:1.14.13.205	EC:1.14.14.80	IAO:0100001	semapv:UnspecifiedMatching
EC:1.14.13.206	EC:1.14.14.130	IAO:0100001	semapv:UnspecifiedMatching
EC:1.14.13.207	EC:1.14.14.31	IAO:0100001	semapv:UnspecifiedMatching
EC:1.14.13.21	EC:1.14.14.82	IAO:0100001	semapv:UnspecifiedMatching
EC:1.14.13.213	EC:1.14.14.131	IAO:0100001	semapv:UnspecifiedMatching
EC:1.14.13.214	EC:1.14.14.132	IAO:0100001	semapv:UnspecifiedMatching
EC:1.14.13.221	EC:1.14.15.28	IAO:0100001	semapv:UnspecifiedMatching
EC:1.14.13.26	EC:1.14.18.4	IAO:0100001	semapv:UnspecifiedMatching
EC:1.14.13.28	EC:1.14.14.93	IAO:0100001	semapv:UnspecifiedMatching
EC:1.14.13.3	EC:1.14.14.9	IAO:0100001	semapv:UnspecifiedMatching
EC:1.14.13.30	EC:1.14.14.94	IAO:0100001	semapv:UnspecifiedMatching
EC:1.14.13.36	EC:1.14.14.96	IAO:0100001	semapv:UnspecifiedMatching
EC:1.14.13.37	EC:1.14.14.97	IAO:0100001	semapv:UnspecifiedMatching
EC:1.14.13.41	EC:1.14.14.36	IAO:0100001	semapv:UnspecifiedMatching
EC:1.14.13.45	EC:1.14.18.2	IAO:0100001	semapv:UnspecifiedMatching
EC:1.14.13.47	EC:1.14.14.99	IAO:0100001	semapv:UnspecifiedMatching
EC:1.14.13.48	EC:1.14.14.51	IAO:0100001	semapv:UnspecifiedMatching
EC:1.14.13.49	EC:1.14.14.52	IAO:0100001	semapv:UnspecifiedMatching
EC:1.14.13.52	EC:1.14.14.88	IAO:0100001	semapv:UnspecifiedMatching
EC:1.14.13.53	EC:1.14.14.89	IAO:0100001	semapv:UnspecifiedMatching
EC:1.14.13.55	EC:1.14.14.98	IAO:0100001	semapv:UnspecifiedMatching
EC:1.14.13.56	EC:1.14.14.100	IAO:0100001	semapv:UnspecifiedMatching
EC:1.14.13.57	EC:1.14.14.101	IAO:0100001	semapv:UnspecifiedMatching
EC:1.14.13.60	EC:1.14.14.29	IAO:0100001	semapv:UnspecifiedMatching
EC:1.14.13.67	EC:1.14.14.55	IAO:0100001	semapv:UnspecifiedMatching
EC:1.14.13.68	EC:1.14.14.37	IAO:0100001	semapv:UnspecifiedMatching
EC:1.14.13.70	EC:1.14.14.154	IAO:0100001	semapv:UnspecifiedMatching
EC:1.14.13.71	EC:1.14.14.102	IAO:0100001	semapv:UnspecifiedMatching
EC:1.14.13.72	EC:1.14.18.9	IAO:0100001	semapv:UnspecifiedMatching
EC:1.14.13.73	EC:1.14.14.103	IAO:0100001	semapv:UnspecifiedMatching
EC:1.14.13.74	EC:1.14.14.85	IAO:0100001	semapv:UnspecifiedMatching
EC:1.14.13.75	EC:1.14.14.104	IAO:0100001	semapv:UnspecifiedMatching
EC:1.14.13.76	EC:1.14.14.105	IAO:0100001	semapv:UnspecifiedMatching
EC:1.14.13.77	EC:1.14.14.106	IAO:0100001	semapv:UnspecifiedMatching
EC:1.14.13.78	EC:1.14.14.86	IAO:0100001	semapv:UnspecifiedMatching
EC:1.14.13.79	EC:1.14.14.107	IAO:0100001	semapv:UnspecifiedMatching
EC:1.14.13.80	EC:1.14.14.53	IAO:0100001	semapv:UnspecifiedMatching
EC:1.14.13.85	EC:1.14.14.135	IAO:0100001	semapv:UnspecifiedMatching
EC:1.14.13.86	EC:1.14.13.136	IAO:0100001	semapv:UnspecifiedMatching
EC:1.14.13.87	EC:1.14.14.140	IAO:0100001	semapv:UnspecifiedMatching
EC:1.14.13.88	EC:1.14.14.81	IAO:0100001	semapv:UnspecifiedMatching
EC:1.14.13.89	EC:1.14.14.90	IAO:0100001	semapv:UnspecifiedMatching
EC:1.14.13.90	EC:1.14.15.21	IAO:0100001	semapv:UnspecifiedMatching
EC:1.14.13.91	EC:1.14.14.136	IAO:0100001	semapv:UnspecifiedMatching
EC:1.14.13.93	EC:1.14.14.137	IAO:0100001	semapv:UnspecifiedMatching
EC:1.14.13.94	EC:1.14.14.138	IAO:0100001	semapv:UnspecifiedMatching
EC:1.14.13.95	EC:1.14.18.8	IAO:0100001	semapv:UnspecifiedMatching
EC:1.14.13.96	EC:1.14.14.139	IAO:0100001	semapv:UnspecifiedMatching
EC:1.14.13.97	EC:1.14.14.57	IAO:0100001	semapv:UnspecifiedMatching
EC:1.14.13.98	EC:1.14.14.25	IAO:0100001	semapv:UnspecifiedMatching
EC:1.14.13.99	EC:1.14.14.26	IAO:0100001	semapv:UnspecifiedMatching
EC:1.14.13.n1	EC:1.14.14.40	IAO:0100001	semapv:UnspecifiedMatching
EC:1.14.13.n2	EC:1.14.14.156	IAO:0100001	semapv:UnspecifiedMatching
EC:1.14.13.n3	EC:1.14.13.127	IAO:0100001	semapv:UnspecifiedMatching
EC:1.14.13.n4	EC:1.14.15.16	IAO:0100001	semapv:UnspecifiedMatching
EC:1.14.13.n5	EC:1.14.14.42	IAO:0100001	semapv:UnspecifiedMatching
EC:1.14.13.n8	EC:1.14.14.41	IAO:0100001	semapv:UnspecifiedMatching
EC:1.14.13.n9	EC:1.14.13.149	IAO:0100001	semapv:UnspecifiedMatching
EC:1.14.14.140	EC:1.14.14.162	IAO:0100001	semapv:UnspecifiedMatching
EC:1.14.14.2	EC:1.14.14.1	IAO:0100001	semapv:UnspecifiedMatching
EC:1.14.14.4	EC:1.14.15.7	IAO:0100001	semapv:UnspecifiedMatching
EC:1.14.14.6	EC:1.14.13.111	IAO:0100001	semapv:UnspecifiedMatching
EC:1.14.14.7	EC:1.14.19.9	IAO:0100001	semapv:UnspecifiedMatching
EC:1.14.14.n1	EC:1.14.99.46	IAO:0100001	semapv:UnspecifiedMatching
EC:1.14.15.12	EC:1.14.14.46	IAO:0100001	semapv:UnspecifiedMatching
EC:1.14.15.2	EC:1.14.14.108	IAO:0100001	semapv:UnspecifiedMatching
EC:1.14.17.2	EC:1.14.18.1	IAO:0100001	semapv:UnspecifiedMatching
EC:1.14.18.8	EC:1.14.14.139	IAO:0100001	semapv:UnspecifiedMatching
EC:1.14.19.7	EC:1.11.1.23	IAO:0100001	semapv:UnspecifiedMatching
EC:1.14.19.n1	EC:1.14.19.4	IAO:0100001	semapv:UnspecifiedMatching
EC:1.14.19.n2	EC:1.14.19.5	IAO:0100001	semapv:UnspecifiedMatching
EC:1.14.19.n3	EC:1.14.19.6	IAO:0100001	semapv:UnspecifiedMatching
EC:1.14.2.1	EC:1.14.17.1	IAO:0100001	semapv:UnspecifiedMatching
EC:1.14.2.2	EC:1.13.11.27	IAO:0100001	semapv:UnspecifiedMatching
EC:1.14.20.2	EC:1.14.11.59	IAO:0100001	semapv:UnspecifiedMatching
EC:1.14.21.1	EC:1.14.19.64	IAO:0100001	semapv:UnspecifiedMatching
EC:1.14.21.10	EC:1.14.19.71	IAO:0100001	semapv:UnspecifiedMatching
EC:1.14.21.11	EC:1.14.19.72	IAO:0100001	semapv:UnspecifiedMatching
EC:1.14.21.12	EC:1.14.19.73	IAO:0100001	semapv:UnspecifiedMatching
EC:1.14.21.2	EC:1.14.19.65	IAO:0100001	semapv:UnspecifiedMatching
EC:1.14.21.3	EC:1.14.19.66	IAO:0100001	semapv:UnspecifiedMatching
EC:1.14.21.4	EC:1.14.19.67	IAO:0100001	semapv:UnspecifiedMatching
EC:1.14.21.5	EC:1.14.19.68	IAO:0100001	semapv:UnspecifiedMatching
EC:1.14.21.6	EC:1.14.19.20	IAO:0100001	semapv:UnspecifiedMatching
EC:1.14.21.7	EC:1.14.19.69	IAO:0100001	semapv:UnspecifiedMatching
EC:1.14.21.8	EC:1.14.19.63	IAO:0100001	semapv:UnspecifiedMatching
EC:1.14.21.9	EC:1.14.19.70	IAO:0100001	semapv:UnspecifiedMatching
EC:1.14.3.1	EC:1.14.16.1	IAO:0100001	semapv:UnspecifiedMatching
EC:1.14.99.10	EC:1.14.14.16	IAO:0100001	semapv:UnspecifiedMatching
EC:1.14.99.13	EC:1.14.13.23	IAO:0100001	semapv:UnspecifiedMatching
EC:1.14.99.16	EC:1.14.18.9	IAO:0100001	semapv:UnspecifiedMatching
EC:1.14.99.17	EC:1.14.16.5	IAO:0100001	semapv:UnspecifiedMatching
EC:1.14.99.19	EC:1.14.19.77	IAO:0100001	semapv:UnspecifiedMatching
EC:1.14.99.25	EC:1.14.19.3	IAO:0100001	semapv:UnspecifiedMatching
EC:1.14.99.27	EC:1.17.3.4	IAO:0100001	semapv:UnspecifiedMatching
EC:1.14.99.28	EC:1.14.14.84	IAO:0100001	semapv:UnspecifiedMatching
EC:1.14.99.3	EC:1.14.14.18	IAO:0100001	semapv:UnspecifiedMatching
EC:1.14.99.30	EC:1.3.5.6	IAO:0100001	semapv:UnspecifiedMatching
EC:1.14.99.31	EC:1.14.19.24	IAO:0100001	semapv:UnspecifiedMatching
EC:1.14.99.32	EC:1.14.19.5	IAO:0100001	semapv:UnspecifiedMatching
EC:1.14.99.33	EC:1.14.19.39	IAO:0100001	semapv:UnspecifiedMatching
EC:1.14.99.36	EC:1.13.11.63	IAO:0100001	semapv:UnspecifiedMatching
EC:1.14.99.37	EC:1.14.14.176	IAO:0100001	semapv:UnspecifiedMatching
EC:1.14.99.40	EC:1.13.11.79	IAO:0100001	semapv:UnspecifiedMatching
EC:1.14.99.41	EC:1.13.11.75	IAO:0100001	semapv:UnspecifiedMatching
EC:1.14.99.42	EC:1.13.11.84	IAO:0100001	semapv:UnspecifiedMatching
EC:1.14.99.43	EC:1.14.14.134	IAO:0100001	semapv:UnspecifiedMatching
EC:1.14.99.45	EC:1.14.14.158	IAO:0100001	semapv:UnspecifiedMatching
EC:1.14.99.49	EC:1.14.15.31	IAO:0100001	semapv:UnspecifiedMatching
EC:1.14.99.5	EC:1.14.19.1	IAO:0100001	semapv:UnspecifiedMatching
EC:1.14.99.51	EC:1.21.3.10	IAO:0100001	semapv:UnspecifiedMatching
EC:1.14.99.6	EC:1.14.19.2	IAO:0100001	semapv:UnspecifiedMatching
EC:1.14.99.7	EC:1.14.14.17	IAO:0100001	semapv:UnspecifiedMatching
EC:1.14.99.8	EC:1.14.14.1	IAO:0100001	semapv:UnspecifiedMatching
EC:1.14.99.9	EC:1.14.14.19	IAO:0100001	semapv:UnspecifiedMatching
EC:1.14.99.n1	EC:1.13.11.75	IAO:0100001	semapv:UnspecifiedMatching
EC:1.14.99.n2	EC:1.13.11.71	IAO:0100001	semapv:UnspecifiedMatching
EC:1.14.99.n3	EC:1.13.11.84	IAO:0100001	semapv:UnspecifiedMatching
EC:1.14.99.n5	EC:1.13.11.70	IAO:0100001	semapv:UnspecifiedMatching
EC:1.16.5.1	EC:7.2.1.3	IAO:0100001	semapv:UnspecifiedMatching
EC:1.16.8.1	EC:2.5.1.17	IAO:0100001	semapv:UnspecifiedMatching
EC:1.16.98.1	EC:1.16.9.1	IAO:0100001	semapv:UnspecifiedMatching
EC:1.17.1.2	EC:1.17.7.4	IAO:0100001	semapv:UnspecifiedMatching
EC:1.17.1.6	EC:1.1.1.395	IAO:0100001	semapv:UnspecifiedMatching
EC:1.17.1.7	EC:1.2.1.91	IAO:0100001	semapv:UnspecifiedMatching
EC:1.17.4.3	EC:1.17.7.1	IAO:0100001	semapv:UnspecifiedMatching
EC:1.17.98.1	EC:1.1.1.395	IAO:0100001	semapv:UnspecifiedMatching
EC:1.17.99.1	EC:1.17.9.1	IAO:0100001	semapv:UnspecifiedMatching
EC:1.17.99.5	EC:1.1.1.395	IAO:0100001	semapv:UnspecifiedMatching
EC:1.17.99.7	EC:1.17.98.4	IAO:0100001	semapv:UnspecifiedMatching
EC:1.18.1.8	EC:7.2.1.2	IAO:0100001	semapv:UnspecifiedMatching
EC:1.18.2.1	EC:1.18.6.1	IAO:0100001	semapv:UnspecifiedMatching
EC:1.18.3.1	EC:1.12.7.2	IAO:0100001	semapv:UnspecifiedMatching
EC:1.18.96.1	EC:1.15.1.2	IAO:0100001	semapv:UnspecifiedMatching
EC:1.18.99.1	EC:1.12.7.2	IAO:0100001	semapv:UnspecifiedMatching
EC:1.2.1.1	EC:1.1.1.284	IAO:0100001	semapv:UnspecifiedMatching
EC:1.2.1.1	EC:4.4.1.22	IAO:0100001	semapv:UnspecifiedMatching
EC:1.2.1.14	EC:1.1.1.205	IAO:0100001	semapv:UnspecifiedMatching
EC:1.2.1.2	EC:1.17.1.9	IAO:0100001	semapv:UnspecifiedMatching
EC:1.2.1.34	EC:1.1.1.131	IAO:0100001	semapv:UnspecifiedMatching
EC:1.2.1.35	EC:1.1.1.203	IAO:0100001	semapv:UnspecifiedMatching
EC:1.2.1.37	EC:1.17.1.4	IAO:0100001	semapv:UnspecifiedMatching
EC:1.2.1.43	EC:1.17.1.10	IAO:0100001	semapv:UnspecifiedMatching
EC:1.2.1.45	EC:1.1.1.312	IAO:0100001	semapv:UnspecifiedMatching
EC:1.2.1.55	EC:1.1.1.279	IAO:0100001	semapv:UnspecifiedMatching
EC:1.2.1.56	EC:1.1.1.280	IAO:0100001	semapv:UnspecifiedMatching
EC:1.2.1.66	EC:1.1.1.306	IAO:0100001	semapv:UnspecifiedMatching
EC:1.2.1.93	EC:1.17.1.11	IAO:0100001	semapv:UnspecifiedMatching
EC:1.2.1.n1	EC:1.2.1.77	IAO:0100001	semapv:UnspecifiedMatching
EC:1.2.1.n3	EC:1.2.1.86	IAO:0100001	semapv:UnspecifiedMatching
EC:1.2.2.3	EC:1.17.2.3	IAO:0100001	semapv:UnspecifiedMatching
EC:1.2.3.11	EC:1.2.3.1	IAO:0100001	semapv:UnspecifiedMatching
EC:1.2.3.12	EC:1.14.13.82	IAO:0100001	semapv:UnspecifiedMatching
EC:1.2.3.2	EC:1.17.3.2	IAO:0100001	semapv:UnspecifiedMatching
EC:1.2.4.3	EC:1.2.4.4	IAO:0100001	semapv:UnspecifiedMatching
EC:1.2.7.9	EC:1.2.7.3	IAO:0100001	semapv:UnspecifiedMatching
EC:1.2.99.1	EC:1.17.99.4	IAO:0100001	semapv:UnspecifiedMatching
EC:1.2.99.2	EC:1.2.7.4	IAO:0100001	semapv:UnspecifiedMatching
EC:1.2.99.3	EC:1.2.5.2	IAO:0100001	semapv:UnspecifiedMatching
EC:1.2.99.4	EC:1.2.98.1	IAO:0100001	semapv:UnspecifiedMatching
EC:1.2.99.5	EC:1.2.7.12	IAO:0100001	semapv:UnspecifiedMatching
EC:1.2.99.9	EC:1.17.98.3	IAO:0100001	semapv:UnspecifiedMatching
EC:1.20.98.1	EC:1.20.9.1	IAO:0100001	semapv:UnspecifiedMatching
EC:1.21.3.9	EC:1.21.98.2	IAO:0100001	semapv:UnspecifiedMatching
EC:1.21.99.2	EC:1.21.98.1	IAO:0100001	semapv:UnspecifiedMatching
EC:1.22.1.1	EC:1.21.1.1	IAO:0100001	semapv:UnspecifiedMatching
EC:1.3.1.110	EC:1.1.1.436	IAO:0100001	semapv:UnspecifiedMatching
EC:1.3.1.127	EC:1.3.1.73	IAO:0100001	semapv:UnspecifiedMatching
EC:1.3.1.26	EC:1.17.1.8	IAO:0100001	semapv:UnspecifiedMatching
EC:1.3.1.30	EC:1.3.1.22	IAO:0100001	semapv:UnspecifiedMatching
EC:1.3.1.35	EC:1.14.19.22	IAO:0100001	semapv:UnspecifiedMatching
EC:1.3.1.4	EC:1.3.1.22	IAO:0100001	semapv:UnspecifiedMatching
EC:1.3.1.50	EC:1.1.1.252	IAO:0100001	semapv:UnspecifiedMatching
EC:1.3.1.52	EC:1.3.8.5	IAO:0100001	semapv:UnspecifiedMatching
EC:1.3.1.63	EC:1.21.1.2	IAO:0100001	semapv:UnspecifiedMatching
EC:1.3.1.80	EC:1.3.7.12	IAO:0100001	semapv:UnspecifiedMatching
EC:1.3.1.99	EC:1.3.1.122	IAO:0100001	semapv:UnspecifiedMatching
EC:1.3.1.n1	EC:1.3.1.87	IAO:0100001	semapv:UnspecifiedMatching
EC:1.3.1.n2	EC:1.14.19.52	IAO:0100001	semapv:UnspecifiedMatching
EC:1.3.2.1	EC:1.3.8.1	IAO:0100001	semapv:UnspecifiedMatching
EC:1.3.2.2	EC:1.3.8.7	IAO:0100001	semapv:UnspecifiedMatching
EC:1.3.3.1	EC:1.3.98.1	IAO:0100001	semapv:UnspecifiedMatching
EC:1.3.3.2	EC:1.14.19.20	IAO:0100001	semapv:UnspecifiedMatching
EC:1.3.3.9	EC:1.14.19.62	IAO:0100001	semapv:UnspecifiedMatching
EC:1.3.5.4	EC:1.3.5.1	IAO:0100001	semapv:UnspecifiedMatching
EC:1.3.7.10	EC:1.14.19.8	IAO:0100001	semapv:UnspecifiedMatching
EC:1.3.7.9	EC:1.1.7.1	IAO:0100001	semapv:UnspecifiedMatching
EC:1.3.98.2	EC:1.3.4.1	IAO:0100001	semapv:UnspecifiedMatching
EC:1.3.99.10	EC:1.3.8.4	IAO:0100001	semapv:UnspecifiedMatching
EC:1.3.99.11	EC:1.3.5.2	IAO:0100001	semapv:UnspecifiedMatching
EC:1.3.99.12	EC:1.3.8.5	IAO:0100001	semapv:UnspecifiedMatching
EC:1.3.99.13	EC:1.3.8.8	IAO:0100001	semapv:UnspecifiedMatching
EC:1.3.99.15	EC:1.3.7.8	IAO:0100001	semapv:UnspecifiedMatching
EC:1.3.99.2	EC:1.3.8.1	IAO:0100001	semapv:UnspecifiedMatching
EC:1.3.99.20	EC:1.1.7.1	IAO:0100001	semapv:UnspecifiedMatching
EC:1.3.99.21	EC:1.3.8.3	IAO:0100001	semapv:UnspecifiedMatching
EC:1.3.99.22	EC:1.3.98.3	IAO:0100001	semapv:UnspecifiedMatching
EC:1.3.99.24	EC:1.3.8.16	IAO:0100001	semapv:UnspecifiedMatching
EC:1.3.99.3	EC:1.3.8.7	IAO:0100001	semapv:UnspecifiedMatching
EC:1.3.99.3	EC:1.3.8.8	IAO:0100001	semapv:UnspecifiedMatching
EC:1.3.99.3	EC:1.3.8.9	IAO:0100001	semapv:UnspecifiedMatching
EC:1.3.99.34	EC:1.3.7.11	IAO:0100001	semapv:UnspecifiedMatching
EC:1.3.99.35	EC:1.3.7.15	IAO:0100001	semapv:UnspecifiedMatching
EC:1.3.99.7	EC:1.3.8.6	IAO:0100001	semapv:UnspecifiedMatching
EC:1.3.99.9	EC:1.21.99.1	IAO:0100001	semapv:UnspecifiedMatching
EC:1.3.99.n2	EC:4.1.99.19	IAO:0100001	semapv:UnspecifiedMatching
EC:1.3.99.n3	EC:1.3.99.36	IAO:0100001	semapv:UnspecifiedMatching
EC:1.4.1.6	EC:1.21.4.1	IAO:0100001	semapv:UnspecifiedMatching
EC:1.4.3.17	EC:1.3.3.10	IAO:0100001	semapv:UnspecifiedMatching
EC:1.4.3.24	EC:1.4.2.3	IAO:0100001	semapv:UnspecifiedMatching
EC:1.4.3.6	EC:1.4.3.21	IAO:0100001	semapv:UnspecifiedMatching
EC:1.4.3.6	EC:1.4.3.22	IAO:0100001	semapv:UnspecifiedMatching
EC:1.4.3.9	EC:1.4.3.4	IAO:0100001	semapv:UnspecifiedMatching
EC:1.4.4.1	EC:1.21.4.1	IAO:0100001	semapv:UnspecifiedMatching
EC:1.4.98.1	EC:1.4.9.1	IAO:0100001	semapv:UnspecifiedMatching
EC:1.4.99.1	EC:1.4.99.6	IAO:0100001	semapv:UnspecifiedMatching
EC:1.4.99.3	EC:1.4.9.1	IAO:0100001	semapv:UnspecifiedMatching
EC:1.4.99.4	EC:1.4.9.2	IAO:0100001	semapv:UnspecifiedMatching
EC:1.5.1.12	EC:1.2.1.88	IAO:0100001	semapv:UnspecifiedMatching
EC:1.5.1.13	EC:1.17.1.5	IAO:0100001	semapv:UnspecifiedMatching
EC:1.5.1.14	EC:1.5.1.21	IAO:0100001	semapv:UnspecifiedMatching
EC:1.5.1.29	EC:1.5.1.38	IAO:0100001	semapv:UnspecifiedMatching
EC:1.5.1.29	EC:1.5.1.39	IAO:0100001	semapv:UnspecifiedMatching
EC:1.5.1.29	EC:1.5.1.41	IAO:0100001	semapv:UnspecifiedMatching
EC:1.5.1.35	EC:1.2.1.19	IAO:0100001	semapv:UnspecifiedMatching
EC:1.5.1.4	EC:1.5.1.3	IAO:0100001	semapv:UnspecifiedMatching
EC:1.5.3.11	EC:1.5.3.13	IAO:0100001	semapv:UnspecifiedMatching
EC:1.5.3.11	EC:1.5.3.14	IAO:0100001	semapv:UnspecifiedMatching
EC:1.5.3.11	EC:1.5.3.15	IAO:0100001	semapv:UnspecifiedMatching
EC:1.5.3.11	EC:1.5.3.16	IAO:0100001	semapv:UnspecifiedMatching
EC:1.5.3.11	EC:1.5.3.17	IAO:0100001	semapv:UnspecifiedMatching
EC:1.5.3.8	EC:1.3.3.8	IAO:0100001	semapv:UnspecifiedMatching
EC:1.5.3.9	EC:1.21.3.3	IAO:0100001	semapv:UnspecifiedMatching
EC:1.5.3.n1	EC:1.5.3.16	IAO:0100001	semapv:UnspecifiedMatching
EC:1.5.3.n10	EC:1.5.3.13	IAO:0100001	semapv:UnspecifiedMatching
EC:1.5.3.n2	EC:1.5.3.16	IAO:0100001	semapv:UnspecifiedMatching
EC:1.5.3.n3	EC:1.5.3.13	IAO:0100001	semapv:UnspecifiedMatching
EC:1.5.3.n3	EC:1.5.3.16	IAO:0100001	semapv:UnspecifiedMatching
EC:1.5.3.n4	EC:1.5.3.13	IAO:0100001	semapv:UnspecifiedMatching
EC:1.5.3.n5	EC:1.5.3.16	IAO:0100001	semapv:UnspecifiedMatching
EC:1.5.3.n6	EC:1.5.3.14	IAO:0100001	semapv:UnspecifiedMatching
EC:1.5.3.n6	EC:1.5.3.15	IAO:0100001	semapv:UnspecifiedMatching
EC:1.5.3.n7	EC:1.5.3.14	IAO:0100001	semapv:UnspecifiedMatching
EC:1.5.3.n7	EC:1.5.3.15	IAO:0100001	semapv:UnspecifiedMatching
EC:1.5.3.n8	EC:1.5.3.14	IAO:0100001	semapv:UnspecifiedMatching
EC:1.5.3.n8	EC:1.5.3.15	IAO:0100001	semapv:UnspecifiedMatching
EC:1.5.3.n9	EC:1.5.3.14	IAO:0100001	semapv:UnspecifiedMatching
EC:1.5.3.n9	EC:1.5.3.15	IAO:0100001	semapv:UnspecifiedMatching
EC:1.5.99.1	EC:1.5.8.3	IAO:0100001	semapv:UnspecifiedMatching
EC:1.5.99.10	EC:1.5.8.1	IAO:0100001	semapv:UnspecifiedMatching
EC:1.5.99.11	EC:1.5.98.2	IAO:0100001	semapv:UnspecifiedMatching
EC:1.5.99.2	EC:1.5.8.4	IAO:0100001	semapv:UnspecifiedMatching
EC:1.5.99.7	EC:1.5.8.2	IAO:0100001	semapv:UnspecifiedMatching
EC:1.5.99.8	EC:1.5.5.2	IAO:0100001	semapv:UnspecifiedMatching
EC:1.5.99.9	EC:1.5.98.1	IAO:0100001	semapv:UnspecifiedMatching
EC:1.6.1.2	EC:7.1.1.1	IAO:0100001	semapv:UnspecifiedMatching
EC:1.6.1.5	EC:7.1.1.1	IAO:0100001	semapv:UnspecifiedMatching
EC:1.6.2.1	EC:1.6.99.3	IAO:0100001	semapv:UnspecifiedMatching
EC:1.6.4.1	EC:1.8.1.6	IAO:0100001	semapv:UnspecifiedMatching
EC:1.6.4.10	EC:1.8.1.14	IAO:0100001	semapv:UnspecifiedMatching
EC:1.6.4.2	EC:1.8.1.7	IAO:0100001	semapv:UnspecifiedMatching
EC:1.6.4.3	EC:1.8.1.4	IAO:0100001	semapv:UnspecifiedMatching
EC:1.6.4.4	EC:1.8.1.8	IAO:0100001	semapv:UnspecifiedMatching
EC:1.6.4.5	EC:1.8.1.9	IAO:0100001	semapv:UnspecifiedMatching
EC:1.6.4.6	EC:1.8.1.10	IAO:0100001	semapv:UnspecifiedMatching
EC:1.6.4.7	EC:1.8.1.11	IAO:0100001	semapv:UnspecifiedMatching
EC:1.6.4.8	EC:1.8.1.12	IAO:0100001	semapv:UnspecifiedMatching
EC:1.6.4.9	EC:1.8.1.13	IAO:0100001	semapv:UnspecifiedMatching
EC:1.6.5.11	EC:1.6.5.9	IAO:0100001	semapv:UnspecifiedMatching
EC:1.6.5.3	EC:7.1.1.2	IAO:0100001	semapv:UnspecifiedMatching
EC:1.6.5.8	EC:7.2.1.1	IAO:0100001	semapv:UnspecifiedMatching
EC:1.6.6.1	EC:1.7.1.1	IAO:0100001	semapv:UnspecifiedMatching
EC:1.6.6.10	EC:1.7.1.9	IAO:0100001	semapv:UnspecifiedMatching
EC:1.6.6.11	EC:1.7.1.10	IAO:0100001	semapv:UnspecifiedMatching
EC:1.6.6.12	EC:1.7.1.11	IAO:0100001	semapv:UnspecifiedMatching
EC:1.6.6.13	EC:1.7.1.12	IAO:0100001	semapv:UnspecifiedMatching
EC:1.6.6.2	EC:1.7.1.2	IAO:0100001	semapv:UnspecifiedMatching
EC:1.6.6.3	EC:1.7.1.3	IAO:0100001	semapv:UnspecifiedMatching
EC:1.6.6.4	EC:1.7.1.4	IAO:0100001	semapv:UnspecifiedMatching
EC:1.6.6.5	EC:1.7.2.1	IAO:0100001	semapv:UnspecifiedMatching
EC:1.6.6.6	EC:1.7.1.5	IAO:0100001	semapv:UnspecifiedMatching
EC:1.6.6.7	EC:1.7.1.6	IAO:0100001	semapv:UnspecifiedMatching
EC:1.6.6.8	EC:1.7.1.7	IAO:0100001	semapv:UnspecifiedMatching
EC:1.6.7.1	EC:1.18.1.2	IAO:0100001	semapv:UnspecifiedMatching
EC:1.6.7.2	EC:1.18.1.1	IAO:0100001	semapv:UnspecifiedMatching
EC:1.6.8.1	EC:1.5.1.38	IAO:0100001	semapv:UnspecifiedMatching
EC:1.6.8.1	EC:1.5.1.39	IAO:0100001	semapv:UnspecifiedMatching
EC:1.6.8.1	EC:1.5.1.41	IAO:0100001	semapv:UnspecifiedMatching
EC:1.6.8.2	EC:1.5.1.30	IAO:0100001	semapv:UnspecifiedMatching
EC:1.6.99.10	EC:1.5.1.34	IAO:0100001	semapv:UnspecifiedMatching
EC:1.6.99.11	EC:1.16.1.5	IAO:0100001	semapv:UnspecifiedMatching
EC:1.6.99.12	EC:1.16.1.6	IAO:0100001	semapv:UnspecifiedMatching
EC:1.6.99.13	EC:1.16.1.7	IAO:0100001	semapv:UnspecifiedMatching
EC:1.6.99.2	EC:1.6.5.2	IAO:0100001	semapv:UnspecifiedMatching
EC:1.6.99.4	EC:1.18.1.2	IAO:0100001	semapv:UnspecifiedMatching
EC:1.6.99.5	EC:1.6.5.11	IAO:0100001	semapv:UnspecifiedMatching
EC:1.6.99.6	EC:1.6.5.10	IAO:0100001	semapv:UnspecifiedMatching
EC:1.6.99.7	EC:1.5.1.34	IAO:0100001	semapv:UnspecifiedMatching
EC:1.6.99.8	EC:1.16.1.3	IAO:0100001	semapv:UnspecifiedMatching
EC:1.6.99.9	EC:1.16.1.4	IAO:0100001	semapv:UnspecifiedMatching
EC:1.6.99.n1	EC:1.5.1.40	IAO:0100001	semapv:UnspecifiedMatching
EC:1.7.3.4	EC:1.7.2.6	IAO:0100001	semapv:UnspecifiedMatching
EC:1.7.3.4	EC:1.7.3.6	IAO:0100001	semapv:UnspecifiedMatching
EC:1.7.99.3	EC:1.7.2.1	IAO:0100001	semapv:UnspecifiedMatching
EC:1.7.99.4	EC:1.7.1.1	IAO:0100001	semapv:UnspecifiedMatching
EC:1.7.99.4	EC:1.7.1.2	IAO:0100001	semapv:UnspecifiedMatching
EC:1.7.99.4	EC:1.7.1.3	IAO:0100001	semapv:UnspecifiedMatching
EC:1.7.99.4	EC:1.7.5.1	IAO:0100001	semapv:UnspecifiedMatching
EC:1.7.99.4	EC:1.7.7.2	IAO:0100001	semapv:UnspecifiedMatching
EC:1.7.99.5	EC:1.5.1.20	IAO:0100001	semapv:UnspecifiedMatching
EC:1.7.99.6	EC:1.7.2.4	IAO:0100001	semapv:UnspecifiedMatching
EC:1.7.99.7	EC:1.7.2.5	IAO:0100001	semapv:UnspecifiedMatching
EC:1.7.99.8	EC:1.7.2.8	IAO:0100001	semapv:UnspecifiedMatching
EC:1.8.4.5	EC:1.8.4.13	IAO:0100001	semapv:UnspecifiedMatching
EC:1.8.4.5	EC:1.8.4.14	IAO:0100001	semapv:UnspecifiedMatching
EC:1.8.4.6	EC:1.8.4.11	IAO:0100001	semapv:UnspecifiedMatching
EC:1.8.6.1	EC:2.5.1.18	IAO:0100001	semapv:UnspecifiedMatching
EC:1.8.99.3	EC:1.8.99.5	IAO:0100001	semapv:UnspecifiedMatching
EC:1.8.99.4	EC:1.8.4.8	IAO:0100001	semapv:UnspecifiedMatching
EC:1.8.99.5	EC:1.8.1.22	IAO:0100001	semapv:UnspecifiedMatching
EC:1.9.3.1	EC:7.1.1.9	IAO:0100001	semapv:UnspecifiedMatching
EC:1.9.3.2	EC:1.7.2.1	IAO:0100001	semapv:UnspecifiedMatching
EC:1.9.99.1	EC:1.9.98.1	IAO:0100001	semapv:UnspecifiedMatching
EC:1.97.1.10	EC:1.21.99.4	IAO:0100001	semapv:UnspecifiedMatching
EC:1.97.1.11	EC:1.21.99.3	IAO:0100001	semapv:UnspecifiedMatching
EC:1.97.1.3	EC:1.12.98.4	IAO:0100001	semapv:UnspecifiedMatching
EC:1.97.1.5	EC:1.20.4.1	IAO:0100001	semapv:UnspecifiedMatching
EC:1.97.1.6	EC:1.20.99.1	IAO:0100001	semapv:UnspecifiedMatching
EC:1.97.1.7	EC:1.20.4.2	IAO:0100001	semapv:UnspecifiedMatching
EC:1.97.1.8	EC:1.21.99.5	IAO:0100001	semapv:UnspecifiedMatching
EC:1.98.1.1	EC:1.12.7.2	IAO:0100001	semapv:UnspecifiedMatching
EC:1.99.1.1	EC:1.14.14.1	IAO:0100001	semapv:UnspecifiedMatching
EC:1.99.1.11	EC:1.14.14.16	IAO:0100001	semapv:UnspecifiedMatching
EC:1.99.1.13	EC:1.14.14.17	IAO:0100001	semapv:UnspecifiedMatching
EC:1.99.1.13	EC:5.4.99.7	IAO:0100001	semapv:UnspecifiedMatching
EC:1.99.1.14	EC:1.13.11.27	IAO:0100001	semapv:UnspecifiedMatching
EC:1.99.1.2	EC:1.14.16.1	IAO:0100001	semapv:UnspecifiedMatching
EC:1.99.1.5	EC:1.14.13.9	IAO:0100001	semapv:UnspecifiedMatching
EC:1.99.1.7	EC:1.14.15.4	IAO:0100001	semapv:UnspecifiedMatching
EC:1.99.1.9	EC:1.14.14.19	IAO:0100001	semapv:UnspecifiedMatching
EC:1.99.2.1	EC:1.13.11.12	IAO:0100001	semapv:UnspecifiedMatching
EC:1.99.2.2	EC:1.13.11.1	IAO:0100001	semapv:UnspecifiedMatching
EC:1.99.2.3	EC:1.13.11.3	IAO:0100001	semapv:UnspecifiedMatching
EC:1.99.2.4	EC:1.13.11.4	IAO:0100001	semapv:UnspecifiedMatching
EC:1.99.2.5	EC:1.13.11.5	IAO:0100001	semapv:UnspecifiedMatching
EC:1.99.2.6	EC:1.13.99.1	IAO:0100001	semapv:UnspecifiedMatching
EC:2.1.1.124	EC:2.1.1.319	IAO:0100001	semapv:UnspecifiedMatching
EC:2.1.1.124	EC:2.1.1.320	IAO:0100001	semapv:UnspecifiedMatching
EC:2.1.1.124	EC:2.1.1.321	IAO:0100001	semapv:UnspecifiedMatching
EC:2.1.1.124	EC:2.1.1.322	IAO:0100001	semapv:UnspecifiedMatching
EC:2.1.1.125	EC:2.1.1.319	IAO:0100001	semapv:UnspecifiedMatching
EC:2.1.1.125	EC:2.1.1.320	IAO:0100001	semapv:UnspecifiedMatching
EC:2.1.1.125	EC:2.1.1.321	IAO:0100001	semapv:UnspecifiedMatching
EC:2.1.1.125	EC:2.1.1.322	IAO:0100001	semapv:UnspecifiedMatching
EC:2.1.1.126	EC:2.1.1.319	IAO:0100001	semapv:UnspecifiedMatching
EC:2.1.1.126	EC:2.1.1.320	IAO:0100001	semapv:UnspecifiedMatching
EC:2.1.1.126	EC:2.1.1.321	IAO:0100001	semapv:UnspecifiedMatching
EC:2.1.1.126	EC:2.1.1.322	IAO:0100001	semapv:UnspecifiedMatching
EC:2.1.1.134	EC:2.1.1.129	IAO:0100001	semapv:UnspecifiedMatching
EC:2.1.1.135	EC:1.16.1.8	IAO:0100001	semapv:UnspecifiedMatching
EC:2.1.1.149	EC:2.1.1.267	IAO:0100001	semapv:UnspecifiedMatching
EC:2.1.1.23	EC:2.1.1.319	IAO:0100001	semapv:UnspecifiedMatching
EC:2.1.1.23	EC:2.1.1.320	IAO:0100001	semapv:UnspecifiedMatching
EC:2.1.1.23	EC:2.1.1.321	IAO:0100001	semapv:UnspecifiedMatching
EC:2.1.1.23	EC:2.1.1.322	IAO:0100001	semapv:UnspecifiedMatching
EC:2.1.1.24	EC:2.1.1.100	IAO:0100001	semapv:UnspecifiedMatching
EC:2.1.1.24	EC:2.1.1.77	IAO:0100001	semapv:UnspecifiedMatching
EC:2.1.1.24	EC:2.1.1.80	IAO:0100001	semapv:UnspecifiedMatching
EC:2.1.1.29	EC:2.1.1.202	IAO:0100001	semapv:UnspecifiedMatching
EC:2.1.1.29	EC:2.1.1.203	IAO:0100001	semapv:UnspecifiedMatching
EC:2.1.1.29	EC:2.1.1.204	IAO:0100001	semapv:UnspecifiedMatching
EC:2.1.1.31	EC:2.1.1.221	IAO:0100001	semapv:UnspecifiedMatching
EC:2.1.1.31	EC:2.1.1.228	IAO:0100001	semapv:UnspecifiedMatching
EC:2.1.1.32	EC:2.1.1.213	IAO:0100001	semapv:UnspecifiedMatching
EC:2.1.1.32	EC:2.1.1.214	IAO:0100001	semapv:UnspecifiedMatching
EC:2.1.1.32	EC:2.1.1.215	IAO:0100001	semapv:UnspecifiedMatching
EC:2.1.1.32	EC:2.1.1.216	IAO:0100001	semapv:UnspecifiedMatching
EC:2.1.1.36	EC:2.1.1.217	IAO:0100001	semapv:UnspecifiedMatching
EC:2.1.1.36	EC:2.1.1.218	IAO:0100001	semapv:UnspecifiedMatching
EC:2.1.1.36	EC:2.1.1.219	IAO:0100001	semapv:UnspecifiedMatching
EC:2.1.1.36	EC:2.1.1.220	IAO:0100001	semapv:UnspecifiedMatching
EC:2.1.1.43	EC:2.1.1.354	IAO:0100001	semapv:UnspecifiedMatching
EC:2.1.1.48	EC:2.1.1.181	IAO:0100001	semapv:UnspecifiedMatching
EC:2.1.1.48	EC:2.1.1.182	IAO:0100001	semapv:UnspecifiedMatching
EC:2.1.1.48	EC:2.1.1.183	IAO:0100001	semapv:UnspecifiedMatching
EC:2.1.1.48	EC:2.1.1.184	IAO:0100001	semapv:UnspecifiedMatching
EC:2.1.1.51	EC:2.1.1.187	IAO:0100001	semapv:UnspecifiedMatching
EC:2.1.1.51	EC:2.1.1.188	IAO:0100001	semapv:UnspecifiedMatching
EC:2.1.1.52	EC:2.1.1.171	IAO:0100001	semapv:UnspecifiedMatching
EC:2.1.1.52	EC:2.1.1.172	IAO:0100001	semapv:UnspecifiedMatching
EC:2.1.1.52	EC:2.1.1.173	IAO:0100001	semapv:UnspecifiedMatching
EC:2.1.1.52	EC:2.1.1.174	IAO:0100001	semapv:UnspecifiedMatching
EC:2.1.1.58	EC:2.1.1.57	IAO:0100001	semapv:UnspecifiedMatching
EC:2.1.1.66	EC:2.1.1.230	IAO:0100001	semapv:UnspecifiedMatching
EC:2.1.1.73	EC:2.1.1.37	IAO:0100001	semapv:UnspecifiedMatching
EC:2.1.1.81	EC:2.1.1.49	IAO:0100001	semapv:UnspecifiedMatching
EC:2.1.1.86	EC:7.2.1.4	IAO:0100001	semapv:UnspecifiedMatching
EC:2.1.1.92	EC:2.1.1.69	IAO:0100001	semapv:UnspecifiedMatching
EC:2.1.1.93	EC:2.1.1.70	IAO:0100001	semapv:UnspecifiedMatching
EC:2.1.1.n10	EC:2.1.1.278	IAO:0100001	semapv:UnspecifiedMatching
EC:2.1.1.n12	EC:2.1.1.329	IAO:0100001	semapv:UnspecifiedMatching
EC:2.1.1.n13	EC:2.1.1.301	IAO:0100001	semapv:UnspecifiedMatching
EC:2.1.1.n14	EC:2.1.1.300	IAO:0100001	semapv:UnspecifiedMatching
EC:2.1.1.n15	EC:2.1.1.298	IAO:0100001	semapv:UnspecifiedMatching
EC:2.1.1.n16	EC:2.1.1.297	IAO:0100001	semapv:UnspecifiedMatching
EC:2.1.1.n2	EC:2.1.1.211	IAO:0100001	semapv:UnspecifiedMatching
EC:2.1.1.n3	EC:2.1.1.280	IAO:0100001	semapv:UnspecifiedMatching
EC:2.1.1.n5	EC:2.1.1.244	IAO:0100001	semapv:UnspecifiedMatching
EC:2.1.1.n6	EC:2.1.1.255	IAO:0100001	semapv:UnspecifiedMatching
EC:2.1.1.n8	EC:2.1.1.386	IAO:0100001	semapv:UnspecifiedMatching
EC:2.1.1.n9	EC:2.1.1.274	IAO:0100001	semapv:UnspecifiedMatching
EC:2.1.2.12	EC:2.1.1.74	IAO:0100001	semapv:UnspecifiedMatching
EC:2.1.2.6	EC:2.1.2.5	IAO:0100001	semapv:UnspecifiedMatching
EC:2.1.2.n1	EC:2.1.2.13	IAO:0100001	semapv:UnspecifiedMatching
EC:2.1.3.13	EC:6.1.2.2	IAO:0100001	semapv:UnspecifiedMatching
EC:2.1.3.14	EC:6.1.2.2	IAO:0100001	semapv:UnspecifiedMatching
EC:2.3.1.104	EC:2.3.1.25	IAO:0100001	semapv:UnspecifiedMatching
EC:2.3.1.119	EC:1.1.1.330	IAO:0100001	semapv:UnspecifiedMatching
EC:2.3.1.119	EC:1.3.1.93	IAO:0100001	semapv:UnspecifiedMatching
EC:2.3.1.119	EC:2.3.1.199	IAO:0100001	semapv:UnspecifiedMatching
EC:2.3.1.119	EC:4.2.1.134	IAO:0100001	semapv:UnspecifiedMatching
EC:2.3.1.128	EC:2.3.1.266	IAO:0100001	semapv:UnspecifiedMatching
EC:2.3.1.128	EC:2.3.1.267	IAO:0100001	semapv:UnspecifiedMatching
EC:2.3.1.154	EC:2.3.1.176	IAO:0100001	semapv:UnspecifiedMatching
EC:2.3.1.182	EC:2.3.3.21	IAO:0100001	semapv:UnspecifiedMatching
EC:2.3.1.55	EC:2.3.1.82	IAO:0100001	semapv:UnspecifiedMatching
EC:2.3.1.88	EC:2.3.1.254	IAO:0100001	semapv:UnspecifiedMatching
EC:2.3.1.88	EC:2.3.1.255	IAO:0100001	semapv:UnspecifiedMatching
EC:2.3.1.88	EC:2.3.1.256	IAO:0100001	semapv:UnspecifiedMatching
EC:2.3.1.88	EC:2.3.1.257	IAO:0100001	semapv:UnspecifiedMatching
EC:2.3.1.88	EC:2.3.1.258	IAO:0100001	semapv:UnspecifiedMatching
EC:2.3.1.n1	EC:2.3.1.191	IAO:0100001	semapv:UnspecifiedMatching
EC:2.3.1.n10	EC:2.3.1.222	IAO:0100001	semapv:UnspecifiedMatching
EC:2.3.1.n11	EC:2.3.1.223	IAO:0100001	semapv:UnspecifiedMatching
EC:2.3.1.n2	EC:2.3.1.274	IAO:0100001	semapv:UnspecifiedMatching
EC:2.3.1.n3	EC:2.3.1.275	IAO:0100001	semapv:UnspecifiedMatching
EC:2.3.1.n8	EC:2.3.1.199	IAO:0100001	semapv:UnspecifiedMatching
EC:2.3.1.n9	EC:2.3.1.211	IAO:0100001	semapv:UnspecifiedMatching
EC:2.3.2.4	EC:4.3.2.9	IAO:0100001	semapv:UnspecifiedMatching
EC:2.4.1.107	EC:2.4.1.17	IAO:0100001	semapv:UnspecifiedMatching
EC:2.4.1.108	EC:2.4.1.17	IAO:0100001	semapv:UnspecifiedMatching
EC:2.4.1.112	EC:2.4.1.186	IAO:0100001	semapv:UnspecifiedMatching
EC:2.4.1.119	EC:2.4.99.18	IAO:0100001	semapv:UnspecifiedMatching
EC:2.4.1.124	EC:2.4.1.87	IAO:0100001	semapv:UnspecifiedMatching
EC:2.4.1.129	EC:2.4.99.28	IAO:0100001	semapv:UnspecifiedMatching
EC:2.4.1.130	EC:2.4.1.258	IAO:0100001	semapv:UnspecifiedMatching
EC:2.4.1.130	EC:2.4.1.259	IAO:0100001	semapv:UnspecifiedMatching
EC:2.4.1.130	EC:2.4.1.260	IAO:0100001	semapv:UnspecifiedMatching
EC:2.4.1.130	EC:2.4.1.261	IAO:0100001	semapv:UnspecifiedMatching
EC:2.4.1.151	EC:2.4.1.87	IAO:0100001	semapv:UnspecifiedMatching
EC:2.4.1.157	EC:2.4.1.336	IAO:0100001	semapv:UnspecifiedMatching
EC:2.4.1.157	EC:2.4.1.337	IAO:0100001	semapv:UnspecifiedMatching
EC:2.4.1.163	EC:2.4.1.149	IAO:0100001	semapv:UnspecifiedMatching
EC:2.4.1.164	EC:2.4.1.150	IAO:0100001	semapv:UnspecifiedMatching
EC:2.4.1.169	EC:2.4.2.39	IAO:0100001	semapv:UnspecifiedMatching
EC:2.4.1.200	EC:4.2.2.17	IAO:0100001	semapv:UnspecifiedMatching
EC:2.4.1.204	EC:2.4.2.40	IAO:0100001	semapv:UnspecifiedMatching
EC:2.4.1.233	EC:2.4.1.115	IAO:0100001	semapv:UnspecifiedMatching
EC:2.4.1.3	EC:2.4.1.25	IAO:0100001	semapv:UnspecifiedMatching
EC:2.4.1.307	EC:2.4.1.122	IAO:0100001	semapv:UnspecifiedMatching
EC:2.4.1.42	EC:2.4.1.17	IAO:0100001	semapv:UnspecifiedMatching
EC:2.4.1.45	EC:2.4.1.47	IAO:0100001	semapv:UnspecifiedMatching
EC:2.4.1.51	EC:2.4.1.101	IAO:0100001	semapv:UnspecifiedMatching
EC:2.4.1.51	EC:2.4.1.143	IAO:0100001	semapv:UnspecifiedMatching
EC:2.4.1.51	EC:2.4.1.144	IAO:0100001	semapv:UnspecifiedMatching
EC:2.4.1.51	EC:2.4.1.145	IAO:0100001	semapv:UnspecifiedMatching
EC:2.4.1.55	EC:2.7.8.14	IAO:0100001	semapv:UnspecifiedMatching
EC:2.4.1.57	EC:2.4.1.345	IAO:0100001	semapv:UnspecifiedMatching
EC:2.4.1.59	EC:2.4.1.17	IAO:0100001	semapv:UnspecifiedMatching
EC:2.4.1.61	EC:2.4.1.17	IAO:0100001	semapv:UnspecifiedMatching
EC:2.4.1.72	EC:2.4.2.24	IAO:0100001	semapv:UnspecifiedMatching
EC:2.4.1.76	EC:2.4.1.17	IAO:0100001	semapv:UnspecifiedMatching
EC:2.4.1.77	EC:2.4.1.17	IAO:0100001	semapv:UnspecifiedMatching
EC:2.4.1.84	EC:2.4.1.17	IAO:0100001	semapv:UnspecifiedMatching
EC:2.4.1.89	EC:2.4.1.69	IAO:0100001	semapv:UnspecifiedMatching
EC:2.4.1.93	EC:4.2.2.18	IAO:0100001	semapv:UnspecifiedMatching
EC:2.4.1.98	EC:2.4.1.90	IAO:0100001	semapv:UnspecifiedMatching
EC:2.4.1.n1	EC:2.4.1.245	IAO:0100001	semapv:UnspecifiedMatching
EC:2.4.1.n3	EC:2.4.1.250	IAO:0100001	semapv:UnspecifiedMatching
EC:2.4.1.n4	EC:2.4.1.131	IAO:0100001	semapv:UnspecifiedMatching
EC:2.4.1.n5	EC:2.4.99.16	IAO:0100001	semapv:UnspecifiedMatching
EC:2.4.2.11	EC:6.3.4.21	IAO:0100001	semapv:UnspecifiedMatching
EC:2.4.2.13	EC:2.5.1.6	IAO:0100001	semapv:UnspecifiedMatching
EC:2.4.2.23	EC:2.4.2.2	IAO:0100001	semapv:UnspecifiedMatching
EC:2.4.2.23	EC:2.4.2.3	IAO:0100001	semapv:UnspecifiedMatching
EC:2.4.2.23	EC:2.4.2.4	IAO:0100001	semapv:UnspecifiedMatching
EC:2.4.2.n1	EC:2.4.2.43	IAO:0100001	semapv:UnspecifiedMatching
EC:2.4.2.n2	EC:2.4.2.42	IAO:0100001	semapv:UnspecifiedMatching
EC:2.4.2.n3	EC:2.4.2.62	IAO:0100001	semapv:UnspecifiedMatching
EC:2.4.99.1	EC:2.4.3.1	IAO:0100001	semapv:UnspecifiedMatching
EC:2.4.99.10	EC:2.4.99.6	IAO:0100001	semapv:UnspecifiedMatching
EC:2.4.99.11	EC:2.4.99.1	IAO:0100001	semapv:UnspecifiedMatching
EC:2.4.99.2	EC:2.4.3.2	IAO:0100001	semapv:UnspecifiedMatching
EC:2.4.99.22	EC:2.4.3.10	IAO:0100001	semapv:UnspecifiedMatching
EC:2.4.99.3	EC:2.4.3.3	IAO:0100001	semapv:UnspecifiedMatching
EC:2.4.99.4	EC:2.4.3.4	IAO:0100001	semapv:UnspecifiedMatching
EC:2.4.99.5	EC:2.4.3.5	IAO:0100001	semapv:UnspecifiedMatching
EC:2.4.99.6	EC:2.4.3.6	IAO:0100001	semapv:UnspecifiedMatching
EC:2.4.99.7	EC:2.4.3.7	IAO:0100001	semapv:UnspecifiedMatching
EC:2.4.99.8	EC:2.4.3.8	IAO:0100001	semapv:UnspecifiedMatching
EC:2.4.99.9	EC:2.4.3.9	IAO:0100001	semapv:UnspecifiedMatching
EC:2.5.1.11	EC:2.5.1.84	IAO:0100001	semapv:UnspecifiedMatching
EC:2.5.1.11	EC:2.5.1.85	IAO:0100001	semapv:UnspecifiedMatching
EC:2.5.1.12	EC:2.5.1.18	IAO:0100001	semapv:UnspecifiedMatching
EC:2.5.1.13	EC:2.5.1.18	IAO:0100001	semapv:UnspecifiedMatching
EC:2.5.1.14	EC:2.5.1.18	IAO:0100001	semapv:UnspecifiedMatching
EC:2.5.1.33	EC:2.5.1.82	IAO:0100001	semapv:UnspecifiedMatching
EC:2.5.1.33	EC:2.5.1.83	IAO:0100001	semapv:UnspecifiedMatching
EC:2.5.1.37	EC:4.4.1.20	IAO:0100001	semapv:UnspecifiedMatching
EC:2.5.1.4	EC:4.4.1.42	IAO:0100001	semapv:UnspecifiedMatching
EC:2.5.1.40	EC:4.2.3.9	IAO:0100001	semapv:UnspecifiedMatching
EC:2.5.1.64	EC:2.2.1.9	IAO:0100001	semapv:UnspecifiedMatching
EC:2.5.1.64	EC:4.2.99.20	IAO:0100001	semapv:UnspecifiedMatching
EC:2.5.1.77	EC:2.5.1.147	IAO:0100001	semapv:UnspecifiedMatching
EC:2.5.1.77	EC:4.3.1.32	IAO:0100001	semapv:UnspecifiedMatching
EC:2.5.1.8	EC:2.5.1.75	IAO:0100001	semapv:UnspecifiedMatching
EC:2.5.1.n1	EC:2.2.1.9	IAO:0100001	semapv:UnspecifiedMatching
EC:2.5.1.n2	EC:2.5.1.81	IAO:0100001	semapv:UnspecifiedMatching
EC:2.5.1.n3	EC:2.5.1.73	IAO:0100001	semapv:UnspecifiedMatching
EC:2.5.1.n4	EC:2.5.1.112	IAO:0100001	semapv:UnspecifiedMatching
EC:2.5.1.n5	EC:2.5.1.113	IAO:0100001	semapv:UnspecifiedMatching
EC:2.5.1.n6	EC:2.5.1.105	IAO:0100001	semapv:UnspecifiedMatching
EC:2.5.1.n7	EC:2.5.1.108	IAO:0100001	semapv:UnspecifiedMatching
EC:2.5.1.n8	EC:2.5.1.115	IAO:0100001	semapv:UnspecifiedMatching
EC:2.6.1.10	EC:2.6.1.21	IAO:0100001	semapv:UnspecifiedMatching
EC:2.6.1.25	EC:2.6.1.24	IAO:0100001	semapv:UnspecifiedMatching
EC:2.6.1.53	EC:1.4.1.13	IAO:0100001	semapv:UnspecifiedMatching
EC:2.6.1.61	EC:2.6.1.40	IAO:0100001	semapv:UnspecifiedMatching
EC:2.6.1.91	EC:2.6.1.34	IAO:0100001	semapv:UnspecifiedMatching
EC:2.6.1.n1	EC:2.6.1.87	IAO:0100001	semapv:UnspecifiedMatching
EC:2.6.1.n2	EC:2.6.1.105	IAO:0100001	semapv:UnspecifiedMatching
EC:2.6.2.1	EC:2.1.4.1	IAO:0100001	semapv:UnspecifiedMatching
EC:2.6.99.4	EC:2.3.1.234	IAO:0100001	semapv:UnspecifiedMatching
EC:2.7.1.104	EC:2.7.99.1	IAO:0100001	semapv:UnspecifiedMatching
EC:2.7.1.109	EC:2.7.11.31	IAO:0100001	semapv:UnspecifiedMatching
EC:2.7.1.110	EC:2.7.11.3	IAO:0100001	semapv:UnspecifiedMatching
EC:2.7.1.111	EC:2.7.11.27	IAO:0100001	semapv:UnspecifiedMatching
EC:2.7.1.112	EC:2.7.10.1	IAO:0100001	semapv:UnspecifiedMatching
EC:2.7.1.112	EC:2.7.10.2	IAO:0100001	semapv:UnspecifiedMatching
EC:2.7.1.115	EC:2.7.11.4	IAO:0100001	semapv:UnspecifiedMatching
EC:2.7.1.116	EC:2.7.11.5	IAO:0100001	semapv:UnspecifiedMatching
EC:2.7.1.117	EC:2.7.11.18	IAO:0100001	semapv:UnspecifiedMatching
EC:2.7.1.120	EC:2.7.11.17	IAO:0100001	semapv:UnspecifiedMatching
EC:2.7.1.123	EC:2.7.11.17	IAO:0100001	semapv:UnspecifiedMatching
EC:2.7.1.124	EC:2.7.11.6	IAO:0100001	semapv:UnspecifiedMatching
EC:2.7.1.125	EC:2.7.11.14	IAO:0100001	semapv:UnspecifiedMatching
EC:2.7.1.126	EC:2.7.11.15	IAO:0100001	semapv:UnspecifiedMatching
EC:2.7.1.128	EC:2.7.11.27	IAO:0100001	semapv:UnspecifiedMatching
EC:2.7.1.129	EC:2.7.11.7	IAO:0100001	semapv:UnspecifiedMatching
EC:2.7.1.131	EC:2.7.11.29	IAO:0100001	semapv:UnspecifiedMatching
EC:2.7.1.132	EC:2.7.11.28	IAO:0100001	semapv:UnspecifiedMatching
EC:2.7.1.133	EC:2.7.1.134	IAO:0100001	semapv:UnspecifiedMatching
EC:2.7.1.135	EC:2.7.11.26	IAO:0100001	semapv:UnspecifiedMatching
EC:2.7.1.139	EC:2.7.1.134	IAO:0100001	semapv:UnspecifiedMatching
EC:2.7.1.141	EC:2.7.11.23	IAO:0100001	semapv:UnspecifiedMatching
EC:2.7.1.152	EC:2.7.4.21	IAO:0100001	semapv:UnspecifiedMatching
EC:2.7.1.155	EC:2.7.4.24	IAO:0100001	semapv:UnspecifiedMatching
EC:2.7.1.37	EC:2.7.11.1	IAO:0100001	semapv:UnspecifiedMatching
EC:2.7.1.37	EC:2.7.11.10	IAO:0100001	semapv:UnspecifiedMatching
EC:2.7.1.37	EC:2.7.11.11	IAO:0100001	semapv:UnspecifiedMatching
EC:2.7.1.37	EC:2.7.11.8	IAO:0100001	semapv:UnspecifiedMatching
EC:2.7.1.37	EC:2.7.11.9	IAO:0100001	semapv:UnspecifiedMatching
EC:2.7.1.38	EC:2.7.11.19	IAO:0100001	semapv:UnspecifiedMatching
EC:2.7.1.69	EC:2.7.1.191	IAO:0100001	semapv:UnspecifiedMatching
EC:2.7.1.69	EC:2.7.1.192	IAO:0100001	semapv:UnspecifiedMatching
EC:2.7.1.69	EC:2.7.1.193	IAO:0100001	semapv:UnspecifiedMatching
EC:2.7.1.69	EC:2.7.1.194	IAO:0100001	semapv:UnspecifiedMatching
EC:2.7.1.69	EC:2.7.1.195	IAO:0100001	semapv:UnspecifiedMatching
EC:2.7.1.70	EC:2.7.11.1	IAO:0100001	semapv:UnspecifiedMatching
EC:2.7.1.75	EC:2.7.1.21	IAO:0100001	semapv:UnspecifiedMatching
EC:2.7.1.96	EC:2.7.1.86	IAO:0100001	semapv:UnspecifiedMatching
EC:2.7.1.97	EC:2.7.11.14	IAO:0100001	semapv:UnspecifiedMatching
EC:2.7.1.99	EC:2.7.11.2	IAO:0100001	semapv:UnspecifiedMatching
EC:2.7.1.n1	EC:2.7.1.170	IAO:0100001	semapv:UnspecifiedMatching
EC:2.7.1.n2	EC:2.7.1.161	IAO:0100001	semapv:UnspecifiedMatching
EC:2.7.1.n3	EC:2.7.1.164	IAO:0100001	semapv:UnspecifiedMatching
EC:2.7.1.n4	EC:2.7.1.173	IAO:0100001	semapv:UnspecifiedMatching
EC:2.7.1.n5	EC:2.7.1.174	IAO:0100001	semapv:UnspecifiedMatching
EC:2.7.1.n6	EC:2.7.1.163	IAO:0100001	semapv:UnspecifiedMatching
EC:2.7.1.n7	EC:2.7.1.176	IAO:0100001	semapv:UnspecifiedMatching
EC:2.7.1.n8	EC:2.7.1.175	IAO:0100001	semapv:UnspecifiedMatching
EC:2.7.11.27	EC:2.7.11.31	IAO:0100001	semapv:UnspecifiedMatching
EC:2.7.11.n1	EC:2.7.11.32	IAO:0100001	semapv:UnspecifiedMatching
EC:2.7.11.n2	EC:2.7.11.33	IAO:0100001	semapv:UnspecifiedMatching
EC:2.7.2.5	EC:6.3.4.16	IAO:0100001	semapv:UnspecifiedMatching
EC:2.7.2.9	EC:6.3.5.5	IAO:0100001	semapv:UnspecifiedMatching
EC:2.7.3.11	EC:2.7.13.1	IAO:0100001	semapv:UnspecifiedMatching
EC:2.7.3.12	EC:2.7.13.2	IAO:0100001	semapv:UnspecifiedMatching
EC:2.7.4.30	EC:2.7.8.43	IAO:0100001	semapv:UnspecifiedMatching
EC:2.7.4.5	EC:2.7.4.14	IAO:0100001	semapv:UnspecifiedMatching
EC:2.7.4.n1	EC:2.7.4.27	IAO:0100001	semapv:UnspecifiedMatching
EC:2.7.4.n2	EC:2.7.4.28	IAO:0100001	semapv:UnspecifiedMatching
EC:2.7.5.1	EC:5.4.2.2	IAO:0100001	semapv:UnspecifiedMatching
EC:2.7.5.2	EC:5.4.2.3	IAO:0100001	semapv:UnspecifiedMatching
EC:2.7.5.3	EC:5.4.2.11	IAO:0100001	semapv:UnspecifiedMatching
EC:2.7.5.3	EC:5.4.2.12	IAO:0100001	semapv:UnspecifiedMatching
EC:2.7.5.4	EC:5.4.2.4	IAO:0100001	semapv:UnspecifiedMatching
EC:2.7.5.5	EC:5.4.2.5	IAO:0100001	semapv:UnspecifiedMatching
EC:2.7.5.6	EC:5.4.2.7	IAO:0100001	semapv:UnspecifiedMatching
EC:2.7.5.7	EC:5.4.2.8	IAO:0100001	semapv:UnspecifiedMatching
EC:2.7.7.16	EC:4.6.1.18	IAO:0100001	semapv:UnspecifiedMatching
EC:2.7.7.17	EC:4.6.1.19	IAO:0100001	semapv:UnspecifiedMatching
EC:2.7.7.21	EC:2.7.7.72	IAO:0100001	semapv:UnspecifiedMatching
EC:2.7.7.25	EC:2.7.7.72	IAO:0100001	semapv:UnspecifiedMatching
EC:2.7.7.26	EC:4.6.1.24	IAO:0100001	semapv:UnspecifiedMatching
EC:2.7.7.29	EC:2.7.7.28	IAO:0100001	semapv:UnspecifiedMatching
EC:2.7.7.54	EC:6.3.2.40	IAO:0100001	semapv:UnspecifiedMatching
EC:2.7.7.55	EC:6.3.2.40	IAO:0100001	semapv:UnspecifiedMatching
EC:2.7.7.58	EC:6.2.1.71	IAO:0100001	semapv:UnspecifiedMatching
EC:2.7.7.63	EC:6.3.1.20	IAO:0100001	semapv:UnspecifiedMatching
EC:2.7.7.94	EC:6.2.1.51	IAO:0100001	semapv:UnspecifiedMatching
EC:2.7.7.95	EC:6.2.1.49	IAO:0100001	semapv:UnspecifiedMatching
EC:2.7.7.98	EC:6.2.1.50	IAO:0100001	semapv:UnspecifiedMatching
EC:2.7.7.n1	EC:2.7.7.108	IAO:0100001	semapv:UnspecifiedMatching
EC:2.7.7.n2	EC:2.7.7.67	IAO:0100001	semapv:UnspecifiedMatching
EC:2.7.7.n3	EC:2.7.7.73	IAO:0100001	semapv:UnspecifiedMatching
EC:2.7.7.n4	EC:2.7.7.80	IAO:0100001	semapv:UnspecifiedMatching
EC:2.7.7.n5	EC:2.7.7.75	IAO:0100001	semapv:UnspecifiedMatching
EC:2.7.8.16	EC:2.7.8.2	IAO:0100001	semapv:UnspecifiedMatching
EC:2.7.8.25	EC:2.4.2.52	IAO:0100001	semapv:UnspecifiedMatching
EC:2.7.8.30	EC:2.4.2.53	IAO:0100001	semapv:UnspecifiedMatching
EC:2.7.8.n1	EC:2.4.2.53	IAO:0100001	semapv:UnspecifiedMatching
EC:2.7.8.n2	EC:2.7.8.33	IAO:0100001	semapv:UnspecifiedMatching
EC:2.7.8.n3	EC:2.7.8.48	IAO:0100001	semapv:UnspecifiedMatching
EC:2.8.1.n1	EC:2.8.1.11	IAO:0100001	semapv:UnspecifiedMatching
EC:2.8.2.12	EC:2.8.2.8	IAO:0100001	semapv:UnspecifiedMatching
EC:2.8.2.n1	EC:2.8.2.20	IAO:0100001	semapv:UnspecifiedMatching
EC:2.9.1.n1	EC:2.9.1.2	IAO:0100001	semapv:UnspecifiedMatching
EC:3.1.1.12	EC:3.1.1.1	IAO:0100001	semapv:UnspecifiedMatching
EC:3.1.1.16	EC:3.1.1.24	IAO:0100001	semapv:UnspecifiedMatching
EC:3.1.1.16	EC:5.3.3.4	IAO:0100001	semapv:UnspecifiedMatching
EC:3.1.1.18	EC:3.1.1.17	IAO:0100001	semapv:UnspecifiedMatching
EC:3.1.1.62	EC:3.5.1.47	IAO:0100001	semapv:UnspecifiedMatching
EC:3.1.1.69	EC:3.5.1.89	IAO:0100001	semapv:UnspecifiedMatching
EC:3.1.1.n1	EC:3.5.1.103	IAO:0100001	semapv:UnspecifiedMatching
EC:3.1.11.7	EC:3.6.1.71	IAO:0100001	semapv:UnspecifiedMatching
EC:3.1.11.8	EC:3.6.1.70	IAO:0100001	semapv:UnspecifiedMatching
EC:3.1.12.2	EC:3.6.1.72	IAO:0100001	semapv:UnspecifiedMatching
EC:3.1.2.24	EC:3.13.1.3	IAO:0100001	semapv:UnspecifiedMatching
EC:3.1.2.26	EC:2.8.3.25	IAO:0100001	semapv:UnspecifiedMatching
EC:3.1.2.8	EC:3.1.2.6	IAO:0100001	semapv:UnspecifiedMatching
EC:3.1.2.n1	EC:3.1.2.28	IAO:0100001	semapv:UnspecifiedMatching
EC:3.1.2.n2	EC:3.1.2.30	IAO:0100001	semapv:UnspecifiedMatching
EC:3.1.22.3	EC:3.1.21.7	IAO:0100001	semapv:UnspecifiedMatching
EC:3.1.22.4	EC:3.1.21.10	IAO:0100001	semapv:UnspecifiedMatching
EC:3.1.23.1	EC:3.1.21.4	IAO:0100001	semapv:UnspecifiedMatching
EC:3.1.23.10	EC:3.1.21.4	IAO:0100001	semapv:UnspecifiedMatching
EC:3.1.23.11	EC:3.1.21.4	IAO:0100001	semapv:UnspecifiedMatching
EC:3.1.23.12	EC:3.1.21.4	IAO:0100001	semapv:UnspecifiedMatching
EC:3.1.23.13	EC:3.1.21.4	IAO:0100001	semapv:UnspecifiedMatching
EC:3.1.23.14	EC:3.1.21.4	IAO:0100001	semapv:UnspecifiedMatching
EC:3.1.23.15	EC:3.1.21.4	IAO:0100001	semapv:UnspecifiedMatching
EC:3.1.23.16	EC:3.1.21.4	IAO:0100001	semapv:UnspecifiedMatching
EC:3.1.23.17	EC:3.1.21.4	IAO:0100001	semapv:UnspecifiedMatching
EC:3.1.23.18	EC:3.1.21.4	IAO:0100001	semapv:UnspecifiedMatching
EC:3.1.23.19	EC:3.1.21.4	IAO:0100001	semapv:UnspecifiedMatching
EC:3.1.23.2	EC:3.1.21.4	IAO:0100001	semapv:UnspecifiedMatching
EC:3.1.23.20	EC:3.1.21.4	IAO:0100001	semapv:UnspecifiedMatching
EC:3.1.23.21	EC:3.1.21.4	IAO:0100001	semapv:UnspecifiedMatching
EC:3.1.23.22	EC:3.1.21.4	IAO:0100001	semapv:UnspecifiedMatching
EC:3.1.23.23	EC:3.1.21.4	IAO:0100001	semapv:UnspecifiedMatching
EC:3.1.23.24	EC:3.1.21.4	IAO:0100001	semapv:UnspecifiedMatching
EC:3.1.23.25	EC:3.1.21.4	IAO:0100001	semapv:UnspecifiedMatching
EC:3.1.23.26	EC:3.1.21.4	IAO:0100001	semapv:UnspecifiedMatching
EC:3.1.23.27	EC:3.1.21.4	IAO:0100001	semapv:UnspecifiedMatching
EC:3.1.23.28	EC:3.1.21.4	IAO:0100001	semapv:UnspecifiedMatching
EC:3.1.23.29	EC:3.1.21.4	IAO:0100001	semapv:UnspecifiedMatching
EC:3.1.23.3	EC:3.1.21.4	IAO:0100001	semapv:UnspecifiedMatching
EC:3.1.23.30	EC:3.1.21.4	IAO:0100001	semapv:UnspecifiedMatching
EC:3.1.23.31	EC:3.1.21.4	IAO:0100001	semapv:UnspecifiedMatching
EC:3.1.23.32	EC:3.1.21.4	IAO:0100001	semapv:UnspecifiedMatching
EC:3.1.23.33	EC:3.1.21.4	IAO:0100001	semapv:UnspecifiedMatching
EC:3.1.23.34	EC:3.1.21.4	IAO:0100001	semapv:UnspecifiedMatching
EC:3.1.23.35	EC:3.1.21.4	IAO:0100001	semapv:UnspecifiedMatching
EC:3.1.23.36	EC:3.1.21.4	IAO:0100001	semapv:UnspecifiedMatching
EC:3.1.23.37	EC:3.1.21.4	IAO:0100001	semapv:UnspecifiedMatching
EC:3.1.23.38	EC:3.1.21.4	IAO:0100001	semapv:UnspecifiedMatching
EC:3.1.23.39	EC:3.1.21.4	IAO:0100001	semapv:UnspecifiedMatching
EC:3.1.23.4	EC:3.1.21.4	IAO:0100001	semapv:UnspecifiedMatching
EC:3.1.23.40	EC:3.1.21.4	IAO:0100001	semapv:UnspecifiedMatching
EC:3.1.23.41	EC:3.1.21.4	IAO:0100001	semapv:UnspecifiedMatching
EC:3.1.23.42	EC:3.1.21.4	IAO:0100001	semapv:UnspecifiedMatching
EC:3.1.23.43	EC:3.1.21.4	IAO:0100001	semapv:UnspecifiedMatching
EC:3.1.23.44	EC:3.1.21.4	IAO:0100001	semapv:UnspecifiedMatching
EC:3.1.23.45	EC:3.1.21.4	IAO:0100001	semapv:UnspecifiedMatching
EC:3.1.23.46	EC:3.1.21.4	IAO:0100001	semapv:UnspecifiedMatching
EC:3.1.23.47	EC:3.1.21.4	IAO:0100001	semapv:UnspecifiedMatching
EC:3.1.23.48	EC:3.1.21.4	IAO:0100001	semapv:UnspecifiedMatching
EC:3.1.23.49	EC:3.1.21.4	IAO:0100001	semapv:UnspecifiedMatching
EC:3.1.23.5	EC:3.1.21.4	IAO:0100001	semapv:UnspecifiedMatching
EC:3.1.23.50	EC:3.1.21.4	IAO:0100001	semapv:UnspecifiedMatching
EC:3.1.23.51	EC:3.1.21.4	IAO:0100001	semapv:UnspecifiedMatching
EC:3.1.23.52	EC:3.1.21.4	IAO:0100001	semapv:UnspecifiedMatching
EC:3.1.23.53	EC:3.1.21.4	IAO:0100001	semapv:UnspecifiedMatching
EC:3.1.23.54	EC:3.1.21.4	IAO:0100001	semapv:UnspecifiedMatching
EC:3.1.23.55	EC:3.1.21.4	IAO:0100001	semapv:UnspecifiedMatching
EC:3.1.23.56	EC:3.1.21.4	IAO:0100001	semapv:UnspecifiedMatching
EC:3.1.23.57	EC:3.1.21.4	IAO:0100001	semapv:UnspecifiedMatching
EC:3.1.23.58	EC:3.1.21.4	IAO:0100001	semapv:UnspecifiedMatching
EC:3.1.23.59	EC:3.1.21.4	IAO:0100001	semapv:UnspecifiedMatching
EC:3.1.23.6	EC:3.1.21.4	IAO:0100001	semapv:UnspecifiedMatching
EC:3.1.23.7	EC:3.1.21.4	IAO:0100001	semapv:UnspecifiedMatching
EC:3.1.23.8	EC:3.1.21.4	IAO:0100001	semapv:UnspecifiedMatching
EC:3.1.23.9	EC:3.1.21.4	IAO:0100001	semapv:UnspecifiedMatching
EC:3.1.24.1	EC:3.1.21.3	IAO:0100001	semapv:UnspecifiedMatching
EC:3.1.24.2	EC:3.1.21.3	IAO:0100001	semapv:UnspecifiedMatching
EC:3.1.24.3	EC:3.1.21.5	IAO:0100001	semapv:UnspecifiedMatching
EC:3.1.24.4	EC:3.1.21.5	IAO:0100001	semapv:UnspecifiedMatching
EC:3.1.25.2	EC:4.2.99.18	IAO:0100001	semapv:UnspecifiedMatching
EC:3.1.26.n1	EC:3.1.26.12	IAO:0100001	semapv:UnspecifiedMatching
EC:3.1.27.1	EC:4.6.1.19	IAO:0100001	semapv:UnspecifiedMatching
EC:3.1.27.10	EC:4.6.1.23	IAO:0100001	semapv:UnspecifiedMatching
EC:3.1.27.2	EC:4.6.1.22	IAO:0100001	semapv:UnspecifiedMatching
EC:3.1.27.3	EC:4.6.1.24	IAO:0100001	semapv:UnspecifiedMatching
EC:3.1.27.4	EC:4.6.1.20	IAO:0100001	semapv:UnspecifiedMatching
EC:3.1.27.5	EC:4.6.1.18	IAO:0100001	semapv:UnspecifiedMatching
EC:3.1.27.6	EC:4.6.1.21	IAO:0100001	semapv:UnspecifiedMatching
EC:3.1.27.9	EC:4.6.1.16	IAO:0100001	semapv:UnspecifiedMatching
EC:3.1.3.30	EC:3.1.3.31	IAO:0100001	semapv:UnspecifiedMatching
EC:3.1.3.65	EC:3.1.3.64	IAO:0100001	semapv:UnspecifiedMatching
EC:3.1.3.81	EC:3.6.1.75	IAO:0100001	semapv:UnspecifiedMatching
EC:3.1.3.98	EC:3.6.1.68	IAO:0100001	semapv:UnspecifiedMatching
EC:3.1.3.n1	EC:3.1.3.86	IAO:0100001	semapv:UnspecifiedMatching
EC:3.1.3.n2	EC:3.1.3.84	IAO:0100001	semapv:UnspecifiedMatching
EC:3.1.3.n3	EC:3.1.3.78	IAO:0100001	semapv:UnspecifiedMatching
EC:3.1.3.n4	EC:3.1.3.87	IAO:0100001	semapv:UnspecifiedMatching
EC:3.1.3.n5	EC:3.1.3.93	IAO:0100001	semapv:UnspecifiedMatching
EC:3.1.3.n6	EC:3.1.3.96	IAO:0100001	semapv:UnspecifiedMatching
EC:3.1.4.10	EC:4.6.1.13	IAO:0100001	semapv:UnspecifiedMatching
EC:3.1.4.15	EC:2.7.7.89	IAO:0100001	semapv:UnspecifiedMatching
EC:3.1.4.18	EC:3.1.16.1	IAO:0100001	semapv:UnspecifiedMatching
EC:3.1.4.19	EC:3.1.13.3	IAO:0100001	semapv:UnspecifiedMatching
EC:3.1.4.20	EC:3.1.13.1	IAO:0100001	semapv:UnspecifiedMatching
EC:3.1.4.21	EC:3.1.30.1	IAO:0100001	semapv:UnspecifiedMatching
EC:3.1.4.22	EC:4.6.1.18	IAO:0100001	semapv:UnspecifiedMatching
EC:3.1.4.23	EC:4.6.1.19	IAO:0100001	semapv:UnspecifiedMatching
EC:3.1.4.25	EC:3.1.11.1	IAO:0100001	semapv:UnspecifiedMatching
EC:3.1.4.27	EC:3.1.11.2	IAO:0100001	semapv:UnspecifiedMatching
EC:3.1.4.28	EC:3.1.11.3	IAO:0100001	semapv:UnspecifiedMatching
EC:3.1.4.30	EC:3.1.21.2	IAO:0100001	semapv:UnspecifiedMatching
EC:3.1.4.31	EC:3.1.11.4	IAO:0100001	semapv:UnspecifiedMatching
EC:3.1.4.36	EC:3.1.4.43	IAO:0100001	semapv:UnspecifiedMatching
EC:3.1.4.47	EC:4.6.1.14	IAO:0100001	semapv:UnspecifiedMatching
EC:3.1.4.5	EC:3.1.21.1	IAO:0100001	semapv:UnspecifiedMatching
EC:3.1.4.6	EC:3.1.22.1	IAO:0100001	semapv:UnspecifiedMatching
EC:3.1.4.7	EC:3.1.31.1	IAO:0100001	semapv:UnspecifiedMatching
EC:3.1.4.8	EC:4.6.1.24	IAO:0100001	semapv:UnspecifiedMatching
EC:3.1.4.9	EC:3.1.30.2	IAO:0100001	semapv:UnspecifiedMatching
EC:3.1.4.n1	EC:3.1.4.53	IAO:0100001	semapv:UnspecifiedMatching
EC:3.1.7.4	EC:4.2.1.133	IAO:0100001	semapv:UnspecifiedMatching
EC:3.1.7.4	EC:4.2.3.141	IAO:0100001	semapv:UnspecifiedMatching
EC:3.1.7.7	EC:4.2.3.194	IAO:0100001	semapv:UnspecifiedMatching
EC:3.1.7.8	EC:2.5.1.153	IAO:0100001	semapv:UnspecifiedMatching
EC:3.1.8.2	EC:3.8.2.2	IAO:0100001	semapv:UnspecifiedMatching
EC:3.13.1.8	EC:3.13.2.3	IAO:0100001	semapv:UnspecifiedMatching
EC:3.13.2.2	EC:4.4.1.42	IAO:0100001	semapv:UnspecifiedMatching
EC:3.2.1.110	EC:3.2.1.97	IAO:0100001	semapv:UnspecifiedMatching
EC:3.2.1.12	EC:3.2.1.54	IAO:0100001	semapv:UnspecifiedMatching
EC:3.2.1.13	EC:3.2.1.54	IAO:0100001	semapv:UnspecifiedMatching
EC:3.2.1.134	EC:4.2.1.179	IAO:0100001	semapv:UnspecifiedMatching
EC:3.2.1.138	EC:4.2.2.15	IAO:0100001	semapv:UnspecifiedMatching
EC:3.2.1.148	EC:4.4.1.21	IAO:0100001	semapv:UnspecifiedMatching
EC:3.2.1.160	EC:3.2.1.155	IAO:0100001	semapv:UnspecifiedMatching
EC:3.2.1.29	EC:3.2.1.52	IAO:0100001	semapv:UnspecifiedMatching
EC:3.2.1.30	EC:3.2.1.52	IAO:0100001	semapv:UnspecifiedMatching
EC:3.2.1.34	EC:3.2.1.35	IAO:0100001	semapv:UnspecifiedMatching
EC:3.2.1.44	EC:3.2.1.211	IAO:0100001	semapv:UnspecifiedMatching
EC:3.2.1.44	EC:3.2.1.212	IAO:0100001	semapv:UnspecifiedMatching
EC:3.2.1.47	EC:3.2.1.22	IAO:0100001	semapv:UnspecifiedMatching
EC:3.2.1.66	EC:3.2.1.40	IAO:0100001	semapv:UnspecifiedMatching
EC:3.2.1.69	EC:3.2.1.41	IAO:0100001	semapv:UnspecifiedMatching
EC:3.2.1.79	EC:3.2.1.55	IAO:0100001	semapv:UnspecifiedMatching
EC:3.2.2.18	EC:3.5.1.52	IAO:0100001	semapv:UnspecifiedMatching
EC:3.2.3.1	EC:3.2.1.147	IAO:0100001	semapv:UnspecifiedMatching
EC:3.3.1.1	EC:3.13.2.1	IAO:0100001	semapv:UnspecifiedMatching
EC:3.3.1.2	EC:3.13.2.2	IAO:0100001	semapv:UnspecifiedMatching
EC:3.3.1.3	EC:4.4.1.21	IAO:0100001	semapv:UnspecifiedMatching
EC:3.3.2.3	EC:3.3.2.10	IAO:0100001	semapv:UnspecifiedMatching
EC:3.3.2.3	EC:3.3.2.9	IAO:0100001	semapv:UnspecifiedMatching
EC:3.3.2.5	EC:3.3.2.2	IAO:0100001	semapv:UnspecifiedMatching
EC:3.4.1.1	EC:3.4.11.1	IAO:0100001	semapv:UnspecifiedMatching
EC:3.4.1.2	EC:3.4.11.2	IAO:0100001	semapv:UnspecifiedMatching
EC:3.4.1.3	EC:3.4.11.4	IAO:0100001	semapv:UnspecifiedMatching
EC:3.4.1.4	EC:3.4.11.5	IAO:0100001	semapv:UnspecifiedMatching
EC:3.4.11.8	EC:3.4.19.3	IAO:0100001	semapv:UnspecifiedMatching
EC:3.4.11.n1	EC:3.4.11.24	IAO:0100001	semapv:UnspecifiedMatching
EC:3.4.12.1	EC:3.4.16.5	IAO:0100001	semapv:UnspecifiedMatching
EC:3.4.12.1	EC:3.4.16.6	IAO:0100001	semapv:UnspecifiedMatching
EC:3.4.12.10	EC:3.4.19.9	IAO:0100001	semapv:UnspecifiedMatching
EC:3.4.12.11	EC:3.4.17.6	IAO:0100001	semapv:UnspecifiedMatching
EC:3.4.12.12	EC:3.4.16.5	IAO:0100001	semapv:UnspecifiedMatching
EC:3.4.12.12	EC:3.4.16.6	IAO:0100001	semapv:UnspecifiedMatching
EC:3.4.12.2	EC:3.4.17.1	IAO:0100001	semapv:UnspecifiedMatching
EC:3.4.12.3	EC:3.4.17.2	IAO:0100001	semapv:UnspecifiedMatching
EC:3.4.12.4	EC:3.4.16.2	IAO:0100001	semapv:UnspecifiedMatching
EC:3.4.12.5	EC:3.5.1.28	IAO:0100001	semapv:UnspecifiedMatching
EC:3.4.12.6	EC:3.4.17.8	IAO:0100001	semapv:UnspecifiedMatching
EC:3.4.12.7	EC:3.4.17.3	IAO:0100001	semapv:UnspecifiedMatching
EC:3.4.12.8	EC:3.4.17.4	IAO:0100001	semapv:UnspecifiedMatching
EC:3.4.13.1	EC:3.4.13.18	IAO:0100001	semapv:UnspecifiedMatching
EC:3.4.13.1	EC:3.4.13.19	IAO:0100001	semapv:UnspecifiedMatching
EC:3.4.13.10	EC:3.4.19.5	IAO:0100001	semapv:UnspecifiedMatching
EC:3.4.13.11	EC:3.4.13.18	IAO:0100001	semapv:UnspecifiedMatching
EC:3.4.13.11	EC:3.4.13.19	IAO:0100001	semapv:UnspecifiedMatching
EC:3.4.13.13	EC:3.4.13.18	IAO:0100001	semapv:UnspecifiedMatching
EC:3.4.13.13	EC:3.4.13.20	IAO:0100001	semapv:UnspecifiedMatching
EC:3.4.13.15	EC:3.4.13.18	IAO:0100001	semapv:UnspecifiedMatching
EC:3.4.13.15	EC:3.4.13.19	IAO:0100001	semapv:UnspecifiedMatching
EC:3.4.13.2	EC:3.4.13.18	IAO:0100001	semapv:UnspecifiedMatching
EC:3.4.13.2	EC:3.4.13.19	IAO:0100001	semapv:UnspecifiedMatching
EC:3.4.13.3	EC:3.4.13.18	IAO:0100001	semapv:UnspecifiedMatching
EC:3.4.13.3	EC:3.4.13.20	IAO:0100001	semapv:UnspecifiedMatching
EC:3.4.13.6	EC:3.4.11.2	IAO:0100001	semapv:UnspecifiedMatching
EC:3.4.13.8	EC:3.4.13.18	IAO:0100001	semapv:UnspecifiedMatching
EC:3.4.13.8	EC:3.4.13.19	IAO:0100001	semapv:UnspecifiedMatching
EC:3.4.14.3	EC:3.4.19.1	IAO:0100001	semapv:UnspecifiedMatching
EC:3.4.14.8	EC:3.4.14.10	IAO:0100001	semapv:UnspecifiedMatching
EC:3.4.14.8	EC:3.4.14.9	IAO:0100001	semapv:UnspecifiedMatching
EC:3.4.15.2	EC:3.4.19.2	IAO:0100001	semapv:UnspecifiedMatching
EC:3.4.15.3	EC:3.4.15.5	IAO:0100001	semapv:UnspecifiedMatching
EC:3.4.16.1	EC:3.4.16.5	IAO:0100001	semapv:UnspecifiedMatching
EC:3.4.16.1	EC:3.4.16.6	IAO:0100001	semapv:UnspecifiedMatching
EC:3.4.16.3	EC:3.4.16.5	IAO:0100001	semapv:UnspecifiedMatching
EC:3.4.16.3	EC:3.4.16.6	IAO:0100001	semapv:UnspecifiedMatching
EC:3.4.17.7	EC:3.5.1.28	IAO:0100001	semapv:UnspecifiedMatching
EC:3.4.17.9	EC:3.4.17.4	IAO:0100001	semapv:UnspecifiedMatching
EC:3.4.17.n1	EC:3.13.1.6	IAO:0100001	semapv:UnspecifiedMatching
EC:3.4.19.10	EC:3.5.1.28	IAO:0100001	semapv:UnspecifiedMatching
EC:3.4.19.8	EC:3.4.17.21	IAO:0100001	semapv:UnspecifiedMatching
EC:3.4.2.1	EC:3.4.17.1	IAO:0100001	semapv:UnspecifiedMatching
EC:3.4.2.2	EC:3.4.17.2	IAO:0100001	semapv:UnspecifiedMatching
EC:3.4.2.3	EC:3.4.17.4	IAO:0100001	semapv:UnspecifiedMatching
EC:3.4.21.11	EC:3.4.21.36	IAO:0100001	semapv:UnspecifiedMatching
EC:3.4.21.11	EC:3.4.21.37	IAO:0100001	semapv:UnspecifiedMatching
EC:3.4.21.13	EC:3.4.16.5	IAO:0100001	semapv:UnspecifiedMatching
EC:3.4.21.13	EC:3.4.16.6	IAO:0100001	semapv:UnspecifiedMatching
EC:3.4.21.14	EC:3.4.21.62	IAO:0100001	semapv:UnspecifiedMatching
EC:3.4.21.14	EC:3.4.21.63	IAO:0100001	semapv:UnspecifiedMatching
EC:3.4.21.14	EC:3.4.21.64	IAO:0100001	semapv:UnspecifiedMatching
EC:3.4.21.14	EC:3.4.21.65	IAO:0100001	semapv:UnspecifiedMatching
EC:3.4.21.15	EC:3.4.21.63	IAO:0100001	semapv:UnspecifiedMatching
EC:3.4.21.28	EC:3.4.21.74	IAO:0100001	semapv:UnspecifiedMatching
EC:3.4.21.29	EC:3.4.21.74	IAO:0100001	semapv:UnspecifiedMatching
EC:3.4.21.30	EC:3.4.21.74	IAO:0100001	semapv:UnspecifiedMatching
EC:3.4.21.31	EC:3.4.21.68	IAO:0100001	semapv:UnspecifiedMatching
EC:3.4.21.31	EC:3.4.21.73	IAO:0100001	semapv:UnspecifiedMatching
EC:3.4.21.44	EC:3.4.21.43	IAO:0100001	semapv:UnspecifiedMatching
EC:3.4.21.8	EC:3.4.21.34	IAO:0100001	semapv:UnspecifiedMatching
EC:3.4.21.8	EC:3.4.21.35	IAO:0100001	semapv:UnspecifiedMatching
EC:3.4.21.87	EC:3.4.23.49	IAO:0100001	semapv:UnspecifiedMatching
EC:3.4.22.11	EC:3.4.24.56	IAO:0100001	semapv:UnspecifiedMatching
EC:3.4.22.12	EC:3.4.19.9	IAO:0100001	semapv:UnspecifiedMatching
EC:3.4.22.17	EC:3.4.22.52	IAO:0100001	semapv:UnspecifiedMatching
EC:3.4.22.17	EC:3.4.22.53	IAO:0100001	semapv:UnspecifiedMatching
EC:3.4.22.18	EC:3.4.21.26	IAO:0100001	semapv:UnspecifiedMatching
EC:3.4.22.19	EC:3.4.24.15	IAO:0100001	semapv:UnspecifiedMatching
EC:3.4.22.21	EC:3.4.25.1	IAO:0100001	semapv:UnspecifiedMatching
EC:3.4.22.22	EC:3.4.24.37	IAO:0100001	semapv:UnspecifiedMatching
EC:3.4.22.23	EC:3.4.21.61	IAO:0100001	semapv:UnspecifiedMatching
EC:3.4.22.4	EC:3.4.22.32	IAO:0100001	semapv:UnspecifiedMatching
EC:3.4.22.4	EC:3.4.22.33	IAO:0100001	semapv:UnspecifiedMatching
EC:3.4.22.5	EC:3.4.22.33	IAO:0100001	semapv:UnspecifiedMatching
EC:3.4.22.9	EC:3.4.21.48	IAO:0100001	semapv:UnspecifiedMatching
EC:3.4.23.10	EC:3.4.23.22	IAO:0100001	semapv:UnspecifiedMatching
EC:3.4.23.27	EC:3.4.21.103	IAO:0100001	semapv:UnspecifiedMatching
EC:3.4.23.33	EC:3.4.21.101	IAO:0100001	semapv:UnspecifiedMatching
EC:3.4.23.37	EC:3.4.21.100	IAO:0100001	semapv:UnspecifiedMatching
EC:3.4.23.6	EC:3.4.21.103	IAO:0100001	semapv:UnspecifiedMatching
EC:3.4.23.6	EC:3.4.23.18	IAO:0100001	semapv:UnspecifiedMatching
EC:3.4.23.6	EC:3.4.23.19	IAO:0100001	semapv:UnspecifiedMatching
EC:3.4.23.6	EC:3.4.23.20	IAO:0100001	semapv:UnspecifiedMatching
EC:3.4.23.7	EC:3.4.23.20	IAO:0100001	semapv:UnspecifiedMatching
EC:3.4.23.8	EC:3.4.23.25	IAO:0100001	semapv:UnspecifiedMatching
EC:3.4.23.9	EC:3.4.23.21	IAO:0100001	semapv:UnspecifiedMatching
EC:3.4.24.4	EC:3.4.24.25	IAO:0100001	semapv:UnspecifiedMatching
EC:3.4.24.4	EC:3.4.24.26	IAO:0100001	semapv:UnspecifiedMatching
EC:3.4.24.4	EC:3.4.24.27	IAO:0100001	semapv:UnspecifiedMatching
EC:3.4.24.4	EC:3.4.24.28	IAO:0100001	semapv:UnspecifiedMatching
EC:3.4.24.4	EC:3.4.24.29	IAO:0100001	semapv:UnspecifiedMatching
EC:3.4.24.5	EC:3.4.22.52	IAO:0100001	semapv:UnspecifiedMatching
EC:3.4.24.5	EC:3.4.22.53	IAO:0100001	semapv:UnspecifiedMatching
EC:3.4.24.5	EC:3.4.25.1	IAO:0100001	semapv:UnspecifiedMatching
EC:3.4.24.8	EC:3.4.24.3	IAO:0100001	semapv:UnspecifiedMatching
EC:3.4.24.88	EC:3.4.19.15	IAO:0100001	semapv:UnspecifiedMatching
EC:3.4.3.1	EC:3.4.13.18	IAO:0100001	semapv:UnspecifiedMatching
EC:3.4.3.1	EC:3.4.13.19	IAO:0100001	semapv:UnspecifiedMatching
EC:3.4.3.2	EC:3.4.13.18	IAO:0100001	semapv:UnspecifiedMatching
EC:3.4.3.2	EC:3.4.13.19	IAO:0100001	semapv:UnspecifiedMatching
EC:3.4.3.3	EC:3.4.13.18	IAO:0100001	semapv:UnspecifiedMatching
EC:3.4.3.3	EC:3.4.13.20	IAO:0100001	semapv:UnspecifiedMatching
EC:3.4.3.4	EC:3.4.13.5	IAO:0100001	semapv:UnspecifiedMatching
EC:3.4.3.5	EC:3.4.11.2	IAO:0100001	semapv:UnspecifiedMatching
EC:3.4.3.6	EC:3.4.13.18	IAO:0100001	semapv:UnspecifiedMatching
EC:3.4.3.6	EC:3.4.13.19	IAO:0100001	semapv:UnspecifiedMatching
EC:3.4.3.7	EC:3.4.13.9	IAO:0100001	semapv:UnspecifiedMatching
EC:3.4.4.1	EC:3.4.23.1	IAO:0100001	semapv:UnspecifiedMatching
EC:3.4.4.10	EC:3.4.22.2	IAO:0100001	semapv:UnspecifiedMatching
EC:3.4.4.11	EC:3.4.22.6	IAO:0100001	semapv:UnspecifiedMatching
EC:3.4.4.12	EC:3.4.22.3	IAO:0100001	semapv:UnspecifiedMatching
EC:3.4.4.13	EC:3.4.21.5	IAO:0100001	semapv:UnspecifiedMatching
EC:3.4.4.14	EC:3.4.21.7	IAO:0100001	semapv:UnspecifiedMatching
EC:3.4.4.15	EC:3.4.23.15	IAO:0100001	semapv:UnspecifiedMatching
EC:3.4.4.16	EC:3.4.21.62	IAO:0100001	semapv:UnspecifiedMatching
EC:3.4.4.16	EC:3.4.21.63	IAO:0100001	semapv:UnspecifiedMatching
EC:3.4.4.16	EC:3.4.21.64	IAO:0100001	semapv:UnspecifiedMatching
EC:3.4.4.16	EC:3.4.21.65	IAO:0100001	semapv:UnspecifiedMatching
EC:3.4.4.16	EC:3.4.21.66	IAO:0100001	semapv:UnspecifiedMatching
EC:3.4.4.17	EC:3.4.21.103	IAO:0100001	semapv:UnspecifiedMatching
EC:3.4.4.17	EC:3.4.23.20	IAO:0100001	semapv:UnspecifiedMatching
EC:3.4.4.17	EC:3.4.23.21	IAO:0100001	semapv:UnspecifiedMatching
EC:3.4.4.17	EC:3.4.23.22	IAO:0100001	semapv:UnspecifiedMatching
EC:3.4.4.18	EC:3.4.22.10	IAO:0100001	semapv:UnspecifiedMatching
EC:3.4.4.19	EC:3.4.24.3	IAO:0100001	semapv:UnspecifiedMatching
EC:3.4.4.2	EC:3.4.23.2	IAO:0100001	semapv:UnspecifiedMatching
EC:3.4.4.20	EC:3.4.22.8	IAO:0100001	semapv:UnspecifiedMatching
EC:3.4.4.21	EC:3.4.21.34	IAO:0100001	semapv:UnspecifiedMatching
EC:3.4.4.22	EC:3.4.23.3	IAO:0100001	semapv:UnspecifiedMatching
EC:3.4.4.23	EC:3.4.23.5	IAO:0100001	semapv:UnspecifiedMatching
EC:3.4.4.24	EC:3.4.22.32	IAO:0100001	semapv:UnspecifiedMatching
EC:3.4.4.24	EC:3.4.22.33	IAO:0100001	semapv:UnspecifiedMatching
EC:3.4.4.3	EC:3.4.23.4	IAO:0100001	semapv:UnspecifiedMatching
EC:3.4.4.4	EC:3.4.21.4	IAO:0100001	semapv:UnspecifiedMatching
EC:3.4.4.5	EC:3.4.21.1	IAO:0100001	semapv:UnspecifiedMatching
EC:3.4.4.6	EC:3.4.21.1	IAO:0100001	semapv:UnspecifiedMatching
EC:3.4.4.7	EC:3.4.21.36	IAO:0100001	semapv:UnspecifiedMatching
EC:3.4.4.7	EC:3.4.21.37	IAO:0100001	semapv:UnspecifiedMatching
EC:3.4.4.8	EC:3.4.21.9	IAO:0100001	semapv:UnspecifiedMatching
EC:3.4.4.9	EC:3.4.14.1	IAO:0100001	semapv:UnspecifiedMatching
EC:3.4.99.1	EC:3.4.23.28	IAO:0100001	semapv:UnspecifiedMatching
EC:3.4.99.10	EC:3.4.24.56	IAO:0100001	semapv:UnspecifiedMatching
EC:3.4.99.13	EC:3.4.24.32	IAO:0100001	semapv:UnspecifiedMatching
EC:3.4.99.19	EC:3.4.23.15	IAO:0100001	semapv:UnspecifiedMatching
EC:3.4.99.22	EC:3.4.24.29	IAO:0100001	semapv:UnspecifiedMatching
EC:3.4.99.25	EC:3.4.23.21	IAO:0100001	semapv:UnspecifiedMatching
EC:3.4.99.26	EC:3.4.21.68	IAO:0100001	semapv:UnspecifiedMatching
EC:3.4.99.26	EC:3.4.21.73	IAO:0100001	semapv:UnspecifiedMatching
EC:3.4.99.28	EC:3.4.21.60	IAO:0100001	semapv:UnspecifiedMatching
EC:3.4.99.30	EC:3.4.24.20	IAO:0100001	semapv:UnspecifiedMatching
EC:3.4.99.31	EC:3.4.24.15	IAO:0100001	semapv:UnspecifiedMatching
EC:3.4.99.32	EC:3.4.24.20	IAO:0100001	semapv:UnspecifiedMatching
EC:3.4.99.35	EC:3.4.23.36	IAO:0100001	semapv:UnspecifiedMatching
EC:3.4.99.36	EC:3.4.21.89	IAO:0100001	semapv:UnspecifiedMatching
EC:3.4.99.38	EC:3.4.23.17	IAO:0100001	semapv:UnspecifiedMatching
EC:3.4.99.4	EC:3.4.23.12	IAO:0100001	semapv:UnspecifiedMatching
EC:3.4.99.41	EC:3.4.24.64	IAO:0100001	semapv:UnspecifiedMatching
EC:3.4.99.43	EC:3.4.23.42	IAO:0100001	semapv:UnspecifiedMatching
EC:3.4.99.44	EC:3.4.24.55	IAO:0100001	semapv:UnspecifiedMatching
EC:3.4.99.45	EC:3.4.24.56	IAO:0100001	semapv:UnspecifiedMatching
EC:3.4.99.46	EC:3.4.25.1	IAO:0100001	semapv:UnspecifiedMatching
EC:3.4.99.5	EC:3.4.24.3	IAO:0100001	semapv:UnspecifiedMatching
EC:3.4.99.6	EC:3.4.24.21	IAO:0100001	semapv:UnspecifiedMatching
EC:3.5.1.120	EC:3.5.99.11	IAO:0100001	semapv:UnspecifiedMatching
EC:3.5.1.34	EC:3.4.13.5	IAO:0100001	semapv:UnspecifiedMatching
EC:3.5.1.37	EC:3.5.1.26	IAO:0100001	semapv:UnspecifiedMatching
EC:3.5.1.45	EC:6.3.4.6	IAO:0100001	semapv:UnspecifiedMatching
EC:3.5.1.61	EC:4.3.3.8	IAO:0100001	semapv:UnspecifiedMatching
EC:3.5.1.80	EC:3.5.1.25	IAO:0100001	semapv:UnspecifiedMatching
EC:3.5.1.n1	EC:3.5.1.108	IAO:0100001	semapv:UnspecifiedMatching
EC:3.5.1.n2	EC:3.5.1.99	IAO:0100001	semapv:UnspecifiedMatching
EC:3.5.1.n4	EC:3.5.1.110	IAO:0100001	semapv:UnspecifiedMatching
EC:3.5.2.8	EC:3.5.2.6	IAO:0100001	semapv:UnspecifiedMatching
EC:3.5.3.19	EC:3.5.1.116	IAO:0100001	semapv:UnspecifiedMatching
EC:3.5.4.14	EC:3.5.4.5	IAO:0100001	semapv:UnspecifiedMatching
EC:3.5.4.n1	EC:3.5.4.31	IAO:0100001	semapv:UnspecifiedMatching
EC:3.5.4.n2	EC:3.5.4.39	IAO:0100001	semapv:UnspecifiedMatching
EC:3.5.4.n3	EC:3.5.4.45	IAO:0100001	semapv:UnspecifiedMatching
EC:3.5.5.3	EC:4.2.1.104	IAO:0100001	semapv:UnspecifiedMatching
EC:3.5.99.3	EC:3.5.4.43	IAO:0100001	semapv:UnspecifiedMatching
EC:3.5.99.4	EC:3.5.4.42	IAO:0100001	semapv:UnspecifiedMatching
EC:3.6.1.19	EC:3.6.1.9	IAO:0100001	semapv:UnspecifiedMatching
EC:3.6.1.30	EC:3.6.1.59	IAO:0100001	semapv:UnspecifiedMatching
EC:3.6.1.30	EC:3.6.1.62	IAO:0100001	semapv:UnspecifiedMatching
EC:3.6.1.32	EC:5.6.1.8	IAO:0100001	semapv:UnspecifiedMatching
EC:3.6.1.33	EC:5.6.1.2	IAO:0100001	semapv:UnspecifiedMatching
EC:3.6.1.34	EC:7.1.2.2	IAO:0100001	semapv:UnspecifiedMatching
EC:3.6.1.35	EC:7.1.2.1	IAO:0100001	semapv:UnspecifiedMatching
EC:3.6.1.36	EC:7.2.2.19	IAO:0100001	semapv:UnspecifiedMatching
EC:3.6.1.37	EC:7.2.2.13	IAO:0100001	semapv:UnspecifiedMatching
EC:3.6.1.38	EC:3.6.3.8	IAO:0100001	semapv:UnspecifiedMatching
EC:3.6.1.4	EC:3.6.1.3	IAO:0100001	semapv:UnspecifiedMatching
EC:3.6.1.46	EC:3.6.5.1	IAO:0100001	semapv:UnspecifiedMatching
EC:3.6.1.47	EC:3.6.5.2	IAO:0100001	semapv:UnspecifiedMatching
EC:3.6.1.48	EC:3.6.5.3	IAO:0100001	semapv:UnspecifiedMatching
EC:3.6.1.49	EC:3.6.5.4	IAO:0100001	semapv:UnspecifiedMatching
EC:3.6.1.50	EC:3.6.5.5	IAO:0100001	semapv:UnspecifiedMatching
EC:3.6.1.51	EC:3.6.5.6	IAO:0100001	semapv:UnspecifiedMatching
EC:3.6.1.n1	EC:3.1.1.96	IAO:0100001	semapv:UnspecifiedMatching
EC:3.6.1.n4	EC:3.6.1.67	IAO:0100001	semapv:UnspecifiedMatching
EC:3.6.1.n5	EC:3.6.1.54	IAO:0100001	semapv:UnspecifiedMatching
EC:3.6.3.1	EC:7.6.2.1	IAO:0100001	semapv:UnspecifiedMatching
EC:3.6.3.10	EC:7.2.2.19	IAO:0100001	semapv:UnspecifiedMatching
EC:3.6.3.12	EC:7.2.2.6	IAO:0100001	semapv:UnspecifiedMatching
EC:3.6.3.13	EC:3.6.3.1	IAO:0100001	semapv:UnspecifiedMatching
EC:3.6.3.14	EC:7.1.2.2	IAO:0100001	semapv:UnspecifiedMatching
EC:3.6.3.15	EC:7.2.2.1	IAO:0100001	semapv:UnspecifiedMatching
EC:3.6.3.16	EC:7.3.2.7	IAO:0100001	semapv:UnspecifiedMatching
EC:3.6.3.17	EC:7.5.2.8	IAO:0100001	semapv:UnspecifiedMatching
EC:3.6.3.18	EC:7.5.2.2	IAO:0100001	semapv:UnspecifiedMatching
EC:3.6.3.19	EC:7.5.2.1	IAO:0100001	semapv:UnspecifiedMatching
EC:3.6.3.2	EC:7.2.2.14	IAO:0100001	semapv:UnspecifiedMatching
EC:3.6.3.20	EC:7.6.2.10	IAO:0100001	semapv:UnspecifiedMatching
EC:3.6.3.21	EC:7.4.2.1	IAO:0100001	semapv:UnspecifiedMatching
EC:3.6.3.22	EC:7.4.2.2	IAO:0100001	semapv:UnspecifiedMatching
EC:3.6.3.23	EC:7.4.2.6	IAO:0100001	semapv:UnspecifiedMatching
EC:3.6.3.24	EC:7.2.2.11	IAO:0100001	semapv:UnspecifiedMatching
EC:3.6.3.25	EC:7.3.2.3	IAO:0100001	semapv:UnspecifiedMatching
EC:3.6.3.26	EC:7.3.2.4	IAO:0100001	semapv:UnspecifiedMatching
EC:3.6.3.27	EC:7.3.2.1	IAO:0100001	semapv:UnspecifiedMatching
EC:3.6.3.28	EC:7.3.2.2	IAO:0100001	semapv:UnspecifiedMatching
EC:3.6.3.29	EC:7.3.2.5	IAO:0100001	semapv:UnspecifiedMatching
EC:3.6.3.3	EC:7.2.2.21	IAO:0100001	semapv:UnspecifiedMatching
EC:3.6.3.30	EC:7.2.2.7	IAO:0100001	semapv:UnspecifiedMatching
EC:3.6.3.31	EC:7.6.2.11	IAO:0100001	semapv:UnspecifiedMatching
EC:3.6.3.32	EC:7.6.2.9	IAO:0100001	semapv:UnspecifiedMatching
EC:3.6.3.33	EC:7.6.2.8	IAO:0100001	semapv:UnspecifiedMatching
EC:3.6.3.34	EC:7.2.2.16	IAO:0100001	semapv:UnspecifiedMatching
EC:3.6.3.35	EC:7.2.2.5	IAO:0100001	semapv:UnspecifiedMatching
EC:3.6.3.36	EC:7.6.2.7	IAO:0100001	semapv:UnspecifiedMatching
EC:3.6.3.37	EC:7.6.2.6	IAO:0100001	semapv:UnspecifiedMatching
EC:3.6.3.38	EC:7.6.2.12	IAO:0100001	semapv:UnspecifiedMatching
EC:3.6.3.39	EC:7.5.2.5	IAO:0100001	semapv:UnspecifiedMatching
EC:3.6.3.4	EC:7.2.2.9	IAO:0100001	semapv:UnspecifiedMatching
EC:3.6.3.40	EC:7.5.2.4	IAO:0100001	semapv:UnspecifiedMatching
EC:3.6.3.41	EC:7.6.2.5	IAO:0100001	semapv:UnspecifiedMatching
EC:3.6.3.42	EC:7.5.2.3	IAO:0100001	semapv:UnspecifiedMatching
EC:3.6.3.43	EC:7.4.2.5	IAO:0100001	semapv:UnspecifiedMatching
EC:3.6.3.44	EC:7.6.2.2	IAO:0100001	semapv:UnspecifiedMatching
EC:3.6.3.45	EC:3.6.3.44	IAO:0100001	semapv:UnspecifiedMatching
EC:3.6.3.46	EC:7.2.2.2	IAO:0100001	semapv:UnspecifiedMatching
EC:3.6.3.47	EC:7.6.2.4	IAO:0100001	semapv:UnspecifiedMatching
EC:3.6.3.48	EC:7.4.2.7	IAO:0100001	semapv:UnspecifiedMatching
EC:3.6.3.49	EC:5.6.1.6	IAO:0100001	semapv:UnspecifiedMatching
EC:3.6.3.5	EC:7.2.2.12	IAO:0100001	semapv:UnspecifiedMatching
EC:3.6.3.50	EC:7.4.2.8	IAO:0100001	semapv:UnspecifiedMatching
EC:3.6.3.51	EC:7.4.2.3	IAO:0100001	semapv:UnspecifiedMatching
EC:3.6.3.52	EC:7.4.2.4	IAO:0100001	semapv:UnspecifiedMatching
EC:3.6.3.53	EC:7.2.2.15	IAO:0100001	semapv:UnspecifiedMatching
EC:3.6.3.54	EC:7.2.2.8	IAO:0100001	semapv:UnspecifiedMatching
EC:3.6.3.55	EC:7.3.2.6	IAO:0100001	semapv:UnspecifiedMatching
EC:3.6.3.6	EC:7.1.2.1	IAO:0100001	semapv:UnspecifiedMatching
EC:3.6.3.7	EC:7.2.2.3	IAO:0100001	semapv:UnspecifiedMatching
EC:3.6.3.8	EC:7.2.2.10	IAO:0100001	semapv:UnspecifiedMatching
EC:3.6.3.9	EC:7.2.2.13	IAO:0100001	semapv:UnspecifiedMatching
EC:3.6.3.n1	EC:7.2.2.8	IAO:0100001	semapv:UnspecifiedMatching
EC:3.6.4.1	EC:5.6.1.8	IAO:0100001	semapv:UnspecifiedMatching
EC:3.6.4.2	EC:5.6.1.2	IAO:0100001	semapv:UnspecifiedMatching
EC:3.6.4.3	EC:5.6.1.1	IAO:0100001	semapv:UnspecifiedMatching
EC:3.6.4.4	EC:5.6.1.3	IAO:0100001	semapv:UnspecifiedMatching
EC:3.6.4.5	EC:5.6.1.4	IAO:0100001	semapv:UnspecifiedMatching
EC:3.6.4.8	EC:5.6.1.5	IAO:0100001	semapv:UnspecifiedMatching
EC:3.6.4.9	EC:5.6.1.7	IAO:0100001	semapv:UnspecifiedMatching
EC:3.7.1.15	EC:4.2.1.138	IAO:0100001	semapv:UnspecifiedMatching
EC:3.7.1.16	EC:3.3.2.12	IAO:0100001	semapv:UnspecifiedMatching
EC:3.7.1.27	EC:3.1.7.13	IAO:0100001	semapv:UnspecifiedMatching
EC:3.7.1.n1	EC:3.7.1.14	IAO:0100001	semapv:UnspecifiedMatching
EC:3.7.1.n2	EC:3.7.1.22	IAO:0100001	semapv:UnspecifiedMatching
EC:3.8.1.4	EC:1.21.99.4	IAO:0100001	semapv:UnspecifiedMatching
EC:3.8.2.1	EC:3.1.8.2	IAO:0100001	semapv:UnspecifiedMatching
EC:4.1.1.10	EC:4.1.1.12	IAO:0100001	semapv:UnspecifiedMatching
EC:4.1.1.26	EC:4.1.1.28	IAO:0100001	semapv:UnspecifiedMatching
EC:4.1.1.27	EC:4.1.1.28	IAO:0100001	semapv:UnspecifiedMatching
EC:4.1.1.3	EC:4.1.1.112	IAO:0100001	semapv:UnspecifiedMatching
EC:4.1.1.3	EC:7.2.4.2	IAO:0100001	semapv:UnspecifiedMatching
EC:4.1.1.41	EC:7.2.4.3	IAO:0100001	semapv:UnspecifiedMatching
EC:4.1.1.70	EC:7.2.4.5	IAO:0100001	semapv:UnspecifiedMatching
EC:4.1.1.89	EC:7.2.4.4	IAO:0100001	semapv:UnspecifiedMatching
EC:4.1.1.n1	EC:4.1.1.97	IAO:0100001	semapv:UnspecifiedMatching
EC:4.1.1.n2	EC:4.1.1.94	IAO:0100001	semapv:UnspecifiedMatching
EC:4.1.2.1	EC:4.1.3.16	IAO:0100001	semapv:UnspecifiedMatching
EC:4.1.2.15	EC:2.5.1.54	IAO:0100001	semapv:UnspecifiedMatching
EC:4.1.2.16	EC:2.5.1.55	IAO:0100001	semapv:UnspecifiedMatching
EC:4.1.2.30	EC:1.14.14.32	IAO:0100001	semapv:UnspecifiedMatching
EC:4.1.2.31	EC:4.1.3.16	IAO:0100001	semapv:UnspecifiedMatching
EC:4.1.2.37	EC:4.1.2.46	IAO:0100001	semapv:UnspecifiedMatching
EC:4.1.2.37	EC:4.1.2.47	IAO:0100001	semapv:UnspecifiedMatching
EC:4.1.2.39	EC:4.1.2.46	IAO:0100001	semapv:UnspecifiedMatching
EC:4.1.2.39	EC:4.1.2.47	IAO:0100001	semapv:UnspecifiedMatching
EC:4.1.2.41	EC:4.1.2.61	IAO:0100001	semapv:UnspecifiedMatching
EC:4.1.2.7	EC:4.1.2.13	IAO:0100001	semapv:UnspecifiedMatching
EC:4.1.2.n1	EC:4.1.2.44	IAO:0100001	semapv:UnspecifiedMatching
EC:4.1.2.n2	EC:4.1.2.63	IAO:0100001	semapv:UnspecifiedMatching
EC:4.1.2.n3	EC:4.1.2.53	IAO:0100001	semapv:UnspecifiedMatching
EC:4.1.2.n4	EC:4.1.2.52	IAO:0100001	semapv:UnspecifiedMatching
EC:4.1.2.n5	EC:2.2.1.10	IAO:0100001	semapv:UnspecifiedMatching
EC:4.1.2.n6	EC:4.1.2.56	IAO:0100001	semapv:UnspecifiedMatching
EC:4.1.3.10	EC:2.3.3.7	IAO:0100001	semapv:UnspecifiedMatching
EC:4.1.3.11	EC:2.3.3.12	IAO:0100001	semapv:UnspecifiedMatching
EC:4.1.3.12	EC:2.3.3.13	IAO:0100001	semapv:UnspecifiedMatching
EC:4.1.3.15	EC:2.2.1.5	IAO:0100001	semapv:UnspecifiedMatching
EC:4.1.3.18	EC:2.2.1.6	IAO:0100001	semapv:UnspecifiedMatching
EC:4.1.3.19	EC:2.5.1.56	IAO:0100001	semapv:UnspecifiedMatching
EC:4.1.3.2	EC:2.3.3.9	IAO:0100001	semapv:UnspecifiedMatching
EC:4.1.3.20	EC:2.5.1.57	IAO:0100001	semapv:UnspecifiedMatching
EC:4.1.3.21	EC:2.3.3.14	IAO:0100001	semapv:UnspecifiedMatching
EC:4.1.3.23	EC:2.3.3.2	IAO:0100001	semapv:UnspecifiedMatching
EC:4.1.3.28	EC:2.3.3.3	IAO:0100001	semapv:UnspecifiedMatching
EC:4.1.3.29	EC:2.3.3.4	IAO:0100001	semapv:UnspecifiedMatching
EC:4.1.3.31	EC:2.3.3.5	IAO:0100001	semapv:UnspecifiedMatching
EC:4.1.3.33	EC:2.3.3.6	IAO:0100001	semapv:UnspecifiedMatching
EC:4.1.3.37	EC:2.2.1.7	IAO:0100001	semapv:UnspecifiedMatching
EC:4.1.3.5	EC:2.3.3.10	IAO:0100001	semapv:UnspecifiedMatching
EC:4.1.3.7	EC:2.3.3.1	IAO:0100001	semapv:UnspecifiedMatching
EC:4.1.3.8	EC:2.3.3.8	IAO:0100001	semapv:UnspecifiedMatching
EC:4.1.3.9	EC:2.3.3.11	IAO:0100001	semapv:UnspecifiedMatching
EC:4.1.3.n1	EC:4.1.3.43	IAO:0100001	semapv:UnspecifiedMatching
EC:4.1.99.10	EC:4.2.3.16	IAO:0100001	semapv:UnspecifiedMatching
EC:4.1.99.18	EC:4.1.99.22	IAO:0100001	semapv:UnspecifiedMatching
EC:4.1.99.18	EC:4.6.1.17	IAO:0100001	semapv:UnspecifiedMatching
EC:4.1.99.21	EC:4.2.3.153	IAO:0100001	semapv:UnspecifiedMatching
EC:4.1.99.4	EC:3.5.99.7	IAO:0100001	semapv:UnspecifiedMatching
EC:4.1.99.6	EC:4.2.3.6	IAO:0100001	semapv:UnspecifiedMatching
EC:4.1.99.7	EC:4.2.3.9	IAO:0100001	semapv:UnspecifiedMatching
EC:4.1.99.8	EC:4.2.3.119	IAO:0100001	semapv:UnspecifiedMatching
EC:4.1.99.8	EC:4.2.3.120	IAO:0100001	semapv:UnspecifiedMatching
EC:4.1.99.9	EC:4.2.3.15	IAO:0100001	semapv:UnspecifiedMatching
EC:4.2.1.101	EC:4.1.2.61	IAO:0100001	semapv:UnspecifiedMatching
EC:4.2.1.102	EC:4.2.1.100	IAO:0100001	semapv:UnspecifiedMatching
EC:4.2.1.13	EC:4.3.1.17	IAO:0100001	semapv:UnspecifiedMatching
EC:4.2.1.14	EC:4.3.1.18	IAO:0100001	semapv:UnspecifiedMatching
EC:4.2.1.15	EC:4.4.1.1	IAO:0100001	semapv:UnspecifiedMatching
EC:4.2.1.16	EC:4.3.1.19	IAO:0100001	semapv:UnspecifiedMatching
EC:4.2.1.21	EC:4.2.1.22	IAO:0100001	semapv:UnspecifiedMatching
EC:4.2.1.26	EC:4.3.1.9	IAO:0100001	semapv:UnspecifiedMatching
EC:4.2.1.29	EC:4.99.1.6	IAO:0100001	semapv:UnspecifiedMatching
EC:4.2.1.37	EC:3.3.2.4	IAO:0100001	semapv:UnspecifiedMatching
EC:4.2.1.38	EC:4.3.1.20	IAO:0100001	semapv:UnspecifiedMatching
EC:4.2.1.4	EC:4.2.1.3	IAO:0100001	semapv:UnspecifiedMatching
EC:4.2.1.52	EC:4.3.3.7	IAO:0100001	semapv:UnspecifiedMatching
EC:4.2.1.58	EC:4.2.1.59	IAO:0100001	semapv:UnspecifiedMatching
EC:4.2.1.60	EC:4.2.1.59	IAO:0100001	semapv:UnspecifiedMatching
EC:4.2.1.61	EC:4.2.1.59	IAO:0100001	semapv:UnspecifiedMatching
EC:4.2.1.63	EC:3.3.2.10	IAO:0100001	semapv:UnspecifiedMatching
EC:4.2.1.63	EC:3.3.2.9	IAO:0100001	semapv:UnspecifiedMatching
EC:4.2.1.64	EC:3.3.2.10	IAO:0100001	semapv:UnspecifiedMatching
EC:4.2.1.64	EC:3.3.2.9	IAO:0100001	semapv:UnspecifiedMatching
EC:4.2.1.71	EC:4.2.1.27	IAO:0100001	semapv:UnspecifiedMatching
EC:4.2.1.72	EC:4.1.1.78	IAO:0100001	semapv:UnspecifiedMatching
EC:4.2.1.78	EC:3.5.99.14	IAO:0100001	semapv:UnspecifiedMatching
EC:4.2.1.86	EC:4.2.1.98	IAO:0100001	semapv:UnspecifiedMatching
EC:4.2.1.89	EC:2.8.3.21	IAO:0100001	semapv:UnspecifiedMatching
EC:4.2.1.89	EC:4.2.1.149	IAO:0100001	semapv:UnspecifiedMatching
EC:4.2.1.n1	EC:4.2.1.126	IAO:0100001	semapv:UnspecifiedMatching
EC:4.2.1.n2	EC:4.2.1.134	IAO:0100001	semapv:UnspecifiedMatching
EC:4.2.2.4	EC:4.2.2.20	IAO:0100001	semapv:UnspecifiedMatching
EC:4.2.2.4	EC:4.2.2.21	IAO:0100001	semapv:UnspecifiedMatching
EC:4.2.3.14	EC:4.2.3.119	IAO:0100001	semapv:UnspecifiedMatching
EC:4.2.3.14	EC:4.2.3.120	IAO:0100001	semapv:UnspecifiedMatching
EC:4.2.3.n1	EC:4.2.3.38	IAO:0100001	semapv:UnspecifiedMatching
EC:4.2.3.n10	EC:4.2.3.62	IAO:0100001	semapv:UnspecifiedMatching
EC:4.2.3.n11	EC:4.2.3.198	IAO:0100001	semapv:UnspecifiedMatching
EC:4.2.3.n12	EC:4.2.3.65	IAO:0100001	semapv:UnspecifiedMatching
EC:4.2.3.n13	EC:4.2.3.75	IAO:0100001	semapv:UnspecifiedMatching
EC:4.2.3.n14	EC:4.2.3.118	IAO:0100001	semapv:UnspecifiedMatching
EC:4.2.3.n2	EC:4.2.3.76	IAO:0100001	semapv:UnspecifiedMatching
EC:4.2.3.n3	EC:4.2.3.56	IAO:0100001	semapv:UnspecifiedMatching
EC:4.2.3.n4	EC:4.2.3.117	IAO:0100001	semapv:UnspecifiedMatching
EC:4.2.3.n5	EC:4.2.3.52	IAO:0100001	semapv:UnspecifiedMatching
EC:4.2.3.n6	EC:4.2.3.113	IAO:0100001	semapv:UnspecifiedMatching
EC:4.2.3.n7	EC:4.2.3.119	IAO:0100001	semapv:UnspecifiedMatching
EC:4.2.3.n8	EC:4.2.3.103	IAO:0100001	semapv:UnspecifiedMatching
EC:4.2.3.n9	EC:4.2.3.44	IAO:0100001	semapv:UnspecifiedMatching
EC:4.2.99.1	EC:4.2.2.1	IAO:0100001	semapv:UnspecifiedMatching
EC:4.2.99.10	EC:2.5.1.49	IAO:0100001	semapv:UnspecifiedMatching
EC:4.2.99.11	EC:4.2.3.3	IAO:0100001	semapv:UnspecifiedMatching
EC:4.2.99.13	EC:2.5.1.50	IAO:0100001	semapv:UnspecifiedMatching
EC:4.2.99.14	EC:2.5.1.51	IAO:0100001	semapv:UnspecifiedMatching
EC:4.2.99.15	EC:2.5.1.52	IAO:0100001	semapv:UnspecifiedMatching
EC:4.2.99.16	EC:2.5.1.53	IAO:0100001	semapv:UnspecifiedMatching
EC:4.2.99.17	EC:2.5.1.51	IAO:0100001	semapv:UnspecifiedMatching
EC:4.2.99.19	EC:4.4.1.23	IAO:0100001	semapv:UnspecifiedMatching
EC:4.2.99.2	EC:4.2.3.1	IAO:0100001	semapv:UnspecifiedMatching
EC:4.2.99.3	EC:4.2.2.2	IAO:0100001	semapv:UnspecifiedMatching
EC:4.2.99.4	EC:4.2.2.3	IAO:0100001	semapv:UnspecifiedMatching
EC:4.2.99.6	EC:4.2.2.20	IAO:0100001	semapv:UnspecifiedMatching
EC:4.2.99.6	EC:4.2.2.21	IAO:0100001	semapv:UnspecifiedMatching
EC:4.2.99.6	EC:4.2.2.5	IAO:0100001	semapv:UnspecifiedMatching
EC:4.2.99.7	EC:4.2.3.2	IAO:0100001	semapv:UnspecifiedMatching
EC:4.2.99.8	EC:2.5.1.47	IAO:0100001	semapv:UnspecifiedMatching
EC:4.2.99.9	EC:2.5.1.48	IAO:0100001	semapv:UnspecifiedMatching
EC:4.2.99.n1	EC:4.2.99.20	IAO:0100001	semapv:UnspecifiedMatching
EC:4.3.1.21	EC:4.3.1.9	IAO:0100001	semapv:UnspecifiedMatching
EC:4.3.1.26	EC:1.21.98.2	IAO:0100001	semapv:UnspecifiedMatching
EC:4.3.1.5	EC:4.3.1.23	IAO:0100001	semapv:UnspecifiedMatching
EC:4.3.1.5	EC:4.3.1.24	IAO:0100001	semapv:UnspecifiedMatching
EC:4.3.1.5	EC:4.3.1.25	IAO:0100001	semapv:UnspecifiedMatching
EC:4.3.1.8	EC:2.5.1.61	IAO:0100001	semapv:UnspecifiedMatching
EC:4.3.3.2	EC:3.5.99.13	IAO:0100001	semapv:UnspecifiedMatching
EC:4.3.3.3	EC:3.5.99.15	IAO:0100001	semapv:UnspecifiedMatching
EC:4.3.3.4	EC:3.5.99.16	IAO:0100001	semapv:UnspecifiedMatching
EC:4.3.3.n1	EC:4.1.99.20	IAO:0100001	semapv:UnspecifiedMatching
EC:4.3.99.1	EC:4.2.1.104	IAO:0100001	semapv:UnspecifiedMatching
EC:4.3.99.2	EC:7.2.4.1	IAO:0100001	semapv:UnspecifiedMatching
EC:4.4.1.18	EC:1.8.3.5	IAO:0100001	semapv:UnspecifiedMatching
EC:4.4.1.27	EC:3.13.1.5	IAO:0100001	semapv:UnspecifiedMatching
EC:4.4.1.6	EC:4.4.1.13	IAO:0100001	semapv:UnspecifiedMatching
EC:4.4.1.7	EC:2.5.1.18	IAO:0100001	semapv:UnspecifiedMatching
EC:4.4.1.8	EC:4.4.1.13	IAO:0100001	semapv:UnspecifiedMatching
EC:4.6.1.10	EC:4.2.3.12	IAO:0100001	semapv:UnspecifiedMatching
EC:4.6.1.11	EC:4.2.3.13	IAO:0100001	semapv:UnspecifiedMatching
EC:4.6.1.3	EC:4.2.3.4	IAO:0100001	semapv:UnspecifiedMatching
EC:4.6.1.4	EC:4.2.3.5	IAO:0100001	semapv:UnspecifiedMatching
EC:4.6.1.5	EC:4.2.3.7	IAO:0100001	semapv:UnspecifiedMatching
EC:4.6.1.7	EC:4.2.3.8	IAO:0100001	semapv:UnspecifiedMatching
EC:4.6.1.8	EC:4.2.3.10	IAO:0100001	semapv:UnspecifiedMatching
EC:4.6.1.9	EC:4.2.3.11	IAO:0100001	semapv:UnspecifiedMatching
EC:4.99.1.1	EC:4.98.1.1	IAO:0100001	semapv:UnspecifiedMatching
EC:4.99.1.5	EC:4.8.1.2	IAO:0100001	semapv:UnspecifiedMatching
EC:4.99.1.6	EC:4.8.1.3	IAO:0100001	semapv:UnspecifiedMatching
EC:4.99.1.7	EC:4.8.1.4	IAO:0100001	semapv:UnspecifiedMatching
EC:5.1.1.n1	EC:5.1.1.20	IAO:0100001	semapv:UnspecifiedMatching
EC:5.1.3.n1	EC:5.1.3.24	IAO:0100001	semapv:UnspecifiedMatching
EC:5.1.3.n2	EC:5.1.3.29	IAO:0100001	semapv:UnspecifiedMatching
EC:5.1.3.n3	EC:5.1.3.32	IAO:0100001	semapv:UnspecifiedMatching
EC:5.2.1.7	EC:3.1.1.64	IAO:0100001	semapv:UnspecifiedMatching
EC:5.3.1.10	EC:3.5.99.6	IAO:0100001	semapv:UnspecifiedMatching
EC:5.3.1.19	EC:2.6.1.16	IAO:0100001	semapv:UnspecifiedMatching
EC:5.3.1.n1	EC:5.3.1.30	IAO:0100001	semapv:UnspecifiedMatching
EC:5.3.1.n2	EC:5.3.1.29	IAO:0100001	semapv:UnspecifiedMatching
EC:5.3.2.n1	EC:5.3.2.5	IAO:0100001	semapv:UnspecifiedMatching
EC:5.3.3.15	EC:5.3.2.7	IAO:0100001	semapv:UnspecifiedMatching
EC:5.3.3.16	EC:5.3.2.8	IAO:0100001	semapv:UnspecifiedMatching
EC:5.3.3.20	EC:5.4.99.64	IAO:0100001	semapv:UnspecifiedMatching
EC:5.3.99.n1	EC:5.3.99.11	IAO:0100001	semapv:UnspecifiedMatching
EC:5.4.1.2	EC:5.4.99.61	IAO:0100001	semapv:UnspecifiedMatching
EC:5.4.2.1	EC:5.4.2.11	IAO:0100001	semapv:UnspecifiedMatching
EC:5.4.2.1	EC:5.4.2.12	IAO:0100001	semapv:UnspecifiedMatching
EC:5.4.3.4	EC:5.4.3.3	IAO:0100001	semapv:UnspecifiedMatching
EC:5.4.99.10	EC:5.4.99.11	IAO:0100001	semapv:UnspecifiedMatching
EC:5.4.99.6	EC:5.4.4.2	IAO:0100001	semapv:UnspecifiedMatching
EC:5.4.99.n1	EC:5.4.99.39	IAO:0100001	semapv:UnspecifiedMatching
EC:5.4.99.n2	EC:5.4.99.41	IAO:0100001	semapv:UnspecifiedMatching
EC:5.5.1.21	EC:4.2.1.133	IAO:0100001	semapv:UnspecifiedMatching
EC:5.5.1.n1	EC:5.4.99.62	IAO:0100001	semapv:UnspecifiedMatching
EC:5.5.1.n2	EC:5.5.1.19	IAO:0100001	semapv:UnspecifiedMatching
EC:5.99.1.2	EC:5.6.2.1	IAO:0100001	semapv:UnspecifiedMatching
EC:5.99.1.3	EC:5.6.2.2	IAO:0100001	semapv:UnspecifiedMatching
EC:6.1.1.n1	EC:6.3.1.13	IAO:0100001	semapv:UnspecifiedMatching
EC:6.1.1.n2	EC:6.1.1.27	IAO:0100001	semapv:UnspecifiedMatching
EC:6.2.1.21	EC:6.2.1.30	IAO:0100001	semapv:UnspecifiedMatching
EC:6.2.1.29	EC:6.2.1.7	IAO:0100001	semapv:UnspecifiedMatching
EC:6.2.1.n1	EC:6.2.1.37	IAO:0100001	semapv:UnspecifiedMatching
EC:6.2.1.n3	EC:6.2.1.76	IAO:0100001	semapv:UnspecifiedMatching
EC:6.3.1.16	EC:6.3.3.6	IAO:0100001	semapv:UnspecifiedMatching
EC:6.3.1.3	EC:6.3.4.13	IAO:0100001	semapv:UnspecifiedMatching
EC:6.3.2.15	EC:6.3.2.10	IAO:0100001	semapv:UnspecifiedMatching
EC:6.3.2.19	EC:2.3.2.23	IAO:0100001	semapv:UnspecifiedMatching
EC:6.3.2.19	EC:2.3.2.27	IAO:0100001	semapv:UnspecifiedMatching
EC:6.3.2.19	EC:6.2.1.45	IAO:0100001	semapv:UnspecifiedMatching
EC:6.3.2.21	EC:2.3.2.27	IAO:0100001	semapv:UnspecifiedMatching
EC:6.3.2.21	EC:6.2.1.45	IAO:0100001	semapv:UnspecifiedMatching
EC:6.3.2.22	EC:6.3.1.14	IAO:0100001	semapv:UnspecifiedMatching
EC:6.3.2.27	EC:6.3.2.38	IAO:0100001	semapv:UnspecifiedMatching
EC:6.3.2.27	EC:6.3.2.39	IAO:0100001	semapv:UnspecifiedMatching
EC:6.3.2.28	EC:6.3.2.49	IAO:0100001	semapv:UnspecifiedMatching
EC:6.3.2.n1	EC:6.3.2.37	IAO:0100001	semapv:UnspecifiedMatching
EC:6.3.2.n2	EC:6.3.1.19	IAO:0100001	semapv:UnspecifiedMatching
EC:6.3.2.n4	EC:6.3.2.43	IAO:0100001	semapv:UnspecifiedMatching
EC:6.3.2.n5	EC:6.3.2.44	IAO:0100001	semapv:UnspecifiedMatching
EC:6.3.2.n6	EC:6.3.2.41	IAO:0100001	semapv:UnspecifiedMatching
EC:6.3.4.1	EC:6.3.5.2	IAO:0100001	semapv:UnspecifiedMatching
EC:6.3.5.8	EC:2.6.1.85	IAO:0100001	semapv:UnspecifiedMatching
EC:7.1.3.2	EC:7.2.3.1	IAO:0100001	semapv:UnspecifiedMatching
