text	curie	name	predicate	source
BSD Zero Clause License	spdx:0BSD	BSD Zero Clause License	rdfs:label	spdx
3D Slicer License v1.0	spdx:3D-Slicer-1.0	3D Slicer License v1.0	rdfs:label	spdx
Attribution Assurance License	spdx:AAL	Attribution Assurance License	rdfs:label	spdx
Amazon Digital Services License	spdx:ADSL	Amazon Digital Services License	rdfs:label	spdx
Academic Free License v1.1	spdx:AFL-1.1	Academic Free License v1.1	rdfs:label	spdx
Academic Free License v1.2	spdx:AFL-1.2	Academic Free License v1.2	rdfs:label	spdx
Academic Free License v2.0	spdx:AFL-2.0	Academic Free License v2.0	rdfs:label	spdx
Academic Free License v2.1	spdx:AFL-2.1	Academic Free License v2.1	rdfs:label	spdx
Academic Free License v3.0	spdx:AFL-3.0	Academic Free License v3.0	rdfs:label	spdx
Affero General Public License v1.0	spdx:AGPL-1.0	Affero General Public License v1.0	rdfs:label	spdx
Affero General Public License v1.0 only	spdx:AGPL-1.0-only	Affero General Public License v1.0 only	rdfs:label	spdx
Affero General Public License v1.0 or later	spdx:AGPL-1.0-or-later	Affero General Public License v1.0 or later	rdfs:label	spdx
GNU Affero General Public License v3.0	spdx:AGPL-3.0	GNU Affero General Public License v3.0	rdfs:label	spdx
GNU Affero General Public License v3.0 only	spdx:AGPL-3.0-only	GNU Affero General Public License v3.0 only	rdfs:label	spdx
GNU Affero General Public License v3.0 or later	spdx:AGPL-3.0-or-later	GNU Affero General Public License v3.0 or later	rdfs:label	spdx
AMD newlib License	spdx:AMD-newlib	AMD newlib License	rdfs:label	spdx
AMD's plpa_map.c License	spdx:AMDPLPA	AMD's plpa_map.c License	rdfs:label	spdx
Apple MIT License	spdx:AML	Apple MIT License	rdfs:label	spdx
AML glslang variant License	spdx:AML-glslang	AML glslang variant License	rdfs:label	spdx
Academy of Motion Picture Arts and Sciences BSD	spdx:AMPAS	Academy of Motion Picture Arts and Sciences BSD	rdfs:label	spdx
ANTLR Software Rights Notice	spdx:ANTLR-PD	ANTLR Software Rights Notice	rdfs:label	spdx
ANTLR Software Rights Notice with license fallback	spdx:ANTLR-PD-fallback	ANTLR Software Rights Notice with license fallback	rdfs:label	spdx
Adobe Postscript AFM License	spdx:APAFML	Adobe Postscript AFM License	rdfs:label	spdx
Adaptive Public License 1.0	spdx:APL-1.0	Adaptive Public License 1.0	rdfs:label	spdx
Apple Public Source License 1.0	spdx:APSL-1.0	Apple Public Source License 1.0	rdfs:label	spdx
Apple Public Source License 1.1	spdx:APSL-1.1	Apple Public Source License 1.1	rdfs:label	spdx
Apple Public Source License 1.2	spdx:APSL-1.2	Apple Public Source License 1.2	rdfs:label	spdx
Apple Public Source License 2.0	spdx:APSL-2.0	Apple Public Source License 2.0	rdfs:label	spdx
ASWF Digital Assets License version 1.0	spdx:ASWF-Digital-Assets-1.0	ASWF Digital Assets License version 1.0	rdfs:label	spdx
ASWF Digital Assets License 1.1	spdx:ASWF-Digital-Assets-1.1	ASWF Digital Assets License 1.1	rdfs:label	spdx
Abstyles License	spdx:Abstyles	Abstyles License	rdfs:label	spdx
AdaCore Doc License	spdx:AdaCore-doc	AdaCore Doc License	rdfs:label	spdx
Adobe Systems Incorporated Source Code License Agreement	spdx:Adobe-2006	Adobe Systems Incorporated Source Code License Agreement	rdfs:label	spdx
Adobe Display PostScript License	spdx:Adobe-Display-PostScript	Adobe Display PostScript License	rdfs:label	spdx
Adobe Glyph List License	spdx:Adobe-Glyph	Adobe Glyph List License	rdfs:label	spdx
Adobe Utopia Font License	spdx:Adobe-Utopia	Adobe Utopia Font License	rdfs:label	spdx
Afmparse License	spdx:Afmparse	Afmparse License	rdfs:label	spdx
Aladdin Free Public License	spdx:Aladdin	Aladdin Free Public License	rdfs:label	spdx
Apache License 1.0	spdx:Apache-1.0	Apache License 1.0	rdfs:label	spdx
Apache License 1.1	spdx:Apache-1.1	Apache License 1.1	rdfs:label	spdx
Apache License 2.0	spdx:Apache-2.0	Apache License 2.0	rdfs:label	spdx
App::s2p License	spdx:App-s2p	App::s2p License	rdfs:label	spdx
Arphic Public License	spdx:Arphic-1999	Arphic Public License	rdfs:label	spdx
Artistic License 1.0	spdx:Artistic-1.0	Artistic License 1.0	rdfs:label	spdx
Artistic License 1.0 (Perl)	spdx:Artistic-1.0-Perl	Artistic License 1.0 (Perl)	rdfs:label	spdx
Artistic License 1.0 w/clause 8	spdx:Artistic-1.0-cl8	Artistic License 1.0 w/clause 8	rdfs:label	spdx
Artistic License 2.0	spdx:Artistic-2.0	Artistic License 2.0	rdfs:label	spdx
Artistic License 1.0 (dist)	spdx:Artistic-dist	Artistic License 1.0 (dist)	rdfs:label	spdx
Aspell Russian License	spdx:Aspell-RU	Aspell Russian License	rdfs:label	spdx
BSD 1-Clause License	spdx:BSD-1-Clause	BSD 1-Clause License	rdfs:label	spdx
"BSD 2-Clause ""Simplified"" License"	spdx:BSD-2-Clause	"BSD 2-Clause ""Simplified"" License"	rdfs:label	spdx
BSD 2-Clause - Ian Darwin variant	spdx:BSD-2-Clause-Darwin	BSD 2-Clause - Ian Darwin variant	rdfs:label	spdx
BSD 2-Clause FreeBSD License	spdx:BSD-2-Clause-FreeBSD	BSD 2-Clause FreeBSD License	rdfs:label	spdx
BSD 2-Clause NetBSD License	spdx:BSD-2-Clause-NetBSD	BSD 2-Clause NetBSD License	rdfs:label	spdx
BSD-2-Clause Plus Patent License	spdx:BSD-2-Clause-Patent	BSD-2-Clause Plus Patent License	rdfs:label	spdx
BSD 2-Clause with views sentence	spdx:BSD-2-Clause-Views	BSD 2-Clause with views sentence	rdfs:label	spdx
BSD 2-Clause - first lines requirement	spdx:BSD-2-Clause-first-lines	BSD 2-Clause - first lines requirement	rdfs:label	spdx
BSD 2-Clause pkgconf disclaimer variant	spdx:BSD-2-Clause-pkgconf-disclaimer	BSD 2-Clause pkgconf disclaimer variant	rdfs:label	spdx
"BSD 3-Clause ""New"" or ""Revised"" License"	spdx:BSD-3-Clause	"BSD 3-Clause ""New"" or ""Revised"" License"	rdfs:label	spdx
BSD with attribution	spdx:BSD-3-Clause-Attribution	BSD with attribution	rdfs:label	spdx
BSD 3-Clause Clear License	spdx:BSD-3-Clause-Clear	BSD 3-Clause Clear License	rdfs:label	spdx
Hewlett-Packard BSD variant license	spdx:BSD-3-Clause-HP	Hewlett-Packard BSD variant license	rdfs:label	spdx
Lawrence Berkeley National Labs BSD variant license	spdx:BSD-3-Clause-LBNL	Lawrence Berkeley National Labs BSD variant license	rdfs:label	spdx
BSD 3-Clause Modification	spdx:BSD-3-Clause-Modification	BSD 3-Clause Modification	rdfs:label	spdx
BSD 3-Clause No Military License	spdx:BSD-3-Clause-No-Military-License	BSD 3-Clause No Military License	rdfs:label	spdx
BSD 3-Clause No Nuclear License	spdx:BSD-3-Clause-No-Nuclear-License	BSD 3-Clause No Nuclear License	rdfs:label	spdx
BSD 3-Clause No Nuclear License 2014	spdx:BSD-3-Clause-No-Nuclear-License-2014	BSD 3-Clause No Nuclear License 2014	rdfs:label	spdx
BSD 3-Clause No Nuclear Warranty	spdx:BSD-3-Clause-No-Nuclear-Warranty	BSD 3-Clause No Nuclear Warranty	rdfs:label	spdx
BSD 3-Clause Open MPI variant	spdx:BSD-3-Clause-Open-MPI	BSD 3-Clause Open MPI variant	rdfs:label	spdx
BSD 3-Clause Sun Microsystems	spdx:BSD-3-Clause-Sun	BSD 3-Clause Sun Microsystems	rdfs:label	spdx
BSD 3-Clause acpica variant	spdx:BSD-3-Clause-acpica	BSD 3-Clause acpica variant	rdfs:label	spdx
BSD 3-Clause Flex variant	spdx:BSD-3-Clause-flex	BSD 3-Clause Flex variant	rdfs:label	spdx
"BSD 4-Clause ""Original"" or ""Old"" License"	spdx:BSD-4-Clause	"BSD 4-Clause ""Original"" or ""Old"" License"	rdfs:label	spdx
BSD 4 Clause Shortened	spdx:BSD-4-Clause-Shortened	BSD 4 Clause Shortened	rdfs:label	spdx
BSD-4-Clause (University of California-Specific)	spdx:BSD-4-Clause-UC	BSD-4-Clause (University of California-Specific)	rdfs:label	spdx
BSD 4.3 RENO License	spdx:BSD-4.3RENO	BSD 4.3 RENO License	rdfs:label	spdx
BSD 4.3 TAHOE License	spdx:BSD-4.3TAHOE	BSD 4.3 TAHOE License	rdfs:label	spdx
BSD Advertising Acknowledgement License	spdx:BSD-Advertising-Acknowledgement	BSD Advertising Acknowledgement License	rdfs:label	spdx
BSD with Attribution and HPND disclaimer	spdx:BSD-Attribution-HPND-disclaimer	BSD with Attribution and HPND disclaimer	rdfs:label	spdx
BSD-Inferno-Nettverk	spdx:BSD-Inferno-Nettverk	BSD-Inferno-Nettverk	rdfs:label	spdx
BSD Protection License	spdx:BSD-Protection	BSD Protection License	rdfs:label	spdx
BSD Source Code Attribution	spdx:BSD-Source-Code	BSD Source Code Attribution	rdfs:label	spdx
BSD Source Code Attribution - beginning of file variant	spdx:BSD-Source-beginning-file	BSD Source Code Attribution - beginning of file variant	rdfs:label	spdx
Systemics BSD variant license	spdx:BSD-Systemics	Systemics BSD variant license	rdfs:label	spdx
Systemics W3Works BSD variant license	spdx:BSD-Systemics-W3Works	Systemics W3Works BSD variant license	rdfs:label	spdx
Boost Software License 1.0	spdx:BSL-1.0	Boost Software License 1.0	rdfs:label	spdx
Business Source License 1.1	spdx:BUSL-1.1	Business Source License 1.1	rdfs:label	spdx
Baekmuk License	spdx:Baekmuk	Baekmuk License	rdfs:label	spdx
Bahyph License	spdx:Bahyph	Bahyph License	rdfs:label	spdx
Barr License	spdx:Barr	Barr License	rdfs:label	spdx
Beerware License	spdx:Beerware	Beerware License	rdfs:label	spdx
BitTorrent Open Source License v1.0	spdx:BitTorrent-1.0	BitTorrent Open Source License v1.0	rdfs:label	spdx
BitTorrent Open Source License v1.1	spdx:BitTorrent-1.1	BitTorrent Open Source License v1.1	rdfs:label	spdx
Bitstream Charter Font License	spdx:Bitstream-Charter	Bitstream Charter Font License	rdfs:label	spdx
Bitstream Vera Font License	spdx:Bitstream-Vera	Bitstream Vera Font License	rdfs:label	spdx
Blue Oak Model License 1.0.0	spdx:BlueOak-1.0.0	Blue Oak Model License 1.0.0	rdfs:label	spdx
Boehm-Demers-Weiser GC License	spdx:Boehm-GC	Boehm-Demers-Weiser GC License	rdfs:label	spdx
Boehm-Demers-Weiser GC License (without fee)	spdx:Boehm-GC-without-fee	Boehm-Demers-Weiser GC License (without fee)	rdfs:label	spdx
Borceux license	spdx:Borceux	Borceux license	rdfs:label	spdx
Brian Gladman 2-Clause License	spdx:Brian-Gladman-2-Clause	Brian Gladman 2-Clause License	rdfs:label	spdx
Brian Gladman 3-Clause License	spdx:Brian-Gladman-3-Clause	Brian Gladman 3-Clause License	rdfs:label	spdx
Computational Use of Data Agreement v1.0	spdx:C-UDA-1.0	Computational Use of Data Agreement v1.0	rdfs:label	spdx
Cryptographic Autonomy License 1.0	spdx:CAL-1.0	Cryptographic Autonomy License 1.0	rdfs:label	spdx
Cryptographic Autonomy License 1.0 (Combined Work Exception)	spdx:CAL-1.0-Combined-Work-Exception	Cryptographic Autonomy License 1.0 (Combined Work Exception)	rdfs:label	spdx
Computer Associates Trusted Open Source License 1.1	spdx:CATOSL-1.1	Computer Associates Trusted Open Source License 1.1	rdfs:label	spdx
Creative Commons Attribution 1.0 Generic	spdx:CC-BY-1.0	Creative Commons Attribution 1.0 Generic	rdfs:label	spdx
Creative Commons Attribution 2.0 Generic	spdx:CC-BY-2.0	Creative Commons Attribution 2.0 Generic	rdfs:label	spdx
Creative Commons Attribution 2.5 Generic	spdx:CC-BY-2.5	Creative Commons Attribution 2.5 Generic	rdfs:label	spdx
Creative Commons Attribution 2.5 Australia	spdx:CC-BY-2.5-AU	Creative Commons Attribution 2.5 Australia	rdfs:label	spdx
Creative Commons Attribution 3.0 Unported	spdx:CC-BY-3.0	Creative Commons Attribution 3.0 Unported	rdfs:label	spdx
Creative Commons Attribution 3.0 Austria	spdx:CC-BY-3.0-AT	Creative Commons Attribution 3.0 Austria	rdfs:label	spdx
Creative Commons Attribution 3.0 Australia	spdx:CC-BY-3.0-AU	Creative Commons Attribution 3.0 Australia	rdfs:label	spdx
Creative Commons Attribution 3.0 Germany	spdx:CC-BY-3.0-DE	Creative Commons Attribution 3.0 Germany	rdfs:label	spdx
Creative Commons Attribution 3.0 IGO	spdx:CC-BY-3.0-IGO	Creative Commons Attribution 3.0 IGO	rdfs:label	spdx
Creative Commons Attribution 3.0 Netherlands	spdx:CC-BY-3.0-NL	Creative Commons Attribution 3.0 Netherlands	rdfs:label	spdx
Creative Commons Attribution 3.0 United States	spdx:CC-BY-3.0-US	Creative Commons Attribution 3.0 United States	rdfs:label	spdx
Creative Commons Attribution 4.0 International	spdx:CC-BY-4.0	Creative Commons Attribution 4.0 International	rdfs:label	spdx
Creative Commons Attribution Non Commercial 1.0 Generic	spdx:CC-BY-NC-1.0	Creative Commons Attribution Non Commercial 1.0 Generic	rdfs:label	spdx
Creative Commons Attribution Non Commercial 2.0 Generic	spdx:CC-BY-NC-2.0	Creative Commons Attribution Non Commercial 2.0 Generic	rdfs:label	spdx
Creative Commons Attribution Non Commercial 2.5 Generic	spdx:CC-BY-NC-2.5	Creative Commons Attribution Non Commercial 2.5 Generic	rdfs:label	spdx
Creative Commons Attribution Non Commercial 3.0 Unported	spdx:CC-BY-NC-3.0	Creative Commons Attribution Non Commercial 3.0 Unported	rdfs:label	spdx
Creative Commons Attribution Non Commercial 3.0 Germany	spdx:CC-BY-NC-3.0-DE	Creative Commons Attribution Non Commercial 3.0 Germany	rdfs:label	spdx
Creative Commons Attribution Non Commercial 4.0 International	spdx:CC-BY-NC-4.0	Creative Commons Attribution Non Commercial 4.0 International	rdfs:label	spdx
Creative Commons Attribution Non Commercial No Derivatives 1.0 Generic	spdx:CC-BY-NC-ND-1.0	Creative Commons Attribution Non Commercial No Derivatives 1.0 Generic	rdfs:label	spdx
Creative Commons Attribution Non Commercial No Derivatives 2.0 Generic	spdx:CC-BY-NC-ND-2.0	Creative Commons Attribution Non Commercial No Derivatives 2.0 Generic	rdfs:label	spdx
Creative Commons Attribution Non Commercial No Derivatives 2.5 Generic	spdx:CC-BY-NC-ND-2.5	Creative Commons Attribution Non Commercial No Derivatives 2.5 Generic	rdfs:label	spdx
Creative Commons Attribution Non Commercial No Derivatives 3.0 Unported	spdx:CC-BY-NC-ND-3.0	Creative Commons Attribution Non Commercial No Derivatives 3.0 Unported	rdfs:label	spdx
Creative Commons Attribution Non Commercial No Derivatives 3.0 Germany	spdx:CC-BY-NC-ND-3.0-DE	Creative Commons Attribution Non Commercial No Derivatives 3.0 Germany	rdfs:label	spdx
Creative Commons Attribution Non Commercial No Derivatives 3.0 IGO	spdx:CC-BY-NC-ND-3.0-IGO	Creative Commons Attribution Non Commercial No Derivatives 3.0 IGO	rdfs:label	spdx
Creative Commons Attribution Non Commercial No Derivatives 4.0 International	spdx:CC-BY-NC-ND-4.0	Creative Commons Attribution Non Commercial No Derivatives 4.0 International	rdfs:label	spdx
Creative Commons Attribution Non Commercial Share Alike 1.0 Generic	spdx:CC-BY-NC-SA-1.0	Creative Commons Attribution Non Commercial Share Alike 1.0 Generic	rdfs:label	spdx
Creative Commons Attribution Non Commercial Share Alike 2.0 Generic	spdx:CC-BY-NC-SA-2.0	Creative Commons Attribution Non Commercial Share Alike 2.0 Generic	rdfs:label	spdx
Creative Commons Attribution Non Commercial Share Alike 2.0 Germany	spdx:CC-BY-NC-SA-2.0-DE	Creative Commons Attribution Non Commercial Share Alike 2.0 Germany	rdfs:label	spdx
Creative Commons Attribution-NonCommercial-ShareAlike 2.0 France	spdx:CC-BY-NC-SA-2.0-FR	Creative Commons Attribution-NonCommercial-ShareAlike 2.0 France	rdfs:label	spdx
Creative Commons Attribution Non Commercial Share Alike 2.0 England and Wales	spdx:CC-BY-NC-SA-2.0-UK	Creative Commons Attribution Non Commercial Share Alike 2.0 England and Wales	rdfs:label	spdx
Creative Commons Attribution Non Commercial Share Alike 2.5 Generic	spdx:CC-BY-NC-SA-2.5	Creative Commons Attribution Non Commercial Share Alike 2.5 Generic	rdfs:label	spdx
Creative Commons Attribution Non Commercial Share Alike 3.0 Unported	spdx:CC-BY-NC-SA-3.0	Creative Commons Attribution Non Commercial Share Alike 3.0 Unported	rdfs:label	spdx
Creative Commons Attribution Non Commercial Share Alike 3.0 Germany	spdx:CC-BY-NC-SA-3.0-DE	Creative Commons Attribution Non Commercial Share Alike 3.0 Germany	rdfs:label	spdx
Creative Commons Attribution Non Commercial Share Alike 3.0 IGO	spdx:CC-BY-NC-SA-3.0-IGO	Creative Commons Attribution Non Commercial Share Alike 3.0 IGO	rdfs:label	spdx
Creative Commons Attribution Non Commercial Share Alike 4.0 International	spdx:CC-BY-NC-SA-4.0	Creative Commons Attribution Non Commercial Share Alike 4.0 International	rdfs:label	spdx
Creative Commons Attribution No Derivatives 1.0 Generic	spdx:CC-BY-ND-1.0	Creative Commons Attribution No Derivatives 1.0 Generic	rdfs:label	spdx
Creative Commons Attribution No Derivatives 2.0 Generic	spdx:CC-BY-ND-2.0	Creative Commons Attribution No Derivatives 2.0 Generic	rdfs:label	spdx
Creative Commons Attribution No Derivatives 2.5 Generic	spdx:CC-BY-ND-2.5	Creative Commons Attribution No Derivatives 2.5 Generic	rdfs:label	spdx
Creative Commons Attribution No Derivatives 3.0 Unported	spdx:CC-BY-ND-3.0	Creative Commons Attribution No Derivatives 3.0 Unported	rdfs:label	spdx
Creative Commons Attribution No Derivatives 3.0 Germany	spdx:CC-BY-ND-3.0-DE	Creative Commons Attribution No Derivatives 3.0 Germany	rdfs:label	spdx
Creative Commons Attribution No Derivatives 4.0 International	spdx:CC-BY-ND-4.0	Creative Commons Attribution No Derivatives 4.0 International	rdfs:label	spdx
Creative Commons Attribution Share Alike 1.0 Generic	spdx:CC-BY-SA-1.0	Creative Commons Attribution Share Alike 1.0 Generic	rdfs:label	spdx
Creative Commons Attribution Share Alike 2.0 Generic	spdx:CC-BY-SA-2.0	Creative Commons Attribution Share Alike 2.0 Generic	rdfs:label	spdx
Creative Commons Attribution Share Alike 2.0 England and Wales	spdx:CC-BY-SA-2.0-UK	Creative Commons Attribution Share Alike 2.0 England and Wales	rdfs:label	spdx
Creative Commons Attribution Share Alike 2.1 Japan	spdx:CC-BY-SA-2.1-JP	Creative Commons Attribution Share Alike 2.1 Japan	rdfs:label	spdx
Creative Commons Attribution Share Alike 2.5 Generic	spdx:CC-BY-SA-2.5	Creative Commons Attribution Share Alike 2.5 Generic	rdfs:label	spdx
Creative Commons Attribution Share Alike 3.0 Unported	spdx:CC-BY-SA-3.0	Creative Commons Attribution Share Alike 3.0 Unported	rdfs:label	spdx
Creative Commons Attribution Share Alike 3.0 Austria	spdx:CC-BY-SA-3.0-AT	Creative Commons Attribution Share Alike 3.0 Austria	rdfs:label	spdx
Creative Commons Attribution Share Alike 3.0 Germany	spdx:CC-BY-SA-3.0-DE	Creative Commons Attribution Share Alike 3.0 Germany	rdfs:label	spdx
Creative Commons Attribution-ShareAlike 3.0 IGO	spdx:CC-BY-SA-3.0-IGO	Creative Commons Attribution-ShareAlike 3.0 IGO	rdfs:label	spdx
Creative Commons Attribution Share Alike 4.0 International	spdx:CC-BY-SA-4.0	Creative Commons Attribution Share Alike 4.0 International	rdfs:label	spdx
Creative Commons Public Domain Dedication and Certification	spdx:CC-PDDC	Creative Commons Public Domain Dedication and Certification	rdfs:label	spdx
Creative    Commons Public Domain Mark 1.0 Universal	spdx:CC-PDM-1.0	Creative    Commons Public Domain Mark 1.0 Universal	rdfs:label	spdx
Creative Commons Share Alike 1.0 Generic	spdx:CC-SA-1.0	Creative Commons Share Alike 1.0 Generic	rdfs:label	spdx
Creative Commons Zero v1.0 Universal	spdx:CC0-1.0	Creative Commons Zero v1.0 Universal	rdfs:label	spdx
Common Development and Distribution License 1.0	spdx:CDDL-1.0	Common Development and Distribution License 1.0	rdfs:label	spdx
Common Development and Distribution License 1.1	spdx:CDDL-1.1	Common Development and Distribution License 1.1	rdfs:label	spdx
Common Documentation License 1.0	spdx:CDL-1.0	Common Documentation License 1.0	rdfs:label	spdx
Community Data License Agreement Permissive 1.0	spdx:CDLA-Permissive-1.0	Community Data License Agreement Permissive 1.0	rdfs:label	spdx
Community Data License Agreement Permissive 2.0	spdx:CDLA-Permissive-2.0	Community Data License Agreement Permissive 2.0	rdfs:label	spdx
Community Data License Agreement Sharing 1.0	spdx:CDLA-Sharing-1.0	Community Data License Agreement Sharing 1.0	rdfs:label	spdx
CeCILL Free Software License Agreement v1.0	spdx:CECILL-1.0	CeCILL Free Software License Agreement v1.0	rdfs:label	spdx
CeCILL Free Software License Agreement v1.1	spdx:CECILL-1.1	CeCILL Free Software License Agreement v1.1	rdfs:label	spdx
CeCILL Free Software License Agreement v2.0	spdx:CECILL-2.0	CeCILL Free Software License Agreement v2.0	rdfs:label	spdx
CeCILL Free Software License Agreement v2.1	spdx:CECILL-2.1	CeCILL Free Software License Agreement v2.1	rdfs:label	spdx
CeCILL-B Free Software License Agreement	spdx:CECILL-B	CeCILL-B Free Software License Agreement	rdfs:label	spdx
CeCILL-C Free Software License Agreement	spdx:CECILL-C	CeCILL-C Free Software License Agreement	rdfs:label	spdx
CERN Open Hardware Licence v1.1	spdx:CERN-OHL-1.1	CERN Open Hardware Licence v1.1	rdfs:label	spdx
CERN Open Hardware Licence v1.2	spdx:CERN-OHL-1.2	CERN Open Hardware Licence v1.2	rdfs:label	spdx
CERN Open Hardware Licence Version 2 - Permissive	spdx:CERN-OHL-P-2.0	CERN Open Hardware Licence Version 2 - Permissive	rdfs:label	spdx
CERN Open Hardware Licence Version 2 - Strongly Reciprocal	spdx:CERN-OHL-S-2.0	CERN Open Hardware Licence Version 2 - Strongly Reciprocal	rdfs:label	spdx
CERN Open Hardware Licence Version 2 - Weakly Reciprocal	spdx:CERN-OHL-W-2.0	CERN Open Hardware Licence Version 2 - Weakly Reciprocal	rdfs:label	spdx
CFITSIO License	spdx:CFITSIO	CFITSIO License	rdfs:label	spdx
CMU Mach License	spdx:CMU-Mach	CMU Mach License	rdfs:label	spdx
CMU    Mach - no notices-in-documentation variant	spdx:CMU-Mach-nodoc	CMU    Mach - no notices-in-documentation variant	rdfs:label	spdx
CNRI Jython License	spdx:CNRI-Jython	CNRI Jython License	rdfs:label	spdx
CNRI Python License	spdx:CNRI-Python	CNRI Python License	rdfs:label	spdx
CNRI Python Open Source GPL Compatible License Agreement	spdx:CNRI-Python-GPL-Compatible	CNRI Python Open Source GPL Compatible License Agreement	rdfs:label	spdx
Copyfree Open Innovation License	spdx:COIL-1.0	Copyfree Open Innovation License	rdfs:label	spdx
Common Public Attribution License 1.0	spdx:CPAL-1.0	Common Public Attribution License 1.0	rdfs:label	spdx
Common Public License 1.0	spdx:CPL-1.0	Common Public License 1.0	rdfs:label	spdx
Code Project Open License 1.02	spdx:CPOL-1.02	Code Project Open License 1.02	rdfs:label	spdx
CUA Office Public License v1.0	spdx:CUA-OPL-1.0	CUA Office Public License v1.0	rdfs:label	spdx
Caldera License	spdx:Caldera	Caldera License	rdfs:label	spdx
Caldera License (without preamble)	spdx:Caldera-no-preamble	Caldera License (without preamble)	rdfs:label	spdx
Catharon License	spdx:Catharon	Catharon License	rdfs:label	spdx
Clarified Artistic License	spdx:ClArtistic	Clarified Artistic License	rdfs:label	spdx
Clips License	spdx:Clips	Clips License	rdfs:label	spdx
Community Specification License 1.0	spdx:Community-Spec-1.0	Community Specification License 1.0	rdfs:label	spdx
Condor Public License v1.1	spdx:Condor-1.1	Condor Public License v1.1	rdfs:label	spdx
Cornell Lossless JPEG License	spdx:Cornell-Lossless-JPEG	Cornell Lossless JPEG License	rdfs:label	spdx
Cronyx License	spdx:Cronyx	Cronyx License	rdfs:label	spdx
Crossword License	spdx:Crossword	Crossword License	rdfs:label	spdx
CryptoSwift License	spdx:CryptoSwift	CryptoSwift License	rdfs:label	spdx
CrystalStacker License	spdx:CrystalStacker	CrystalStacker License	rdfs:label	spdx
Cube License	spdx:Cube	Cube License	rdfs:label	spdx
Deutsche Freie Software Lizenz	spdx:D-FSL-1.0	Deutsche Freie Software Lizenz	rdfs:label	spdx
DEC 3-Clause License	spdx:DEC-3-Clause	DEC 3-Clause License	rdfs:label	spdx
Data licence Germany – attribution – version 2.0	spdx:DL-DE-BY-2.0	Data licence Germany – attribution – version 2.0	rdfs:label	spdx
Data licence Germany – zero – version 2.0	spdx:DL-DE-ZERO-2.0	Data licence Germany – zero – version 2.0	rdfs:label	spdx
DOC License	spdx:DOC	DOC License	rdfs:label	spdx
Detection Rule License 1.0	spdx:DRL-1.0	Detection Rule License 1.0	rdfs:label	spdx
Detection Rule License 1.1	spdx:DRL-1.1	Detection Rule License 1.1	rdfs:label	spdx
DSDP License	spdx:DSDP	DSDP License	rdfs:label	spdx
DocBook DTD License	spdx:DocBook-DTD	DocBook DTD License	rdfs:label	spdx
DocBook Schema License	spdx:DocBook-Schema	DocBook Schema License	rdfs:label	spdx
DocBook Stylesheet License	spdx:DocBook-Stylesheet	DocBook Stylesheet License	rdfs:label	spdx
DocBook XML License	spdx:DocBook-XML	DocBook XML License	rdfs:label	spdx
Dotseqn License	spdx:Dotseqn	Dotseqn License	rdfs:label	spdx
Educational Community License v1.0	spdx:ECL-1.0	Educational Community License v1.0	rdfs:label	spdx
Educational Community License v2.0	spdx:ECL-2.0	Educational Community License v2.0	rdfs:label	spdx
Eiffel Forum License v1.0	spdx:EFL-1.0	Eiffel Forum License v1.0	rdfs:label	spdx
Eiffel Forum License v2.0	spdx:EFL-2.0	Eiffel Forum License v2.0	rdfs:label	spdx
EPICS Open License	spdx:EPICS	EPICS Open License	rdfs:label	spdx
Eclipse Public License 1.0	spdx:EPL-1.0	Eclipse Public License 1.0	rdfs:label	spdx
Eclipse Public License 2.0	spdx:EPL-2.0	Eclipse Public License 2.0	rdfs:label	spdx
EU DataGrid Software License	spdx:EUDatagrid	EU DataGrid Software License	rdfs:label	spdx
European Union Public License 1.0	spdx:EUPL-1.0	European Union Public License 1.0	rdfs:label	spdx
European Union Public License 1.1	spdx:EUPL-1.1	European Union Public License 1.1	rdfs:label	spdx
European Union Public License 1.2	spdx:EUPL-1.2	European Union Public License 1.2	rdfs:label	spdx
Elastic License 2.0	spdx:Elastic-2.0	Elastic License 2.0	rdfs:label	spdx
Entessa Public License v1.0	spdx:Entessa	Entessa Public License v1.0	rdfs:label	spdx
Erlang Public License v1.1	spdx:ErlPL-1.1	Erlang Public License v1.1	rdfs:label	spdx
Eurosym License	spdx:Eurosym	Eurosym License	rdfs:label	spdx
Fuzzy Bitmap License	spdx:FBM	Fuzzy Bitmap License	rdfs:label	spdx
Fraunhofer FDK AAC Codec Library	spdx:FDK-AAC	Fraunhofer FDK AAC Codec Library	rdfs:label	spdx
FSF All Permissive License	spdx:FSFAP	FSF All Permissive License	rdfs:label	spdx
FSF All Permissive License (without Warranty)	spdx:FSFAP-no-warranty-disclaimer	FSF All Permissive License (without Warranty)	rdfs:label	spdx
FSF Unlimited License	spdx:FSFUL	FSF Unlimited License	rdfs:label	spdx
FSF Unlimited License (with License Retention)	spdx:FSFULLR	FSF Unlimited License (with License Retention)	rdfs:label	spdx
FSF Unlimited License (with License Retention and Short Disclaimer)	spdx:FSFULLRSD	FSF Unlimited License (with License Retention and Short Disclaimer)	rdfs:label	spdx
FSF Unlimited License (With License Retention and Warranty Disclaimer)	spdx:FSFULLRWD	FSF Unlimited License (With License Retention and Warranty Disclaimer)	rdfs:label	spdx
Functional Source License, Version 1.1, ALv2 Future License	spdx:FSL-1.1-ALv2	Functional Source License, Version 1.1, ALv2 Future License	rdfs:label	spdx
Functional Source License, Version 1.1, MIT Future License	spdx:FSL-1.1-MIT	Functional Source License, Version 1.1, MIT Future License	rdfs:label	spdx
Freetype Project License	spdx:FTL	Freetype Project License	rdfs:label	spdx
Fair License	spdx:Fair	Fair License	rdfs:label	spdx
Ferguson Twofish License	spdx:Ferguson-Twofish	Ferguson Twofish License	rdfs:label	spdx
Frameworx Open License 1.0	spdx:Frameworx-1.0	Frameworx Open License 1.0	rdfs:label	spdx
FreeBSD Documentation License	spdx:FreeBSD-DOC	FreeBSD Documentation License	rdfs:label	spdx
FreeImage Public License v1.0	spdx:FreeImage	FreeImage Public License v1.0	rdfs:label	spdx
Furuseth License	spdx:Furuseth	Furuseth License	rdfs:label	spdx
Gnome GCR Documentation License	spdx:GCR-docs	Gnome GCR Documentation License	rdfs:label	spdx
GD License	spdx:GD	GD License	rdfs:label	spdx
GNU Free Documentation License v1.1	spdx:GFDL-1.1	GNU Free Documentation License v1.1	rdfs:label	spdx
GNU Free Documentation License v1.1 only - invariants	spdx:GFDL-1.1-invariants-only	GNU Free Documentation License v1.1 only - invariants	rdfs:label	spdx
GNU Free Documentation License v1.1 or later - invariants	spdx:GFDL-1.1-invariants-or-later	GNU Free Documentation License v1.1 or later - invariants	rdfs:label	spdx
GNU Free Documentation License v1.1 only - no invariants	spdx:GFDL-1.1-no-invariants-only	GNU Free Documentation License v1.1 only - no invariants	rdfs:label	spdx
GNU Free Documentation License v1.1 or later - no invariants	spdx:GFDL-1.1-no-invariants-or-later	GNU Free Documentation License v1.1 or later - no invariants	rdfs:label	spdx
GNU Free Documentation License v1.1 only	spdx:GFDL-1.1-only	GNU Free Documentation License v1.1 only	rdfs:label	spdx
GNU Free Documentation License v1.1 or later	spdx:GFDL-1.1-or-later	GNU Free Documentation License v1.1 or later	rdfs:label	spdx
GNU Free Documentation License v1.2	spdx:GFDL-1.2	GNU Free Documentation License v1.2	rdfs:label	spdx
GNU Free Documentation License v1.2 only - invariants	spdx:GFDL-1.2-invariants-only	GNU Free Documentation License v1.2 only - invariants	rdfs:label	spdx
GNU Free Documentation License v1.2 or later - invariants	spdx:GFDL-1.2-invariants-or-later	GNU Free Documentation License v1.2 or later - invariants	rdfs:label	spdx
GNU Free Documentation License v1.2 only - no invariants	spdx:GFDL-1.2-no-invariants-only	GNU Free Documentation License v1.2 only - no invariants	rdfs:label	spdx
GNU Free Documentation License v1.2 or later - no invariants	spdx:GFDL-1.2-no-invariants-or-later	GNU Free Documentation License v1.2 or later - no invariants	rdfs:label	spdx
GNU Free Documentation License v1.2 only	spdx:GFDL-1.2-only	GNU Free Documentation License v1.2 only	rdfs:label	spdx
GNU Free Documentation License v1.2 or later	spdx:GFDL-1.2-or-later	GNU Free Documentation License v1.2 or later	rdfs:label	spdx
GNU Free Documentation License v1.3	spdx:GFDL-1.3	GNU Free Documentation License v1.3	rdfs:label	spdx
GNU Free Documentation License v1.3 only - invariants	spdx:GFDL-1.3-invariants-only	GNU Free Documentation License v1.3 only - invariants	rdfs:label	spdx
GNU Free Documentation License v1.3 or later - invariants	spdx:GFDL-1.3-invariants-or-later	GNU Free Documentation License v1.3 or later - invariants	rdfs:label	spdx
GNU Free Documentation License v1.3 only - no invariants	spdx:GFDL-1.3-no-invariants-only	GNU Free Documentation License v1.3 only - no invariants	rdfs:label	spdx
GNU Free Documentation License v1.3 or later - no invariants	spdx:GFDL-1.3-no-invariants-or-later	GNU Free Documentation License v1.3 or later - no invariants	rdfs:label	spdx
GNU Free Documentation License v1.3 only	spdx:GFDL-1.3-only	GNU Free Documentation License v1.3 only	rdfs:label	spdx
GNU Free Documentation License v1.3 or later	spdx:GFDL-1.3-or-later	GNU Free Documentation License v1.3 or later	rdfs:label	spdx
GL2PS License	spdx:GL2PS	GL2PS License	rdfs:label	spdx
Good Luck With That Public License	spdx:GLWTPL	Good Luck With That Public License	rdfs:label	spdx
GNU General Public License v1.0 only	spdx:GPL-1.0	GNU General Public License v1.0 only	rdfs:label	spdx
GNU General Public License v1.0 or later	spdx:GPL-1.0+	GNU General Public License v1.0 or later	rdfs:label	spdx
GNU General Public License v1.0 only	spdx:GPL-1.0-only	GNU General Public License v1.0 only	rdfs:label	spdx
GNU General Public License v1.0 or later	spdx:GPL-1.0-or-later	GNU General Public License v1.0 or later	rdfs:label	spdx
GNU General Public License v2.0 only	spdx:GPL-2.0	GNU General Public License v2.0 only	rdfs:label	spdx
GNU General Public License v2.0 or later	spdx:GPL-2.0+	GNU General Public License v2.0 or later	rdfs:label	spdx
GNU General Public License v2.0 only	spdx:GPL-2.0-only	GNU General Public License v2.0 only	rdfs:label	spdx
GNU General Public License v2.0 or later	spdx:GPL-2.0-or-later	GNU General Public License v2.0 or later	rdfs:label	spdx
GNU General Public License v2.0 w/GCC Runtime Library exception	spdx:GPL-2.0-with-GCC-exception	GNU General Public License v2.0 w/GCC Runtime Library exception	rdfs:label	spdx
GNU General Public License v2.0 w/Autoconf exception	spdx:GPL-2.0-with-autoconf-exception	GNU General Public License v2.0 w/Autoconf exception	rdfs:label	spdx
GNU General Public License v2.0 w/Bison exception	spdx:GPL-2.0-with-bison-exception	GNU General Public License v2.0 w/Bison exception	rdfs:label	spdx
GNU General Public License v2.0 w/Classpath exception	spdx:GPL-2.0-with-classpath-exception	GNU General Public License v2.0 w/Classpath exception	rdfs:label	spdx
GNU General Public License v2.0 w/Font exception	spdx:GPL-2.0-with-font-exception	GNU General Public License v2.0 w/Font exception	rdfs:label	spdx
GNU General Public License v3.0 only	spdx:GPL-3.0	GNU General Public License v3.0 only	rdfs:label	spdx
GNU General Public License v3.0 or later	spdx:GPL-3.0+	GNU General Public License v3.0 or later	rdfs:label	spdx
GNU General Public License v3.0 only	spdx:GPL-3.0-only	GNU General Public License v3.0 only	rdfs:label	spdx
GNU General Public License v3.0 or later	spdx:GPL-3.0-or-later	GNU General Public License v3.0 or later	rdfs:label	spdx
GNU General Public License v3.0 w/GCC Runtime Library exception	spdx:GPL-3.0-with-GCC-exception	GNU General Public License v3.0 w/GCC Runtime Library exception	rdfs:label	spdx
GNU General Public License v3.0 w/Autoconf exception	spdx:GPL-3.0-with-autoconf-exception	GNU General Public License v3.0 w/Autoconf exception	rdfs:label	spdx
Game Programming Gems License	spdx:Game-Programming-Gems	Game Programming Gems License	rdfs:label	spdx
Giftware License	spdx:Giftware	Giftware License	rdfs:label	spdx
3dfx Glide License	spdx:Glide	3dfx Glide License	rdfs:label	spdx
Glulxe License	spdx:Glulxe	Glulxe License	rdfs:label	spdx
Graphics Gems License	spdx:Graphics-Gems	Graphics Gems License	rdfs:label	spdx
Gutmann License	spdx:Gutmann	Gutmann License	rdfs:label	spdx
HDF5 License	spdx:HDF5	HDF5 License	rdfs:label	spdx
HIDAPI License	spdx:HIDAPI	HIDAPI License	rdfs:label	spdx
Hewlett-Packard 1986 License	spdx:HP-1986	Hewlett-Packard 1986 License	rdfs:label	spdx
Hewlett-Packard 1989 License	spdx:HP-1989	Hewlett-Packard 1989 License	rdfs:label	spdx
Historical Permission Notice and Disclaimer	spdx:HPND	Historical Permission Notice and Disclaimer	rdfs:label	spdx
Historical Permission Notice and Disclaimer - DEC variant	spdx:HPND-DEC	Historical Permission Notice and Disclaimer - DEC variant	rdfs:label	spdx
Historical Permission Notice and Disclaimer - Fenneberg-Livingston variant	spdx:HPND-Fenneberg-Livingston	Historical Permission Notice and Disclaimer - Fenneberg-Livingston variant	rdfs:label	spdx
Historical Permission Notice and Disclaimer    - INRIA-IMAG variant	spdx:HPND-INRIA-IMAG	Historical Permission Notice and Disclaimer    - INRIA-IMAG variant	rdfs:label	spdx
Historical Permission Notice and Disclaimer - Intel variant	spdx:HPND-Intel	Historical Permission Notice and Disclaimer - Intel variant	rdfs:label	spdx
Historical Permission Notice and Disclaimer - Kevlin Henney variant	spdx:HPND-Kevlin-Henney	Historical Permission Notice and Disclaimer - Kevlin Henney variant	rdfs:label	spdx
Historical Permission Notice and Disclaimer with MIT disclaimer	spdx:HPND-MIT-disclaimer	Historical Permission Notice and Disclaimer with MIT disclaimer	rdfs:label	spdx
Historical Permission Notice and Disclaimer - Markus Kuhn variant	spdx:HPND-Markus-Kuhn	Historical Permission Notice and Disclaimer - Markus Kuhn variant	rdfs:label	spdx
Historical Permission Notice and Disclaimer - Netrek variant	spdx:HPND-Netrek	Historical Permission Notice and Disclaimer - Netrek variant	rdfs:label	spdx
Historical Permission Notice and Disclaimer - Pbmplus variant	spdx:HPND-Pbmplus	Historical Permission Notice and Disclaimer - Pbmplus variant	rdfs:label	spdx
Historical Permission Notice and Disclaimer - University of California variant	spdx:HPND-UC	Historical Permission Notice and Disclaimer - University of California variant	rdfs:label	spdx
Historical Permission Notice and Disclaimer - University of California, US export warning	spdx:HPND-UC-export-US	Historical Permission Notice and Disclaimer - University of California, US export warning	rdfs:label	spdx
Historical Permission Notice and Disclaimer - documentation variant	spdx:HPND-doc	Historical Permission Notice and Disclaimer - documentation variant	rdfs:label	spdx
Historical Permission Notice and Disclaimer - documentation sell variant	spdx:HPND-doc-sell	Historical Permission Notice and Disclaimer - documentation sell variant	rdfs:label	spdx
HPND with US Government export control warning	spdx:HPND-export-US	HPND with US Government export control warning	rdfs:label	spdx
HPND with US Government export control warning and acknowledgment	spdx:HPND-export-US-acknowledgement	HPND with US Government export control warning and acknowledgment	rdfs:label	spdx
HPND with US Government export control warning and modification rqmt	spdx:HPND-export-US-modify	HPND with US Government export control warning and modification rqmt	rdfs:label	spdx
HPND with US Government export control and 2 disclaimers	spdx:HPND-export2-US	HPND with US Government export control and 2 disclaimers	rdfs:label	spdx
Historical Permission Notice and Disclaimer - merchantability variant	spdx:HPND-merchantability-variant	Historical Permission Notice and Disclaimer - merchantability variant	rdfs:label	spdx
Historical Permission Notice and Disclaimer - sell xserver variant with MIT disclaimer	spdx:HPND-sell-MIT-disclaimer-xserver	Historical Permission Notice and Disclaimer - sell xserver variant with MIT disclaimer	rdfs:label	spdx
Historical Permission Notice and Disclaimer - sell regexpr variant	spdx:HPND-sell-regexpr	Historical Permission Notice and Disclaimer - sell regexpr variant	rdfs:label	spdx
Historical Permission Notice and Disclaimer - sell variant	spdx:HPND-sell-variant	Historical Permission Notice and Disclaimer - sell variant	rdfs:label	spdx
HPND sell variant with MIT disclaimer	spdx:HPND-sell-variant-MIT-disclaimer	HPND sell variant with MIT disclaimer	rdfs:label	spdx
HPND sell variant with MIT disclaimer - reverse	spdx:HPND-sell-variant-MIT-disclaimer-rev	HPND sell variant with MIT disclaimer - reverse	rdfs:label	spdx
HTML Tidy License	spdx:HTMLTIDY	HTML Tidy License	rdfs:label	spdx
Haskell Language Report License	spdx:HaskellReport	Haskell Language Report License	rdfs:label	spdx
Hippocratic License 2.1	spdx:Hippocratic-2.1	Hippocratic License 2.1	rdfs:label	spdx
IBM PowerPC Initialization and Boot Software	spdx:IBM-pibs	IBM PowerPC Initialization and Boot Software	rdfs:label	spdx
ICU License	spdx:ICU	ICU License	rdfs:label	spdx
IEC    Code Components End-user licence agreement	spdx:IEC-Code-Components-EULA	IEC    Code Components End-user licence agreement	rdfs:label	spdx
Independent JPEG Group License	spdx:IJG	Independent JPEG Group License	rdfs:label	spdx
Independent JPEG Group License - short	spdx:IJG-short	Independent JPEG Group License - short	rdfs:label	spdx
IPA Font License	spdx:IPA	IPA Font License	rdfs:label	spdx
IBM Public License v1.0	spdx:IPL-1.0	IBM Public License v1.0	rdfs:label	spdx
ISC License	spdx:ISC	ISC License	rdfs:label	spdx
ISC Veillard variant	spdx:ISC-Veillard	ISC Veillard variant	rdfs:label	spdx
ImageMagick License	spdx:ImageMagick	ImageMagick License	rdfs:label	spdx
Imlib2 License	spdx:Imlib2	Imlib2 License	rdfs:label	spdx
Info-ZIP License	spdx:Info-ZIP	Info-ZIP License	rdfs:label	spdx
Inner Net License v2.0	spdx:Inner-Net-2.0	Inner Net License v2.0	rdfs:label	spdx
Inno Setup License	spdx:InnoSetup	Inno Setup License	rdfs:label	spdx
Intel Open Source License	spdx:Intel	Intel Open Source License	rdfs:label	spdx
Intel ACPI Software License Agreement	spdx:Intel-ACPI	Intel ACPI Software License Agreement	rdfs:label	spdx
Interbase Public License v1.0	spdx:Interbase-1.0	Interbase Public License v1.0	rdfs:label	spdx
JPL Image Use Policy	spdx:JPL-image	JPL Image Use Policy	rdfs:label	spdx
Japan Network Information Center License	spdx:JPNIC	Japan Network Information Center License	rdfs:label	spdx
JSON License	spdx:JSON	JSON License	rdfs:label	spdx
Jam License	spdx:Jam	Jam License	rdfs:label	spdx
JasPer License	spdx:JasPer-2.0	JasPer License	rdfs:label	spdx
Kastrup License	spdx:Kastrup	Kastrup License	rdfs:label	spdx
Kazlib License	spdx:Kazlib	Kazlib License	rdfs:label	spdx
Knuth CTAN License	spdx:Knuth-CTAN	Knuth CTAN License	rdfs:label	spdx
Licence Art Libre 1.2	spdx:LAL-1.2	Licence Art Libre 1.2	rdfs:label	spdx
Licence Art Libre 1.3	spdx:LAL-1.3	Licence Art Libre 1.3	rdfs:label	spdx
GNU Library General Public License v2 only	spdx:LGPL-2.0	GNU Library General Public License v2 only	rdfs:label	spdx
GNU Library General Public License v2 or later	spdx:LGPL-2.0+	GNU Library General Public License v2 or later	rdfs:label	spdx
GNU Library General Public License v2 only	spdx:LGPL-2.0-only	GNU Library General Public License v2 only	rdfs:label	spdx
GNU Library General Public License v2 or later	spdx:LGPL-2.0-or-later	GNU Library General Public License v2 or later	rdfs:label	spdx
GNU Lesser General Public License v2.1 only	spdx:LGPL-2.1	GNU Lesser General Public License v2.1 only	rdfs:label	spdx
GNU Lesser General Public License v2.1 or later	spdx:LGPL-2.1+	GNU Lesser General Public License v2.1 or later	rdfs:label	spdx
GNU Lesser General Public License v2.1 only	spdx:LGPL-2.1-only	GNU Lesser General Public License v2.1 only	rdfs:label	spdx
GNU Lesser General Public License v2.1 or later	spdx:LGPL-2.1-or-later	GNU Lesser General Public License v2.1 or later	rdfs:label	spdx
GNU Lesser General Public License v3.0 only	spdx:LGPL-3.0	GNU Lesser General Public License v3.0 only	rdfs:label	spdx
GNU Lesser General Public License v3.0 or later	spdx:LGPL-3.0+	GNU Lesser General Public License v3.0 or later	rdfs:label	spdx
GNU Lesser General Public License v3.0 only	spdx:LGPL-3.0-only	GNU Lesser General Public License v3.0 only	rdfs:label	spdx
GNU Lesser General Public License v3.0 or later	spdx:LGPL-3.0-or-later	GNU Lesser General Public License v3.0 or later	rdfs:label	spdx
Lesser General Public License For Linguistic Resources	spdx:LGPLLR	Lesser General Public License For Linguistic Resources	rdfs:label	spdx
Common Lisp LOOP License	spdx:LOOP	Common Lisp LOOP License	rdfs:label	spdx
LPD Documentation License	spdx:LPD-document	LPD Documentation License	rdfs:label	spdx
Lucent Public License Version 1.0	spdx:LPL-1.0	Lucent Public License Version 1.0	rdfs:label	spdx
Lucent Public License v1.02	spdx:LPL-1.02	Lucent Public License v1.02	rdfs:label	spdx
LaTeX Project Public License v1.0	spdx:LPPL-1.0	LaTeX Project Public License v1.0	rdfs:label	spdx
LaTeX Project Public License v1.1	spdx:LPPL-1.1	LaTeX Project Public License v1.1	rdfs:label	spdx
LaTeX Project Public License v1.2	spdx:LPPL-1.2	LaTeX Project Public License v1.2	rdfs:label	spdx
LaTeX Project Public License v1.3a	spdx:LPPL-1.3a	LaTeX Project Public License v1.3a	rdfs:label	spdx
LaTeX Project Public License v1.3c	spdx:LPPL-1.3c	LaTeX Project Public License v1.3c	rdfs:label	spdx
LZMA SDK License (versions 9.11 to 9.20)	spdx:LZMA-SDK-9.11-to-9.20	LZMA SDK License (versions 9.11 to 9.20)	rdfs:label	spdx
LZMA SDK License (versions 9.22 and beyond)	spdx:LZMA-SDK-9.22	LZMA SDK License (versions 9.22 and beyond)	rdfs:label	spdx
Latex2e License	spdx:Latex2e	Latex2e License	rdfs:label	spdx
Latex2e with translated notice permission	spdx:Latex2e-translated-notice	Latex2e with translated notice permission	rdfs:label	spdx
Leptonica License	spdx:Leptonica	Leptonica License	rdfs:label	spdx
Licence Libre du Québec – Permissive version 1.1	spdx:LiLiQ-P-1.1	Licence Libre du Québec – Permissive version 1.1	rdfs:label	spdx
Licence Libre du Québec – Réciprocité version 1.1	spdx:LiLiQ-R-1.1	Licence Libre du Québec – Réciprocité version 1.1	rdfs:label	spdx
Licence Libre du Québec – Réciprocité forte version 1.1	spdx:LiLiQ-Rplus-1.1	Licence Libre du Québec – Réciprocité forte version 1.1	rdfs:label	spdx
libpng License	spdx:Libpng	libpng License	rdfs:label	spdx
Linux Kernel Variant of OpenIB.org license	spdx:Linux-OpenIB	Linux Kernel Variant of OpenIB.org license	rdfs:label	spdx
Linux man-pages - 1 paragraph	spdx:Linux-man-pages-1-para	Linux man-pages - 1 paragraph	rdfs:label	spdx
Linux man-pages Copyleft	spdx:Linux-man-pages-copyleft	Linux man-pages Copyleft	rdfs:label	spdx
Linux man-pages Copyleft - 2 paragraphs	spdx:Linux-man-pages-copyleft-2-para	Linux man-pages Copyleft - 2 paragraphs	rdfs:label	spdx
Linux man-pages Copyleft Variant	spdx:Linux-man-pages-copyleft-var	Linux man-pages Copyleft Variant	rdfs:label	spdx
Lucida Bitmap Fonts License	spdx:Lucida-Bitmap-Fonts	Lucida Bitmap Fonts License	rdfs:label	spdx
MIPS License	spdx:MIPS	MIPS License	rdfs:label	spdx
MIT License	spdx:MIT	MIT License	rdfs:label	spdx
MIT No Attribution	spdx:MIT-0	MIT No Attribution	rdfs:label	spdx
CMU License	spdx:MIT-CMU	CMU License	rdfs:label	spdx
MIT Click License	spdx:MIT-Click	MIT Click License	rdfs:label	spdx
MIT Festival Variant	spdx:MIT-Festival	MIT Festival Variant	rdfs:label	spdx
MIT Khronos - old variant	spdx:MIT-Khronos-old	MIT Khronos - old variant	rdfs:label	spdx
MIT License Modern Variant	spdx:MIT-Modern-Variant	MIT License Modern Variant	rdfs:label	spdx
MIT Tom Wu Variant	spdx:MIT-Wu	MIT Tom Wu Variant	rdfs:label	spdx
Enlightenment License (e16)	spdx:MIT-advertising	Enlightenment License (e16)	rdfs:label	spdx
enna License	spdx:MIT-enna	enna License	rdfs:label	spdx
feh License	spdx:MIT-feh	feh License	rdfs:label	spdx
MIT Open Group variant	spdx:MIT-open-group	MIT Open Group variant	rdfs:label	spdx
MIT testregex Variant	spdx:MIT-testregex	MIT testregex Variant	rdfs:label	spdx
MIT +no-false-attribs license	spdx:MITNFA	MIT +no-false-attribs license	rdfs:label	spdx
MMIXware License	spdx:MMIXware	MMIXware License	rdfs:label	spdx
MPEG Software Simulation	spdx:MPEG-SSG	MPEG Software Simulation	rdfs:label	spdx
Mozilla Public License 1.0	spdx:MPL-1.0	Mozilla Public License 1.0	rdfs:label	spdx
Mozilla Public License 1.1	spdx:MPL-1.1	Mozilla Public License 1.1	rdfs:label	spdx
Mozilla Public License 2.0	spdx:MPL-2.0	Mozilla Public License 2.0	rdfs:label	spdx
Mozilla Public License 2.0 (no copyleft exception)	spdx:MPL-2.0-no-copyleft-exception	Mozilla Public License 2.0 (no copyleft exception)	rdfs:label	spdx
Microsoft Limited Public License	spdx:MS-LPL	Microsoft Limited Public License	rdfs:label	spdx
Microsoft Public License	spdx:MS-PL	Microsoft Public License	rdfs:label	spdx
Microsoft Reciprocal License	spdx:MS-RL	Microsoft Reciprocal License	rdfs:label	spdx
Matrix Template Library License	spdx:MTLL	Matrix Template Library License	rdfs:label	spdx
Mackerras 3-Clause License	spdx:Mackerras-3-Clause	Mackerras 3-Clause License	rdfs:label	spdx
Mackerras 3-Clause - acknowledgment variant	spdx:Mackerras-3-Clause-acknowledgment	Mackerras 3-Clause - acknowledgment variant	rdfs:label	spdx
MakeIndex License	spdx:MakeIndex	MakeIndex License	rdfs:label	spdx
Martin Birgmeier License	spdx:Martin-Birgmeier	Martin Birgmeier License	rdfs:label	spdx
McPhee Slideshow License	spdx:McPhee-slideshow	McPhee Slideshow License	rdfs:label	spdx
Minpack License	spdx:Minpack	Minpack License	rdfs:label	spdx
The MirOS Licence	spdx:MirOS	The MirOS Licence	rdfs:label	spdx
Motosoto License	spdx:Motosoto	Motosoto License	rdfs:label	spdx
Mulan Permissive Software License, Version 1	spdx:MulanPSL-1.0	Mulan Permissive Software License, Version 1	rdfs:label	spdx
Mulan Permissive Software License, Version 2	spdx:MulanPSL-2.0	Mulan Permissive Software License, Version 2	rdfs:label	spdx
Multics License	spdx:Multics	Multics License	rdfs:label	spdx
Mup License	spdx:Mup	Mup License	rdfs:label	spdx
Nara Institute of Science and Technology License (2003)	spdx:NAIST-2003	Nara Institute of Science and Technology License (2003)	rdfs:label	spdx
NASA Open Source Agreement 1.3	spdx:NASA-1.3	NASA Open Source Agreement 1.3	rdfs:label	spdx
Net Boolean Public License v1	spdx:NBPL-1.0	Net Boolean Public License v1	rdfs:label	spdx
NCBI Public Domain Notice	spdx:NCBI-PD	NCBI Public Domain Notice	rdfs:label	spdx
Non-Commercial Government Licence	spdx:NCGL-UK-2.0	Non-Commercial Government Licence	rdfs:label	spdx
NCL Source Code License	spdx:NCL	NCL Source Code License	rdfs:label	spdx
University of Illinois/NCSA Open Source License	spdx:NCSA	University of Illinois/NCSA Open Source License	rdfs:label	spdx
Nethack General Public License	spdx:NGPL	Nethack General Public License	rdfs:label	spdx
NICTA Public Software License, Version 1.0	spdx:NICTA-1.0	NICTA Public Software License, Version 1.0	rdfs:label	spdx
NIST Public Domain Notice	spdx:NIST-PD	NIST Public Domain Notice	rdfs:label	spdx
NIST Public Domain Notice with license fallback	spdx:NIST-PD-fallback	NIST Public Domain Notice with license fallback	rdfs:label	spdx
NIST Software License	spdx:NIST-Software	NIST Software License	rdfs:label	spdx
Norwegian Licence for Open Government Data (NLOD) 1.0	spdx:NLOD-1.0	Norwegian Licence for Open Government Data (NLOD) 1.0	rdfs:label	spdx
Norwegian Licence for Open Government Data (NLOD) 2.0	spdx:NLOD-2.0	Norwegian Licence for Open Government Data (NLOD) 2.0	rdfs:label	spdx
No Limit Public License	spdx:NLPL	No Limit Public License	rdfs:label	spdx
Netizen Open Source License	spdx:NOSL	Netizen Open Source License	rdfs:label	spdx
Netscape Public License v1.0	spdx:NPL-1.0	Netscape Public License v1.0	rdfs:label	spdx
Netscape Public License v1.1	spdx:NPL-1.1	Netscape Public License v1.1	rdfs:label	spdx
Non-Profit Open Software License 3.0	spdx:NPOSL-3.0	Non-Profit Open Software License 3.0	rdfs:label	spdx
NRL License	spdx:NRL	NRL License	rdfs:label	spdx
NTIA Public Domain Notice	spdx:NTIA-PD	NTIA Public Domain Notice	rdfs:label	spdx
NTP License	spdx:NTP	NTP License	rdfs:label	spdx
NTP No Attribution	spdx:NTP-0	NTP No Attribution	rdfs:label	spdx
Naumen Public License	spdx:Naumen	Naumen Public License	rdfs:label	spdx
Net-SNMP License	spdx:Net-SNMP	Net-SNMP License	rdfs:label	spdx
NetCDF license	spdx:NetCDF	NetCDF license	rdfs:label	spdx
Newsletr License	spdx:Newsletr	Newsletr License	rdfs:label	spdx
Nokia Open Source License	spdx:Nokia	Nokia Open Source License	rdfs:label	spdx
Noweb License	spdx:Noweb	Noweb License	rdfs:label	spdx
Nunit License	spdx:Nunit	Nunit License	rdfs:label	spdx
Open Use of Data Agreement v1.0	spdx:O-UDA-1.0	Open Use of Data Agreement v1.0	rdfs:label	spdx
OAR License	spdx:OAR	OAR License	rdfs:label	spdx
Open CASCADE Technology Public License	spdx:OCCT-PL	Open CASCADE Technology Public License	rdfs:label	spdx
OCLC Research Public License 2.0	spdx:OCLC-2.0	OCLC Research Public License 2.0	rdfs:label	spdx
Open Data Commons Attribution License v1.0	spdx:ODC-By-1.0	Open Data Commons Attribution License v1.0	rdfs:label	spdx
Open Data Commons Open Database License v1.0	spdx:ODbL-1.0	Open Data Commons Open Database License v1.0	rdfs:label	spdx
OFFIS License	spdx:OFFIS	OFFIS License	rdfs:label	spdx
SIL Open Font License 1.0	spdx:OFL-1.0	SIL Open Font License 1.0	rdfs:label	spdx
SIL Open Font License 1.0 with Reserved Font Name	spdx:OFL-1.0-RFN	SIL Open Font License 1.0 with Reserved Font Name	rdfs:label	spdx
SIL Open Font License 1.0 with no Reserved Font Name	spdx:OFL-1.0-no-RFN	SIL Open Font License 1.0 with no Reserved Font Name	rdfs:label	spdx
SIL Open Font License 1.1	spdx:OFL-1.1	SIL Open Font License 1.1	rdfs:label	spdx
SIL Open Font License 1.1 with Reserved Font Name	spdx:OFL-1.1-RFN	SIL Open Font License 1.1 with Reserved Font Name	rdfs:label	spdx
SIL Open Font License 1.1 with no Reserved Font Name	spdx:OFL-1.1-no-RFN	SIL Open Font License 1.1 with no Reserved Font Name	rdfs:label	spdx
OGC Software License, Version 1.0	spdx:OGC-1.0	OGC Software License, Version 1.0	rdfs:label	spdx
Taiwan Open Government Data License, version 1.0	spdx:OGDL-Taiwan-1.0	Taiwan Open Government Data License, version 1.0	rdfs:label	spdx
Open Government Licence - Canada	spdx:OGL-Canada-2.0	Open Government Licence - Canada	rdfs:label	spdx
Open Government Licence v1.0	spdx:OGL-UK-1.0	Open Government Licence v1.0	rdfs:label	spdx
Open Government Licence v2.0	spdx:OGL-UK-2.0	Open Government Licence v2.0	rdfs:label	spdx
Open Government Licence v3.0	spdx:OGL-UK-3.0	Open Government Licence v3.0	rdfs:label	spdx
Open Group Test Suite License	spdx:OGTSL	Open Group Test Suite License	rdfs:label	spdx
Open LDAP Public License v1.1	spdx:OLDAP-1.1	Open LDAP Public License v1.1	rdfs:label	spdx
Open LDAP Public License v1.2	spdx:OLDAP-1.2	Open LDAP Public License v1.2	rdfs:label	spdx
Open LDAP Public License v1.3	spdx:OLDAP-1.3	Open LDAP Public License v1.3	rdfs:label	spdx
Open LDAP Public License v1.4	spdx:OLDAP-1.4	Open LDAP Public License v1.4	rdfs:label	spdx
Open LDAP Public License v2.0 (or possibly 2.0A and 2.0B)	spdx:OLDAP-2.0	Open LDAP Public License v2.0 (or possibly 2.0A and 2.0B)	rdfs:label	spdx
Open LDAP Public License v2.0.1	spdx:OLDAP-2.0.1	Open LDAP Public License v2.0.1	rdfs:label	spdx
Open LDAP Public License v2.1	spdx:OLDAP-2.1	Open LDAP Public License v2.1	rdfs:label	spdx
Open LDAP Public License v2.2	spdx:OLDAP-2.2	Open LDAP Public License v2.2	rdfs:label	spdx
Open LDAP Public License v2.2.1	spdx:OLDAP-2.2.1	Open LDAP Public License v2.2.1	rdfs:label	spdx
Open LDAP Public License 2.2.2	spdx:OLDAP-2.2.2	Open LDAP Public License 2.2.2	rdfs:label	spdx
Open LDAP Public License v2.3	spdx:OLDAP-2.3	Open LDAP Public License v2.3	rdfs:label	spdx
Open LDAP Public License v2.4	spdx:OLDAP-2.4	Open LDAP Public License v2.4	rdfs:label	spdx
Open LDAP Public License v2.5	spdx:OLDAP-2.5	Open LDAP Public License v2.5	rdfs:label	spdx
Open LDAP Public License v2.6	spdx:OLDAP-2.6	Open LDAP Public License v2.6	rdfs:label	spdx
Open LDAP Public License v2.7	spdx:OLDAP-2.7	Open LDAP Public License v2.7	rdfs:label	spdx
Open LDAP Public License v2.8	spdx:OLDAP-2.8	Open LDAP Public License v2.8	rdfs:label	spdx
Open Logistics Foundation License Version 1.3	spdx:OLFL-1.3	Open Logistics Foundation License Version 1.3	rdfs:label	spdx
Open Market License	spdx:OML	Open Market License	rdfs:label	spdx
Open Public License v1.0	spdx:OPL-1.0	Open Public License v1.0	rdfs:label	spdx
United    Kingdom Open Parliament Licence v3.0	spdx:OPL-UK-3.0	United    Kingdom Open Parliament Licence v3.0	rdfs:label	spdx
Open Publication License v1.0	spdx:OPUBL-1.0	Open Publication License v1.0	rdfs:label	spdx
OSET Public License version 2.1	spdx:OSET-PL-2.1	OSET Public License version 2.1	rdfs:label	spdx
Open Software License 1.0	spdx:OSL-1.0	Open Software License 1.0	rdfs:label	spdx
Open Software License 1.1	spdx:OSL-1.1	Open Software License 1.1	rdfs:label	spdx
Open Software License 2.0	spdx:OSL-2.0	Open Software License 2.0	rdfs:label	spdx
Open Software License 2.1	spdx:OSL-2.1	Open Software License 2.1	rdfs:label	spdx
Open Software License 3.0	spdx:OSL-3.0	Open Software License 3.0	rdfs:label	spdx
OpenPBS v2.3 Software License	spdx:OpenPBS-2.3	OpenPBS v2.3 Software License	rdfs:label	spdx
OpenSSL License	spdx:OpenSSL	OpenSSL License	rdfs:label	spdx
OpenSSL License - standalone	spdx:OpenSSL-standalone	OpenSSL License - standalone	rdfs:label	spdx
OpenVision License	spdx:OpenVision	OpenVision License	rdfs:label	spdx
PADL License	spdx:PADL	PADL License	rdfs:label	spdx
Open Data Commons Public Domain Dedication & License 1.0	spdx:PDDL-1.0	Open Data Commons Public Domain Dedication & License 1.0	rdfs:label	spdx
PHP License v3.0	spdx:PHP-3.0	PHP License v3.0	rdfs:label	spdx
PHP License v3.01	spdx:PHP-3.01	PHP License v3.01	rdfs:label	spdx
Peer Production License	spdx:PPL	Peer Production License	rdfs:label	spdx
Python Software Foundation License 2.0	spdx:PSF-2.0	Python Software Foundation License 2.0	rdfs:label	spdx
The Parity Public License 6.0.0	spdx:Parity-6.0.0	The Parity Public License 6.0.0	rdfs:label	spdx
The Parity Public License 7.0.0	spdx:Parity-7.0.0	The Parity Public License 7.0.0	rdfs:label	spdx
Pixar License	spdx:Pixar	Pixar License	rdfs:label	spdx
Plexus Classworlds License	spdx:Plexus	Plexus Classworlds License	rdfs:label	spdx
PolyForm Noncommercial License 1.0.0	spdx:PolyForm-Noncommercial-1.0.0	PolyForm Noncommercial License 1.0.0	rdfs:label	spdx
PolyForm Small Business License 1.0.0	spdx:PolyForm-Small-Business-1.0.0	PolyForm Small Business License 1.0.0	rdfs:label	spdx
PostgreSQL License	spdx:PostgreSQL	PostgreSQL License	rdfs:label	spdx
Python License 2.0	spdx:Python-2.0	Python License 2.0	rdfs:label	spdx
Python License 2.0.1	spdx:Python-2.0.1	Python License 2.0.1	rdfs:label	spdx
Q Public License 1.0	spdx:QPL-1.0	Q Public License 1.0	rdfs:label	spdx
Q Public License 1.0 - INRIA 2004 variant	spdx:QPL-1.0-INRIA-2004	Q Public License 1.0 - INRIA 2004 variant	rdfs:label	spdx
Qhull License	spdx:Qhull	Qhull License	rdfs:label	spdx
Red Hat eCos Public License v1.1	spdx:RHeCos-1.1	Red Hat eCos Public License v1.1	rdfs:label	spdx
Reciprocal Public License 1.1	spdx:RPL-1.1	Reciprocal Public License 1.1	rdfs:label	spdx
Reciprocal Public License 1.5	spdx:RPL-1.5	Reciprocal Public License 1.5	rdfs:label	spdx
RealNetworks Public Source License v1.0	spdx:RPSL-1.0	RealNetworks Public Source License v1.0	rdfs:label	spdx
RSA Message-Digest License	spdx:RSA-MD	RSA Message-Digest License	rdfs:label	spdx
Ricoh Source Code Public License	spdx:RSCPL	Ricoh Source Code Public License	rdfs:label	spdx
Rdisc License	spdx:Rdisc	Rdisc License	rdfs:label	spdx
Ruby License	spdx:Ruby	Ruby License	rdfs:label	spdx
Ruby pty extension license	spdx:Ruby-pty	Ruby pty extension license	rdfs:label	spdx
Sax Public Domain Notice	spdx:SAX-PD	Sax Public Domain Notice	rdfs:label	spdx
Sax Public Domain Notice 2.0	spdx:SAX-PD-2.0	Sax Public Domain Notice 2.0	rdfs:label	spdx
SCEA Shared Source License	spdx:SCEA	SCEA Shared Source License	rdfs:label	spdx
SGI Free Software License B v1.0	spdx:SGI-B-1.0	SGI Free Software License B v1.0	rdfs:label	spdx
SGI Free Software License B v1.1	spdx:SGI-B-1.1	SGI Free Software License B v1.1	rdfs:label	spdx
SGI Free Software License B v2.0	spdx:SGI-B-2.0	SGI Free Software License B v2.0	rdfs:label	spdx
SGI OpenGL License	spdx:SGI-OpenGL	SGI OpenGL License	rdfs:label	spdx
SGP4 Permission Notice	spdx:SGP4	SGP4 Permission Notice	rdfs:label	spdx
Solderpad Hardware License v0.5	spdx:SHL-0.5	Solderpad Hardware License v0.5	rdfs:label	spdx
Solderpad Hardware License, Version 0.51	spdx:SHL-0.51	Solderpad Hardware License, Version 0.51	rdfs:label	spdx
Sun Industry Standards Source License v1.1	spdx:SISSL	Sun Industry Standards Source License v1.1	rdfs:label	spdx
Sun Industry Standards Source License v1.2	spdx:SISSL-1.2	Sun Industry Standards Source License v1.2	rdfs:label	spdx
SL License	spdx:SL	SL License	rdfs:label	spdx
SMAIL General Public License	spdx:SMAIL-GPL	SMAIL General Public License	rdfs:label	spdx
Standard ML of New Jersey License	spdx:SMLNJ	Standard ML of New Jersey License	rdfs:label	spdx
Secure Messaging Protocol Public License	spdx:SMPPL	Secure Messaging Protocol Public License	rdfs:label	spdx
SNIA Public License 1.1	spdx:SNIA	SNIA Public License 1.1	rdfs:label	spdx
SOFA Software License	spdx:SOFA	SOFA Software License	rdfs:label	spdx
Sun Public License v1.0	spdx:SPL-1.0	Sun Public License v1.0	rdfs:label	spdx
SSH OpenSSH license	spdx:SSH-OpenSSH	SSH OpenSSH license	rdfs:label	spdx
SSH short notice	spdx:SSH-short	SSH short notice	rdfs:label	spdx
SSLeay License - standalone	spdx:SSLeay-standalone	SSLeay License - standalone	rdfs:label	spdx
Server Side Public License, v 1	spdx:SSPL-1.0	Server Side Public License, v 1	rdfs:label	spdx
Scheme Widget Library (SWL) Software License Agreement	spdx:SWL	Scheme Widget Library (SWL) Software License Agreement	rdfs:label	spdx
Saxpath License	spdx:Saxpath	Saxpath License	rdfs:label	spdx
Scheme Language Report License	spdx:SchemeReport	Scheme Language Report License	rdfs:label	spdx
Sendmail License	spdx:Sendmail	Sendmail License	rdfs:label	spdx
Sendmail License 8.23	spdx:Sendmail-8.23	Sendmail License 8.23	rdfs:label	spdx
Sendmail Open Source License v1.1	spdx:Sendmail-Open-Source-1.1	Sendmail Open Source License v1.1	rdfs:label	spdx
Simple Public License 2.0	spdx:SimPL-2.0	Simple Public License 2.0	rdfs:label	spdx
Sleepycat License	spdx:Sleepycat	Sleepycat License	rdfs:label	spdx
Soundex License	spdx:Soundex	Soundex License	rdfs:label	spdx
Spencer License 86	spdx:Spencer-86	Spencer License 86	rdfs:label	spdx
Spencer License 94	spdx:Spencer-94	Spencer License 94	rdfs:label	spdx
Spencer License 99	spdx:Spencer-99	Spencer License 99	rdfs:label	spdx
Standard ML of New Jersey License	spdx:StandardML-NJ	Standard ML of New Jersey License	rdfs:label	spdx
SugarCRM Public License v1.1.3	spdx:SugarCRM-1.1.3	SugarCRM Public License v1.1.3	rdfs:label	spdx
Sun PPP License	spdx:Sun-PPP	Sun PPP License	rdfs:label	spdx
Sun PPP License (2000)	spdx:Sun-PPP-2000	Sun PPP License (2000)	rdfs:label	spdx
SunPro License	spdx:SunPro	SunPro License	rdfs:label	spdx
Symlinks License	spdx:Symlinks	Symlinks License	rdfs:label	spdx
TAPR Open Hardware License v1.0	spdx:TAPR-OHL-1.0	TAPR Open Hardware License v1.0	rdfs:label	spdx
TCL/TK License	spdx:TCL	TCL/TK License	rdfs:label	spdx
TCP Wrappers License	spdx:TCP-wrappers	TCP Wrappers License	rdfs:label	spdx
Transitive Grace Period Public Licence 1.0	spdx:TGPPL-1.0	Transitive Grace Period Public Licence 1.0	rdfs:label	spdx
TMate Open Source License	spdx:TMate	TMate Open Source License	rdfs:label	spdx
TORQUE v2.5+ Software License v1.1	spdx:TORQUE-1.1	TORQUE v2.5+ Software License v1.1	rdfs:label	spdx
Trusster Open Source License	spdx:TOSL	Trusster Open Source License	rdfs:label	spdx
Time::ParseDate License	spdx:TPDL	Time::ParseDate License	rdfs:label	spdx
THOR Public License 1.0	spdx:TPL-1.0	THOR Public License 1.0	rdfs:label	spdx
Text-Tabs+Wrap License	spdx:TTWL	Text-Tabs+Wrap License	rdfs:label	spdx
TTYP0 License	spdx:TTYP0	TTYP0 License	rdfs:label	spdx
Technische Universitaet Berlin License 1.0	spdx:TU-Berlin-1.0	Technische Universitaet Berlin License 1.0	rdfs:label	spdx
Technische Universitaet Berlin License 2.0	spdx:TU-Berlin-2.0	Technische Universitaet Berlin License 2.0	rdfs:label	spdx
TermReadKey License	spdx:TermReadKey	TermReadKey License	rdfs:label	spdx
ThirdEye License	spdx:ThirdEye	ThirdEye License	rdfs:label	spdx
TrustedQSL License	spdx:TrustedQSL	TrustedQSL License	rdfs:label	spdx
UCAR License	spdx:UCAR	UCAR License	rdfs:label	spdx
Upstream Compatibility License v1.0	spdx:UCL-1.0	Upstream Compatibility License v1.0	rdfs:label	spdx
Michigan/Merit Networks License	spdx:UMich-Merit	Michigan/Merit Networks License	rdfs:label	spdx
Universal Permissive License v1.0	spdx:UPL-1.0	Universal Permissive License v1.0	rdfs:label	spdx
Utah Raster Toolkit Run Length Encoded License	spdx:URT-RLE	Utah Raster Toolkit Run Length Encoded License	rdfs:label	spdx
Ubuntu Font Licence v1.0	spdx:Ubuntu-font-1.0	Ubuntu Font Licence v1.0	rdfs:label	spdx
Unicode License v3	spdx:Unicode-3.0	Unicode License v3	rdfs:label	spdx
Unicode License Agreement - Data Files and Software (2015)	spdx:Unicode-DFS-2015	Unicode License Agreement - Data Files and Software (2015)	rdfs:label	spdx
Unicode License Agreement - Data Files and Software (2016)	spdx:Unicode-DFS-2016	Unicode License Agreement - Data Files and Software (2016)	rdfs:label	spdx
Unicode Terms of Use	spdx:Unicode-TOU	Unicode Terms of Use	rdfs:label	spdx
UnixCrypt License	spdx:UnixCrypt	UnixCrypt License	rdfs:label	spdx
The Unlicense	spdx:Unlicense	The Unlicense	rdfs:label	spdx
Unlicense - libtelnet variant	spdx:Unlicense-libtelnet	Unlicense - libtelnet variant	rdfs:label	spdx
Unlicense - libwhirlpool variant	spdx:Unlicense-libwhirlpool	Unlicense - libwhirlpool variant	rdfs:label	spdx
VOSTROM Public License for Open Source	spdx:VOSTROM	VOSTROM Public License for Open Source	rdfs:label	spdx
Vovida Software License v1.0	spdx:VSL-1.0	Vovida Software License v1.0	rdfs:label	spdx
Vim License	spdx:Vim	Vim License	rdfs:label	spdx
W3C Software Notice and License (2002-12-31)	spdx:W3C	W3C Software Notice and License (2002-12-31)	rdfs:label	spdx
W3C Software Notice and License (1998-07-20)	spdx:W3C-19980720	W3C Software Notice and License (1998-07-20)	rdfs:label	spdx
W3C Software Notice and Document License (2015-05-13)	spdx:W3C-20150513	W3C Software Notice and Document License (2015-05-13)	rdfs:label	spdx
Do What The F*ck You Want To Public License	spdx:WTFPL	Do What The F*ck You Want To Public License	rdfs:label	spdx
Sybase Open Watcom Public License 1.0	spdx:Watcom-1.0	Sybase Open Watcom Public License 1.0	rdfs:label	spdx
Widget Workshop License	spdx:Widget-Workshop	Widget Workshop License	rdfs:label	spdx
Wsuipa License	spdx:Wsuipa	Wsuipa License	rdfs:label	spdx
X11 License	spdx:X11	X11 License	rdfs:label	spdx
X11 License Distribution Modification Variant	spdx:X11-distribute-modifications-variant	X11 License Distribution Modification Variant	rdfs:label	spdx
X11 swapped final paragraphs	spdx:X11-swapped	X11 swapped final paragraphs	rdfs:label	spdx
XFree86 License 1.1	spdx:XFree86-1.1	XFree86 License 1.1	rdfs:label	spdx
XSkat License	spdx:XSkat	XSkat License	rdfs:label	spdx
Xdebug License v 1.03	spdx:Xdebug-1.03	Xdebug License v 1.03	rdfs:label	spdx
Xerox License	spdx:Xerox	Xerox License	rdfs:label	spdx
Xfig License	spdx:Xfig	Xfig License	rdfs:label	spdx
X.Net License	spdx:Xnet	X.Net License	rdfs:label	spdx
Yahoo! Public License v1.0	spdx:YPL-1.0	Yahoo! Public License v1.0	rdfs:label	spdx
Yahoo! Public License v1.1	spdx:YPL-1.1	Yahoo! Public License v1.1	rdfs:label	spdx
Zope Public License 1.1	spdx:ZPL-1.1	Zope Public License 1.1	rdfs:label	spdx
Zope Public License 2.0	spdx:ZPL-2.0	Zope Public License 2.0	rdfs:label	spdx
Zope Public License 2.1	spdx:ZPL-2.1	Zope Public License 2.1	rdfs:label	spdx
Zed License	spdx:Zed	Zed License	rdfs:label	spdx
Zeeff License	spdx:Zeeff	Zeeff License	rdfs:label	spdx
Zend License v2.0	spdx:Zend-2.0	Zend License v2.0	rdfs:label	spdx
Zimbra Public License v1.3	spdx:Zimbra-1.3	Zimbra Public License v1.3	rdfs:label	spdx
Zimbra Public License v1.4	spdx:Zimbra-1.4	Zimbra Public License v1.4	rdfs:label	spdx
zlib License	spdx:Zlib	zlib License	rdfs:label	spdx
Any OSI License	spdx:any-OSI	Any OSI License	rdfs:label	spdx
Any OSI License - Perl Modules	spdx:any-OSI-perl-modules	Any OSI License - Perl Modules	rdfs:label	spdx
bcrypt Solar Designer License	spdx:bcrypt-Solar-Designer	bcrypt Solar Designer License	rdfs:label	spdx
SQLite Blessing	spdx:blessing	SQLite Blessing	rdfs:label	spdx
bzip2 and libbzip2 License v1.0.5	spdx:bzip2-1.0.5	bzip2 and libbzip2 License v1.0.5	rdfs:label	spdx
bzip2 and libbzip2 License v1.0.6	spdx:bzip2-1.0.6	bzip2 and libbzip2 License v1.0.6	rdfs:label	spdx
check-cvs License	spdx:check-cvs	check-cvs License	rdfs:label	spdx
Checkmk License	spdx:checkmk	Checkmk License	rdfs:label	spdx
copyleft-next 0.3.0	spdx:copyleft-next-0.3.0	copyleft-next 0.3.0	rdfs:label	spdx
copyleft-next 0.3.1	spdx:copyleft-next-0.3.1	copyleft-next 0.3.1	rdfs:label	spdx
curl License	spdx:curl	curl License	rdfs:label	spdx
Common Vulnerability Enumeration ToU License	spdx:cve-tou	Common Vulnerability Enumeration ToU License	rdfs:label	spdx
diffmark license	spdx:diffmark	diffmark license	rdfs:label	spdx
David M. Gay dtoa License	spdx:dtoa	David M. Gay dtoa License	rdfs:label	spdx
dvipdfm License	spdx:dvipdfm	dvipdfm License	rdfs:label	spdx
eCos license version 2.0	spdx:eCos-2.0	eCos license version 2.0	rdfs:label	spdx
eGenix.com Public License 1.1.0	spdx:eGenix	eGenix.com Public License 1.1.0	rdfs:label	spdx
Etalab Open License 2.0	spdx:etalab-2.0	Etalab Open License 2.0	rdfs:label	spdx
fwlw License	spdx:fwlw	fwlw License	rdfs:label	spdx
gSOAP Public License v1.3b	spdx:gSOAP-1.3b	gSOAP Public License v1.3b	rdfs:label	spdx
Generic XTS License	spdx:generic-xts	Generic XTS License	rdfs:label	spdx
gnuplot License	spdx:gnuplot	gnuplot License	rdfs:label	spdx
gtkbook License	spdx:gtkbook	gtkbook License	rdfs:label	spdx
hdparm License	spdx:hdparm	hdparm License	rdfs:label	spdx
iMatix Standard Function Library Agreement	spdx:iMatix	iMatix Standard Function Library Agreement	rdfs:label	spdx
Jove License	spdx:jove	Jove License	rdfs:label	spdx
PNG Reference Library License v1 (for libpng 0.5 through 1.6.35	spdx:libpng-1.6.35	PNG Reference Library License v1 (for libpng 0.5 through 1.6.35	rdfs:label	spdx
PNG Reference Library version 2	spdx:libpng-2.0	PNG Reference Library version 2	rdfs:label	spdx
libselinux public domain notice	spdx:libselinux-1.0	libselinux public domain notice	rdfs:label	spdx
libtiff License	spdx:libtiff	libtiff License	rdfs:label	spdx
libutil David Nugent License	spdx:libutil-David-Nugent	libutil David Nugent License	rdfs:label	spdx
lsof License	spdx:lsof	lsof License	rdfs:label	spdx
magaz License	spdx:magaz	magaz License	rdfs:label	spdx
mailprio License	spdx:mailprio	mailprio License	rdfs:label	spdx
man2html License	spdx:man2html	man2html License	rdfs:label	spdx
metamail License	spdx:metamail	metamail License	rdfs:label	spdx
mpi Permissive License	spdx:mpi-permissive	mpi Permissive License	rdfs:label	spdx
mpich2 License	spdx:mpich2	mpich2 License	rdfs:label	spdx
mplus Font License	spdx:mplus	mplus Font License	rdfs:label	spdx
ngrep License	spdx:ngrep	ngrep License	rdfs:label	spdx
pkgconf License	spdx:pkgconf	pkgconf License	rdfs:label	spdx
pnmstitch License	spdx:pnmstitch	pnmstitch License	rdfs:label	spdx
psfrag License	spdx:psfrag	psfrag License	rdfs:label	spdx
psutils License	spdx:psutils	psutils License	rdfs:label	spdx
Python ldap License	spdx:python-ldap	Python ldap License	rdfs:label	spdx
radvd License	spdx:radvd	radvd License	rdfs:label	spdx
snprintf License	spdx:snprintf	snprintf License	rdfs:label	spdx
softSurfer License	spdx:softSurfer	softSurfer License	rdfs:label	spdx
ssh-keyscan License	spdx:ssh-keyscan	ssh-keyscan License	rdfs:label	spdx
swrule License	spdx:swrule	swrule License	rdfs:label	spdx
threeparttable License	spdx:threeparttable	threeparttable License	rdfs:label	spdx
ulem License	spdx:ulem	ulem License	rdfs:label	spdx
w3m License	spdx:w3m	w3m License	rdfs:label	spdx
WWL License	spdx:wwl	WWL License	rdfs:label	spdx
wxWindows Library License	spdx:wxWindows	wxWindows Library License	rdfs:label	spdx
xinetd License	spdx:xinetd	xinetd License	rdfs:label	spdx
xkeyboard-config Zinoviev License	spdx:xkeyboard-config-Zinoviev	xkeyboard-config Zinoviev License	rdfs:label	spdx
xlock License	spdx:xlock	xlock License	rdfs:label	spdx
XPP License	spdx:xpp	XPP License	rdfs:label	spdx
xzoom License	spdx:xzoom	xzoom License	rdfs:label	spdx
zlib/libpng License with Acknowledgement	spdx:zlib-acknowledgement	zlib/libpng License with Acknowledgement	rdfs:label	spdx
