text	curie	name	predicate	type	source
DTP	cvx:01	diphtheria, tetanus toxoids and pertussis vaccine	oboInOwl:hasExactSynonym	omo:0003012	cvx
diphtheria, tetanus toxoids and pertussis vaccine	cvx:01	diphtheria, tetanus toxoids and pertussis vaccine	rdfs:label		cvx
OPV, trivalent	cvx:02	trivalent poliovirus vaccine, live, oral	oboInOwl:hasRelatedSynonym		cvx
trivalent poliovirus vaccine, live, oral	cvx:02	trivalent poliovirus vaccine, live, oral	rdfs:label		cvx
MMR	cvx:03	measles, mumps and rubella virus vaccine	oboInOwl:hasExactSynonym	omo:0003012	cvx
measles, mumps and rubella virus vaccine	cvx:03	measles, mumps and rubella virus vaccine	rdfs:label		cvx
M/R	cvx:04	measles and rubella virus vaccine	oboInOwl:hasRelatedSynonym		cvx
measles and rubella virus vaccine	cvx:04	measles and rubella virus vaccine	rdfs:label		cvx
measles virus vaccine	cvx:05	measles virus vaccine	rdfs:label		cvx
rubella virus vaccine	cvx:06	rubella virus vaccine	rdfs:label		cvx
mumps virus vaccine	cvx:07	mumps virus vaccine	rdfs:label		cvx
Hep B, adolescent or pediatric	cvx:08	hepatitis B vaccine, pediatric or pediatric/adolescent dosage	oboInOwl:hasRelatedSynonym		cvx
hepatitis B vaccine, pediatric or pediatric/adolescent dosage	cvx:08	hepatitis B vaccine, pediatric or pediatric/adolescent dosage	rdfs:label		cvx
Td (adult), 2 Lf tetanus toxoid, preservative free, adsorbed	cvx:09	tetanus and diphtheria toxoids, adsorbed, preservative free, for adult use (2 Lf of tetanus toxoid and 2 Lf of diphtheria toxoid)	oboInOwl:hasRelatedSynonym		cvx
tetanus and diphtheria toxoids, adsorbed, preservative free, for adult use (2 Lf of tetanus toxoid and 2 Lf of diphtheria toxoid)	cvx:09	tetanus and diphtheria toxoids, adsorbed, preservative free, for adult use (2 Lf of tetanus toxoid and 2 Lf of diphtheria toxoid)	rdfs:label		cvx
IPV	cvx:10	poliovirus vaccine, inactivated	oboInOwl:hasExactSynonym	omo:0003012	cvx
poliovirus vaccine, inactivated	cvx:10	poliovirus vaccine, inactivated	rdfs:label		cvx
pneumococcal conjugate PCV 7	cvx:100	pneumococcal conjugate vaccine, 7 valent	oboInOwl:hasRelatedSynonym		cvx
pneumococcal conjugate vaccine, 7 valent	cvx:100	pneumococcal conjugate vaccine, 7 valent	rdfs:label		cvx
typhoid, ViCPs	cvx:101	typhoid Vi capsular polysaccharide vaccine	oboInOwl:hasRelatedSynonym		cvx
typhoid Vi capsular polysaccharide vaccine	cvx:101	typhoid Vi capsular polysaccharide vaccine	rdfs:label		cvx
DTP-Hib-Hep B	cvx:102	DTP- Haemophilus influenzae type b conjugate and hepatitis b vaccine	oboInOwl:hasRelatedSynonym		cvx
DTP- Haemophilus influenzae type b conjugate and hepatitis b vaccine	cvx:102	DTP- Haemophilus influenzae type b conjugate and hepatitis b vaccine	rdfs:label		cvx
meningococcal C conjugate vaccine	cvx:103	meningococcal C conjugate vaccine	rdfs:label		cvx
Hep A-Hep B	cvx:104	hepatitis A and hepatitis B vaccine	oboInOwl:hasRelatedSynonym		cvx
hepatitis A and hepatitis B vaccine	cvx:104	hepatitis A and hepatitis B vaccine	rdfs:label		cvx
vaccinia (smallpox) diluted	cvx:105	vaccinia (smallpox) vaccine, diluted	oboInOwl:hasRelatedSynonym		cvx
vaccinia (smallpox) vaccine, diluted	cvx:105	vaccinia (smallpox) vaccine, diluted	rdfs:label		cvx
DTaP, 5 pertussis antigens	cvx:106	diphtheria, tetanus toxoids and acellular pertussis vaccine, 5 pertussis antigens	oboInOwl:hasRelatedSynonym		cvx
diphtheria, tetanus toxoids and acellular pertussis vaccine, 5 pertussis antigens	cvx:106	diphtheria, tetanus toxoids and acellular pertussis vaccine, 5 pertussis antigens	rdfs:label		cvx
DTaP, unspecified formulation	cvx:107	diphtheria, tetanus toxoids and acellular pertussis vaccine, unspecified formulation	oboInOwl:hasRelatedSynonym		cvx
diphtheria, tetanus toxoids and acellular pertussis vaccine, unspecified formulation	cvx:107	diphtheria, tetanus toxoids and acellular pertussis vaccine, unspecified formulation	rdfs:label		cvx
meningococcal ACWY, unspecified formulation	cvx:108	meningococcal ACWY vaccine, unspecified formulation	oboInOwl:hasRelatedSynonym		cvx
meningococcal ACWY vaccine, unspecified formulation	cvx:108	meningococcal ACWY vaccine, unspecified formulation	rdfs:label		cvx
pneumococcal, unspecified formulation	cvx:109	pneumococcal vaccine, unspecified formulation	oboInOwl:hasRelatedSynonym		cvx
pneumococcal vaccine, unspecified formulation	cvx:109	pneumococcal vaccine, unspecified formulation	rdfs:label		cvx
pertussis vaccine	cvx:11	pertussis vaccine	rdfs:label		cvx
DTaP-Hep B-IPV	cvx:110	DTaP-hepatitis B and poliovirus vaccine	oboInOwl:hasRelatedSynonym		cvx
DTaP-hepatitis B and poliovirus vaccine	cvx:110	DTaP-hepatitis B and poliovirus vaccine	rdfs:label		cvx
Influenza, live, trivalent, intranasal, PF	cvx:111	Influenza, live, trivalent, intranasal, preservative free	oboInOwl:hasRelatedSynonym		cvx
Influenza, live, trivalent, intranasal, preservative free	cvx:111	Influenza, live, trivalent, intranasal, preservative free	rdfs:label		cvx
tetanus toxoid, unspecified formulation	cvx:112	tetanus toxoid, unspecified formulation	rdfs:label		cvx
Td (adult), 5 Lf tetanus toxoid, preservative free, adsorbed	cvx:113	tetanus and diphtheria toxoids, adsorbed, preservative free, for adult use (5 Lf of tetanus toxoid and 2 Lf of diphtheria toxoid)	oboInOwl:hasRelatedSynonym		cvx
tetanus and diphtheria toxoids, adsorbed, preservative free, for adult use (5 Lf of tetanus toxoid and 2 Lf of diphtheria toxoid)	cvx:113	tetanus and diphtheria toxoids, adsorbed, preservative free, for adult use (5 Lf of tetanus toxoid and 2 Lf of diphtheria toxoid)	rdfs:label		cvx
meningococcal MCV4P	cvx:114	meningococcal polysaccharide (groups A, C, Y and W-135) diphtheria toxoid conjugate vaccine (MCV4P)	oboInOwl:hasRelatedSynonym		cvx
meningococcal polysaccharide (groups A, C, Y and W-135) diphtheria toxoid conjugate vaccine (MCV4P)	cvx:114	meningococcal polysaccharide (groups A, C, Y and W-135) diphtheria toxoid conjugate vaccine (MCV4P)	rdfs:label		cvx
Tdap	cvx:115	tetanus toxoid, reduced diphtheria toxoid, and acellular pertussis vaccine, adsorbed	oboInOwl:hasRelatedSynonym		cvx
tetanus toxoid, reduced diphtheria toxoid, and acellular pertussis vaccine, adsorbed	cvx:115	tetanus toxoid, reduced diphtheria toxoid, and acellular pertussis vaccine, adsorbed	rdfs:label		cvx
rotavirus, pentavalent	cvx:116	rotavirus, live, pentavalent vaccine	oboInOwl:hasRelatedSynonym		cvx
rotavirus, live, pentavalent vaccine	cvx:116	rotavirus, live, pentavalent vaccine	rdfs:label		cvx
VZIG (IND)	cvx:117	varicella zoster immune globulin (Investigational New Drug)	oboInOwl:hasRelatedSynonym		cvx
varicella zoster immune globulin (Investigational New Drug)	cvx:117	varicella zoster immune globulin (Investigational New Drug)	rdfs:label		cvx
HPV, bivalent	cvx:118	human papilloma virus vaccine, bivalent	oboInOwl:hasRelatedSynonym		cvx
human papilloma virus vaccine, bivalent	cvx:118	human papilloma virus vaccine, bivalent	rdfs:label		cvx
rotavirus, monovalent	cvx:119	rotavirus, live, monovalent vaccine	oboInOwl:hasRelatedSynonym		cvx
rotavirus, live, monovalent vaccine	cvx:119	rotavirus, live, monovalent vaccine	rdfs:label		cvx
diphtheria antitoxin	cvx:12	diphtheria antitoxin	rdfs:label		cvx
DTaP-Hib-IPV	cvx:120	diphtheria, tetanus toxoids and acellular pertussis vaccine, Haemophilus influenzae type b conjugate, and poliovirus vaccine, inactivated (DTaP-Hib-IPV)	oboInOwl:hasRelatedSynonym		cvx
diphtheria, tetanus toxoids and acellular pertussis vaccine, Haemophilus influenzae type b conjugate, and poliovirus vaccine, inactivated (DTaP-Hib-IPV)	cvx:120	diphtheria, tetanus toxoids and acellular pertussis vaccine, Haemophilus influenzae type b conjugate, and poliovirus vaccine, inactivated (DTaP-Hib-IPV)	rdfs:label		cvx
zoster live	cvx:121	zoster vaccine, live	oboInOwl:hasRelatedSynonym		cvx
zoster vaccine, live	cvx:121	zoster vaccine, live	rdfs:label		cvx
rotavirus, unspecified formulation	cvx:122	rotavirus vaccine, unspecified formulation	oboInOwl:hasRelatedSynonym		cvx
rotavirus vaccine, unspecified formulation	cvx:122	rotavirus vaccine, unspecified formulation	rdfs:label		cvx
influenza, H5N1-1203	cvx:123	influenza virus vaccine, H5N1, A/Vietnam/1203/2004 (national stockpile)	oboInOwl:hasRelatedSynonym		cvx
influenza virus vaccine, H5N1, A/Vietnam/1203/2004 (national stockpile)	cvx:123	influenza virus vaccine, H5N1, A/Vietnam/1203/2004 (national stockpile)	rdfs:label		cvx
Novel Influenza-H1N1-09, nasal	cvx:125	Novel Influenza-H1N1-09, live virus for nasal administration	oboInOwl:hasRelatedSynonym		cvx
Novel Influenza-H1N1-09, live virus for nasal administration	cvx:125	Novel Influenza-H1N1-09, live virus for nasal administration	rdfs:label		cvx
Novel influenza-H1N1-09, preservative-free	cvx:126	Novel influenza-H1N1-09, preservative-free, injectable	oboInOwl:hasRelatedSynonym		cvx
Novel influenza-H1N1-09, preservative-free, injectable	cvx:126	Novel influenza-H1N1-09, preservative-free, injectable	rdfs:label		cvx
Novel influenza-H1N1-09	cvx:127	Novel influenza-H1N1-09, injectable	oboInOwl:hasRelatedSynonym		cvx
Novel influenza-H1N1-09, injectable	cvx:127	Novel influenza-H1N1-09, injectable	rdfs:label		cvx
Novel influenza-H1N1-09, all formulations	cvx:128	Novel influenza-H1N1-09, all formulations	rdfs:label		cvx
Japanese Encephalitis, unspecified formulation	cvx:129	Japanese Encephalitis vaccine, unspecified formulation	oboInOwl:hasRelatedSynonym		cvx
Japanese Encephalitis vaccine, unspecified formulation	cvx:129	Japanese Encephalitis vaccine, unspecified formulation	rdfs:label		cvx
TIG	cvx:13	tetanus immune globulin	oboInOwl:hasExactSynonym	omo:0003012	cvx
tetanus immune globulin	cvx:13	tetanus immune globulin	rdfs:label		cvx
DTaP-IPV	cvx:130	Diphtheria, tetanus toxoids and acellular pertussis vaccine, and poliovirus vaccine, inactivated	oboInOwl:hasRelatedSynonym		cvx
Diphtheria, tetanus toxoids and acellular pertussis vaccine, and poliovirus vaccine, inactivated	cvx:130	Diphtheria, tetanus toxoids and acellular pertussis vaccine, and poliovirus vaccine, inactivated	rdfs:label		cvx
typhus, historical	cvx:131	Historical record of a typhus vaccination	oboInOwl:hasRelatedSynonym		cvx
Historical record of a typhus vaccination	cvx:131	Historical record of a typhus vaccination	rdfs:label		cvx
DTaP-IPV-HIB-HEP B, historical	cvx:132	Historical diphtheria and tetanus toxoids and acellular pertussis, poliovirus, Haemophilus b conjugate and hepatitis B (recombinant) vaccine.	oboInOwl:hasRelatedSynonym		cvx
Historical diphtheria and tetanus toxoids and acellular pertussis, poliovirus, Haemophilus b conjugate and hepatitis B (recombinant) vaccine.	cvx:132	Historical diphtheria and tetanus toxoids and acellular pertussis, poliovirus, Haemophilus b conjugate and hepatitis B (recombinant) vaccine.	rdfs:label		cvx
Pneumococcal conjugate PCV 13	cvx:133	pneumococcal conjugate vaccine, 13 valent	oboInOwl:hasRelatedSynonym		cvx
pneumococcal conjugate vaccine, 13 valent	cvx:133	pneumococcal conjugate vaccine, 13 valent	rdfs:label		cvx
Japanese Encephalitis IM	cvx:134	Japanese Encephalitis vaccine for intramuscular administration	oboInOwl:hasRelatedSynonym		cvx
Japanese Encephalitis vaccine for intramuscular administration	cvx:134	Japanese Encephalitis vaccine for intramuscular administration	rdfs:label		cvx
Influenza, high-dose, trivalent, PF	cvx:135	Influenza, high-dose, split virus, trivalent, injectable, preservative free	oboInOwl:hasRelatedSynonym		cvx
Influenza, high-dose, split virus, trivalent, injectable, preservative free	cvx:135	Influenza, high-dose, split virus, trivalent, injectable, preservative free	rdfs:label		cvx
Meningococcal MCV4O	cvx:136	meningococcal oligosaccharide (groups A, C, Y and W-135) diphtheria toxoid conjugate vaccine (MCV4O)	oboInOwl:hasRelatedSynonym		cvx
meningococcal oligosaccharide (groups A, C, Y and W-135) diphtheria toxoid conjugate vaccine (MCV4O)	cvx:136	meningococcal oligosaccharide (groups A, C, Y and W-135) diphtheria toxoid conjugate vaccine (MCV4O)	rdfs:label		cvx
HPV, unspecified formulation	cvx:137	HPV, unspecified formulation	rdfs:label		cvx
Td (adult)	cvx:138	tetanus and diphtheria toxoids, not adsorbed, for adult use	oboInOwl:hasRelatedSynonym		cvx
tetanus and diphtheria toxoids, not adsorbed, for adult use	cvx:138	tetanus and diphtheria toxoids, not adsorbed, for adult use	rdfs:label		cvx
Td(adult) unspecified formulation	cvx:139	Td(adult) unspecified formulation	rdfs:label		cvx
IG, unspecified formulation	cvx:14	immune globulin, unspecified formulation	oboInOwl:hasRelatedSynonym		cvx
immune globulin, unspecified formulation	cvx:14	immune globulin, unspecified formulation	rdfs:label		cvx
Influenza, split virus, trivalent, PF	cvx:140	Influenza, split virus, trivalent, injectable, preservative free	oboInOwl:hasRelatedSynonym		cvx
Influenza, split virus, trivalent, injectable, preservative free	cvx:140	Influenza, split virus, trivalent, injectable, preservative free	rdfs:label		cvx
Influenza, split virus, trivalent, preservative	cvx:141	Influenza, split virus, trivalent, injectable, contains preservative	oboInOwl:hasRelatedSynonym		cvx
Influenza, split virus, trivalent, injectable, contains preservative	cvx:141	Influenza, split virus, trivalent, injectable, contains preservative	rdfs:label		cvx
tetanus toxoid, not adsorbed	cvx:142	tetanus toxoid, not adsorbed	rdfs:label		cvx
Adenovirus types 4 and 7	cvx:143	Adenovirus, type 4 and type 7, live, oral	oboInOwl:hasRelatedSynonym		cvx
Adenovirus, type 4 and type 7, live, oral	cvx:143	Adenovirus, type 4 and type 7, live, oral	rdfs:label		cvx
influenza, seasonal, intradermal, preservative free	cvx:144	seasonal influenza, intradermal, preservative free	oboInOwl:hasRelatedSynonym		cvx
seasonal influenza, intradermal, preservative free	cvx:144	seasonal influenza, intradermal, preservative free	rdfs:label		cvx
RSV-MAb (new)	cvx:145	respiratory syncytial virus monoclonal antibody (motavizumab), intramuscular	oboInOwl:hasRelatedSynonym		cvx
respiratory syncytial virus monoclonal antibody (motavizumab), intramuscular	cvx:145	respiratory syncytial virus monoclonal antibody (motavizumab), intramuscular	rdfs:label		cvx
DTaP,IPV,Hib,HepB	cvx:146	Diphtheria and Tetanus Toxoids and Acellular Pertussis Adsorbed, Inactivated Poliovirus, Haemophilus b Conjugate (Meningococcal Protein Conjugate), and Hepatitis B (Recombinant) Vaccine.	oboInOwl:hasRelatedSynonym		cvx
Diphtheria and Tetanus Toxoids and Acellular Pertussis Adsorbed, Inactivated Poliovirus, Haemophilus b Conjugate (Meningococcal Protein Conjugate), and Hepatitis B (Recombinant) Vaccine.	cvx:146	Diphtheria and Tetanus Toxoids and Acellular Pertussis Adsorbed, Inactivated Poliovirus, Haemophilus b Conjugate (Meningococcal Protein Conjugate), and Hepatitis B (Recombinant) Vaccine.	rdfs:label		cvx
meningococcal MCV4, unspecified formulation	cvx:147	Meningococcal, MCV4, unspecified conjugate formulation(groups A, C, Y and W-135)	oboInOwl:hasRelatedSynonym		cvx
Meningococcal, MCV4, unspecified conjugate formulation(groups A, C, Y and W-135)	cvx:147	Meningococcal, MCV4, unspecified conjugate formulation(groups A, C, Y and W-135)	rdfs:label		cvx
Meningococcal C/Y-HIB PRP	cvx:148	Meningococcal Groups C and Y and Haemophilus b Tetanus Toxoid Conjugate Vaccine	oboInOwl:hasRelatedSynonym		cvx
Meningococcal Groups C and Y and Haemophilus b Tetanus Toxoid Conjugate Vaccine	cvx:148	Meningococcal Groups C and Y and Haemophilus b Tetanus Toxoid Conjugate Vaccine	rdfs:label		cvx
Influenza, live, quadrivalent, intranasal	cvx:149	Influenza, live, quadrivalent, intranasal	rdfs:label		cvx
influenza, split (incl. purified surface antigen)	cvx:15	influenza virus vaccine, split virus (incl. purified surface antigen)-retired CODE	oboInOwl:hasRelatedSynonym		cvx
influenza virus vaccine, split virus (incl. purified surface antigen)-retired CODE	cvx:15	influenza virus vaccine, split virus (incl. purified surface antigen)-retired CODE	rdfs:label		cvx
Influenza, split virus, quadrivalent, PF	cvx:150	Influenza, split virus, quadrivalent, injectable, preservative free	oboInOwl:hasRelatedSynonym		cvx
Influenza, split virus, quadrivalent, injectable, preservative free	cvx:150	Influenza, split virus, quadrivalent, injectable, preservative free	rdfs:label		cvx
influenza nasal, unspecified formulation	cvx:151	influenza nasal, unspecified formulation	rdfs:label		cvx
Pneumococcal Conjugate, unspecified formulation	cvx:152	Pneumococcal Conjugate, unspecified formulation	rdfs:label		cvx
Influenza, MDCK, trivalent, PF	cvx:153	Influenza, Madin Darby Canine Kidney, subunit, trivalent, injectable, preservative free	oboInOwl:hasRelatedSynonym		cvx
Influenza, Madin Darby Canine Kidney, subunit, trivalent, injectable, preservative free	cvx:153	Influenza, Madin Darby Canine Kidney, subunit, trivalent, injectable, preservative free	rdfs:label		cvx
Hep A, IG	cvx:154	Hepatitis A immune globulin	oboInOwl:hasRelatedSynonym		cvx
Hepatitis A immune globulin	cvx:154	Hepatitis A immune globulin	rdfs:label		cvx
Influenza, recombinant, trivalent, PF	cvx:155	Influenza, recombinant, trivalent, injectable, preservative free	oboInOwl:hasRelatedSynonym		cvx
Influenza, recombinant, trivalent, injectable, preservative free	cvx:155	Influenza, recombinant, trivalent, injectable, preservative free	rdfs:label		cvx
Rho(D)-IG	cvx:156	Rho(D) Immune globulin- IV or IM	oboInOwl:hasRelatedSynonym		cvx
Rho(D) Immune globulin- IV or IM	cvx:156	Rho(D) Immune globulin- IV or IM	rdfs:label		cvx
Rho(D) -IG IM	cvx:157	Rho(D) Immune globulin - IM	oboInOwl:hasRelatedSynonym		cvx
Rho(D) Immune globulin - IM	cvx:157	Rho(D) Immune globulin - IM	rdfs:label		cvx
Influenza, split virus, quadrivalent, preservative	cvx:158	Influenza, split virus, quadrivalent, injectable, contains preservative	oboInOwl:hasRelatedSynonym		cvx
Influenza, split virus, quadrivalent, injectable, contains preservative	cvx:158	Influenza, split virus, quadrivalent, injectable, contains preservative	rdfs:label		cvx
Rho(D) - Unspecified formulation	cvx:159	Rho(D) Unspecified formulation	oboInOwl:hasRelatedSynonym		cvx
Rho(D) Unspecified formulation	cvx:159	Rho(D) Unspecified formulation	rdfs:label		cvx
influenza, whole	cvx:16	influenza virus vaccine, whole virus	oboInOwl:hasRelatedSynonym		cvx
influenza virus vaccine, whole virus	cvx:16	influenza virus vaccine, whole virus	rdfs:label		cvx
Influenza A monovalent (H5N1), ADJUVANTED-2013	cvx:160	Influenza A monovalent (H5N1), adjuvanted, National stockpile 2013	oboInOwl:hasRelatedSynonym		cvx
Influenza A monovalent (H5N1), adjuvanted, National stockpile 2013	cvx:160	Influenza A monovalent (H5N1), adjuvanted, National stockpile 2013	rdfs:label		cvx
Influenza, injectable,quadrivalent, preservative free, pediatric	cvx:161	Influenza, injectable,quadrivalent, preservative free, pediatric	rdfs:label		cvx
meningococcal B, recombinant	cvx:162	meningococcal B vaccine, fully recombinant	oboInOwl:hasRelatedSynonym		cvx
meningococcal B vaccine, fully recombinant	cvx:162	meningococcal B vaccine, fully recombinant	rdfs:label		cvx
meningococcal B, OMV	cvx:163	meningococcal B vaccine, recombinant, OMV, adjuvanted	oboInOwl:hasRelatedSynonym		cvx
meningococcal B vaccine, recombinant, OMV, adjuvanted	cvx:163	meningococcal B vaccine, recombinant, OMV, adjuvanted	rdfs:label		cvx
meningococcal B, unspecified	cvx:164	meningococcal B, unspecified formulation	oboInOwl:hasRelatedSynonym		cvx
meningococcal B, unspecified formulation	cvx:164	meningococcal B, unspecified formulation	rdfs:label		cvx
HPV9	cvx:165	Human Papillomavirus 9-valent vaccine	oboInOwl:hasRelatedSynonym		cvx
Human Papillomavirus 9-valent vaccine	cvx:165	Human Papillomavirus 9-valent vaccine	rdfs:label		cvx
influenza, intradermal, quadrivalent, preservative free	cvx:166	influenza, intradermal, quadrivalent, preservative free, injectable	oboInOwl:hasRelatedSynonym		cvx
influenza, intradermal, quadrivalent, preservative free, injectable	cvx:166	influenza, intradermal, quadrivalent, preservative free, injectable	rdfs:label		cvx
meningococcal, unknown serogroups	cvx:167	meningococcal vaccine of unknown formulation and unknown serogroups	oboInOwl:hasRelatedSynonym		cvx
meningococcal vaccine of unknown formulation and unknown serogroups	cvx:167	meningococcal vaccine of unknown formulation and unknown serogroups	rdfs:label		cvx
Influenza, adjuvanted, trivalent, PF	cvx:168	Influenza, adjuvanted, inactivated, trivalent, injectable, preservative free	oboInOwl:hasRelatedSynonym		cvx
Influenza, adjuvanted, inactivated, trivalent, injectable, preservative free	cvx:168	Influenza, adjuvanted, inactivated, trivalent, injectable, preservative free	rdfs:label		cvx
Hep A, live attenuated	cvx:169	Hep A, live attenuated-IM	oboInOwl:hasRelatedSynonym		cvx
Hep A, live attenuated-IM	cvx:169	Hep A, live attenuated-IM	rdfs:label		cvx
Hib, unspecified formulation	cvx:17	Haemophilus influenzae type b vaccine, conjugate unspecified formulation	oboInOwl:hasRelatedSynonym		cvx
Haemophilus influenzae type b vaccine, conjugate unspecified formulation	cvx:17	Haemophilus influenzae type b vaccine, conjugate unspecified formulation	rdfs:label		cvx
DTAP/IPV/HIB - non-US	cvx:170	non-US diphtheria, tetanus toxoids and acellular pertussis vaccine, Haemophilus influenzae type b conjugate, and poliovirus vaccine, inactivated (DTaP-Hib-IPV)	oboInOwl:hasRelatedSynonym		cvx
non-US diphtheria, tetanus toxoids and acellular pertussis vaccine, Haemophilus influenzae type b conjugate, and poliovirus vaccine, inactivated (DTaP-Hib-IPV)	cvx:170	non-US diphtheria, tetanus toxoids and acellular pertussis vaccine, Haemophilus influenzae type b conjugate, and poliovirus vaccine, inactivated (DTaP-Hib-IPV)	rdfs:label		cvx
Influenza, MDCK, quadrivalent, PF	cvx:171	Influenza, Madin Darby Canine Kidney, subunit, quadrivalent, injectable, preservative free	oboInOwl:hasRelatedSynonym		cvx
Influenza, Madin Darby Canine Kidney, subunit, quadrivalent, injectable, preservative free	cvx:171	Influenza, Madin Darby Canine Kidney, subunit, quadrivalent, injectable, preservative free	rdfs:label		cvx
cholera, WC-rBS	cvx:172	cholera, WC-rBS	rdfs:label		cvx
cholera, BivWC	cvx:173	cholera, BivWC	rdfs:label		cvx
cholera, live attenuated	cvx:174	cholera, live attenuated	rdfs:label		cvx
Rabies - IM Diploid cell culture	cvx:175	Human Rabies vaccine from human diploid cell culture	oboInOwl:hasRelatedSynonym		cvx
Human Rabies vaccine from human diploid cell culture	cvx:175	Human Rabies vaccine from human diploid cell culture	rdfs:label		cvx
Rabies - IM fibroblast culture	cvx:176	Human rabies vaccine from Chicken fibroblast culture	oboInOwl:hasRelatedSynonym		cvx
Human rabies vaccine from Chicken fibroblast culture	cvx:176	Human rabies vaccine from Chicken fibroblast culture	rdfs:label		cvx
PCV10	cvx:177	pneumococcal conjugate vaccine, 10 valent	oboInOwl:hasRelatedSynonym		cvx
pneumococcal conjugate vaccine, 10 valent	cvx:177	pneumococcal conjugate vaccine, 10 valent	rdfs:label		cvx
OPV bivalent	cvx:178	Non-US bivalent oral polio vaccine (types 1 and 3)	oboInOwl:hasRelatedSynonym		cvx
Non-US bivalent oral polio vaccine (types 1 and 3)	cvx:178	Non-US bivalent oral polio vaccine (types 1 and 3)	rdfs:label		cvx
OPV ,monovalent, unspecified	cvx:179	Non-US monovalent oral polio vaccine, unspecified formulation	oboInOwl:hasRelatedSynonym		cvx
Non-US monovalent oral polio vaccine, unspecified formulation	cvx:179	Non-US monovalent oral polio vaccine, unspecified formulation	rdfs:label		cvx
rabies, intramuscular injection	cvx:18	rabies vaccine, for intramuscular injection RETIRED CODE	oboInOwl:hasRelatedSynonym		cvx
rabies vaccine, for intramuscular injection RETIRED CODE	cvx:18	rabies vaccine, for intramuscular injection RETIRED CODE	rdfs:label		cvx
tetanus immune globulin	cvx:180	tetanus immune globulin	rdfs:label		cvx
anthrax immune globulin	cvx:181	anthrax immune globulin	rdfs:label		cvx
OPV, Unspecified	cvx:182	Oral Polio Vaccine, Unspecified formulation	oboInOwl:hasRelatedSynonym		cvx
Oral Polio Vaccine, Unspecified formulation	cvx:182	Oral Polio Vaccine, Unspecified formulation	rdfs:label		cvx
Yellow fever vaccine live - alt	cvx:183	Yellow fever vaccine live - alternative formulation for vaccine shortage	oboInOwl:hasRelatedSynonym		cvx
Yellow fever vaccine live - alternative formulation for vaccine shortage	cvx:183	Yellow fever vaccine live - alternative formulation for vaccine shortage	rdfs:label		cvx
Yellow fever, unspecified	cvx:184	Yellow fever vaccine, unspecified formulation	oboInOwl:hasRelatedSynonym		cvx
Yellow fever vaccine, unspecified formulation	cvx:184	Yellow fever vaccine, unspecified formulation	rdfs:label		cvx
Influenza, recombinant, quadrivalent, PF	cvx:185	Influenza, recombinant, quadrivalent, injectable, preservative free	oboInOwl:hasRelatedSynonym		cvx
Influenza, recombinant, quadrivalent, injectable, preservative free	cvx:185	Influenza, recombinant, quadrivalent, injectable, preservative free	rdfs:label		cvx
Influenza, MDCK, quadrivalent, preservative	cvx:186	Influenza, Madin Darby Canine Kidney, subunit, quadrivalent, injectable, contains preservative	oboInOwl:hasRelatedSynonym		cvx
Influenza, Madin Darby Canine Kidney, subunit, quadrivalent, injectable, contains preservative	cvx:186	Influenza, Madin Darby Canine Kidney, subunit, quadrivalent, injectable, contains preservative	rdfs:label		cvx
zoster vaccine recombinant	cvx:187	zoster vaccine recombinant	rdfs:label		cvx
zoster, unspecified formulation	cvx:188	zoster vaccine, unspecified formulation	oboInOwl:hasRelatedSynonym		cvx
zoster vaccine, unspecified formulation	cvx:188	zoster vaccine, unspecified formulation	rdfs:label		cvx
HepB-CpG	cvx:189	Hepatitis B vaccine (recombinant), CpG adjuvanted	oboInOwl:hasRelatedSynonym		cvx
Hepatitis B vaccine (recombinant), CpG adjuvanted	cvx:189	Hepatitis B vaccine (recombinant), CpG adjuvanted	rdfs:label		cvx
BCG	cvx:19	Bacillus Calmette-Guerin vaccine	oboInOwl:hasExactSynonym	omo:0003012	cvx
Bacillus Calmette-Guerin vaccine	cvx:19	Bacillus Calmette-Guerin vaccine	rdfs:label		cvx
Typhoid conjugate vaccine (TCV)	cvx:190	Typhoid conjugate vaccine (non-US)	oboInOwl:hasRelatedSynonym		cvx
Typhoid conjugate vaccine (non-US)	cvx:190	Typhoid conjugate vaccine (non-US)	rdfs:label		cvx
meningococcal A polysaccharide vaccine (non-US)	cvx:191	meningococcal A polysaccharide vaccine (non-US)	rdfs:label		cvx
meningococcal AC polysaccharide vaccine (non-US)	cvx:192	meningococcal AC polysaccharide vaccine (non-US)	rdfs:label		cvx
Hep A-Hep B, pediatric/adolescent	cvx:193	hepatitis A and hepatitis B vaccine, pediatric/adolescent (non-US)	oboInOwl:hasRelatedSynonym		cvx
hepatitis A and hepatitis B vaccine, pediatric/adolescent (non-US)	cvx:193	hepatitis A and hepatitis B vaccine, pediatric/adolescent (non-US)	rdfs:label		cvx
Influenza, Southern Hemisphere	cvx:194	influenza, Southern Hemisphere, unspecified formulation	oboInOwl:hasRelatedSynonym		cvx
influenza, Southern Hemisphere, unspecified formulation	cvx:194	influenza, Southern Hemisphere, unspecified formulation	rdfs:label		cvx
DT, IPV adsorbed	cvx:195	Diphtheria, Tetanus, Poliomyelitis adsorbed	oboInOwl:hasRelatedSynonym		cvx
Diphtheria, Tetanus, Poliomyelitis adsorbed	cvx:195	Diphtheria, Tetanus, Poliomyelitis adsorbed	rdfs:label		cvx
Td, adsorbed, preservative free, adult use, Lf unspecified	cvx:196	tetanus and diphtheria toxoids, adsorbed, preservative free, for adult use, Lf unspecified	oboInOwl:hasRelatedSynonym		cvx
tetanus and diphtheria toxoids, adsorbed, preservative free, for adult use, Lf unspecified	cvx:196	tetanus and diphtheria toxoids, adsorbed, preservative free, for adult use, Lf unspecified	rdfs:label		cvx
Influenza, high-dose, quadrivalent, PF	cvx:197	Influenza, high-dose, split virus, quadrivalent, injectable, preservative free	oboInOwl:hasRelatedSynonym		cvx
Influenza, high-dose, split virus, quadrivalent, injectable, preservative free	cvx:197	Influenza, high-dose, split virus, quadrivalent, injectable, preservative free	rdfs:label		cvx
DTP-hepB-Hib Pentavalent Non-US	cvx:198	Diphtheria, pertussis, tetanus, hepatitis B, Haemophilus Influenza Type b, (Pentavalent)	oboInOwl:hasRelatedSynonym		cvx
Diphtheria, pertussis, tetanus, hepatitis B, Haemophilus Influenza Type b, (Pentavalent)	cvx:198	Diphtheria, pertussis, tetanus, hepatitis B, Haemophilus Influenza Type b, (Pentavalent)	rdfs:label		cvx
DTaP	cvx:20	diphtheria, tetanus toxoids and acellular pertussis vaccine	oboInOwl:hasRelatedSynonym		cvx
diphtheria, tetanus toxoids and acellular pertussis vaccine	cvx:20	diphtheria, tetanus toxoids and acellular pertussis vaccine	rdfs:label		cvx
influenza, Southern Hemisphere, pediatric, preservative free	cvx:200	influenza, seasonal, Southern Hemisphere, quadrivalent, pediatric 0.25mL dose, preservative free	oboInOwl:hasRelatedSynonym		cvx
influenza, seasonal, Southern Hemisphere, quadrivalent, pediatric 0.25mL dose, preservative free	cvx:200	influenza, seasonal, Southern Hemisphere, quadrivalent, pediatric 0.25mL dose, preservative free	rdfs:label		cvx
Influenza, Southern Hemisphere, quadrivalent, PF	cvx:201	Influenza, seasonal, Southern Hemisphere, quadrivalent, 0.5 mL dose, preservative free	oboInOwl:hasRelatedSynonym		cvx
Influenza, seasonal, Southern Hemisphere, quadrivalent, 0.5 mL dose, preservative free	cvx:201	Influenza, seasonal, Southern Hemisphere, quadrivalent, 0.5 mL dose, preservative free	rdfs:label		cvx
influenza, Southern Hemisphere, quadrivalent, with preservative	cvx:202	influenza, seasonal, Southern Hemisphere, quadrivalent, 0.5mL dose, with preservative	oboInOwl:hasRelatedSynonym		cvx
influenza, seasonal, Southern Hemisphere, quadrivalent, 0.5mL dose, with preservative	cvx:202	influenza, seasonal, Southern Hemisphere, quadrivalent, 0.5mL dose, with preservative	rdfs:label		cvx
meningococcal conjugate quadrivalent, MenACWY-TT (MCV4)	cvx:203	meningococcal polysaccharide (groups A, C, Y, W-135) tetanus toxoid conjugate vaccine 0.5mL dose, preservative free	oboInOwl:hasRelatedSynonym		cvx
meningococcal polysaccharide (groups A, C, Y, W-135) tetanus toxoid conjugate vaccine 0.5mL dose, preservative free	cvx:203	meningococcal polysaccharide (groups A, C, Y, W-135) tetanus toxoid conjugate vaccine 0.5mL dose, preservative free	rdfs:label		cvx
Ebola Zaire vaccine, live, recombinant, 1mL dose	cvx:204	Ebola Zaire vaccine, live, recombinant, 1mL dose	rdfs:label		cvx
Influenza, adjuvanted, quadrivalent, PF	cvx:205	Influenza, adjuvanted, inactivated, quadrivalent, injectable, preservative free	oboInOwl:hasRelatedSynonym		cvx
Influenza, adjuvanted, inactivated, quadrivalent, injectable, preservative free	cvx:205	Influenza, adjuvanted, inactivated, quadrivalent, injectable, preservative free	rdfs:label		cvx
Vaccinia, smallpox Mpox vaccine live, PF, SQ or ID injection	cvx:206	Vaccinia, smallpox monkeypox vaccine, live attenuated, preservative free, subcutaneous or intradermal injection	oboInOwl:hasRelatedSynonym		cvx
Vaccinia, smallpox monkeypox vaccine, live attenuated, preservative free, subcutaneous or intradermal injection	cvx:206	Vaccinia, smallpox monkeypox vaccine, live attenuated, preservative free, subcutaneous or intradermal injection	rdfs:label		cvx
COVID-19, mRNA, LNP-S, PF, 100 mcg/0.5mL dose or 50 mcg/0.25mL dose	cvx:207	SARS-COV-2 (COVID-19) vaccine, mRNA, spike protein, LNP, preservative free, 100 mcg/0.5mL dose or 50 mcg/0.25mL dose	oboInOwl:hasRelatedSynonym		cvx
SARS-COV-2 (COVID-19) vaccine, mRNA, spike protein, LNP, preservative free, 100 mcg/0.5mL dose or 50 mcg/0.25mL dose	cvx:207	SARS-COV-2 (COVID-19) vaccine, mRNA, spike protein, LNP, preservative free, 100 mcg/0.5mL dose or 50 mcg/0.25mL dose	rdfs:label		cvx
COVID-19, mRNA, LNP-S, PF, 30 mcg/0.3 mL dose	cvx:208	SARS-COV-2 (COVID-19) vaccine, mRNA, spike protein, LNP, preservative free, 30 mcg/0.3mL dose	oboInOwl:hasRelatedSynonym		cvx
SARS-COV-2 (COVID-19) vaccine, mRNA, spike protein, LNP, preservative free, 30 mcg/0.3mL dose	cvx:208	SARS-COV-2 (COVID-19) vaccine, mRNA, spike protein, LNP, preservative free, 30 mcg/0.3mL dose	rdfs:label		cvx
varicella virus vaccine	cvx:21	varicella virus vaccine	rdfs:label		cvx
COVID-19 vaccine, vector-nr, rS-ChAdOx1, PF, 0.5 mL	cvx:210	SARS-COV-2 (COVID-19) vaccine, vector non-replicating, recombinant spike protein-ChAdOx1, preservative free, 0.5 mL	oboInOwl:hasRelatedSynonym		cvx
SARS-COV-2 (COVID-19) vaccine, vector non-replicating, recombinant spike protein-ChAdOx1, preservative free, 0.5 mL	cvx:210	SARS-COV-2 (COVID-19) vaccine, vector non-replicating, recombinant spike protein-ChAdOx1, preservative free, 0.5 mL	rdfs:label		cvx
COVID-19, subunit, rS-nanoparticle+Matrix-M1 Adjuvant, PF, 0.5 mL	cvx:211	SARS-COV-2 (COVID-19) vaccine, subunit, recombinant spike protein-nanoparticle+Matrix-M1 Adjuvant, preservative free, 0.5mL dose	oboInOwl:hasRelatedSynonym		cvx
SARS-COV-2 (COVID-19) vaccine, subunit, recombinant spike protein-nanoparticle+Matrix-M1 Adjuvant, preservative free, 0.5mL dose	cvx:211	SARS-COV-2 (COVID-19) vaccine, subunit, recombinant spike protein-nanoparticle+Matrix-M1 Adjuvant, preservative free, 0.5mL dose	rdfs:label		cvx
COVID-19 vaccine, vector-nr, rS-Ad26, PF, 0.5 mL	cvx:212	SARS-COV-2 (COVID-19) vaccine, vector non-replicating, recombinant spike protein-Ad26, preservative free, 0.5 mL	oboInOwl:hasRelatedSynonym		cvx
SARS-COV-2 (COVID-19) vaccine, vector non-replicating, recombinant spike protein-Ad26, preservative free, 0.5 mL	cvx:212	SARS-COV-2 (COVID-19) vaccine, vector non-replicating, recombinant spike protein-Ad26, preservative free, 0.5 mL	rdfs:label		cvx
SARS-COV-2 (COVID-19) vaccine, UNSPECIFIED	cvx:213	SARS-COV-2 (COVID-19) vaccine, UNSPECIFIED	rdfs:label		cvx
Ebola, unspecified	cvx:214	Ebola, unspecified	rdfs:label		cvx
Pneumococcal conjugate PCV15, polysaccharide CRM197 conjugate, adjuvant, PF	cvx:215	Pneumococcal conjugate vaccine 15-valent (PCV15), polysaccharide CRM197 conjugate, adjuvant, preservative free	oboInOwl:hasRelatedSynonym		cvx
Pneumococcal conjugate vaccine 15-valent (PCV15), polysaccharide CRM197 conjugate, adjuvant, preservative free	cvx:215	Pneumococcal conjugate vaccine 15-valent (PCV15), polysaccharide CRM197 conjugate, adjuvant, preservative free	rdfs:label		cvx
Pneumococcal conjugate PCV20, polysaccharide CRM197 conjugate, adjuvant, PF	cvx:216	Pneumococcal conjugate vaccine 20-valent (PCV20), polysaccharide CRM197 conjugate, adjuvant, preservative free	oboInOwl:hasRelatedSynonym		cvx
Pneumococcal conjugate vaccine 20-valent (PCV20), polysaccharide CRM197 conjugate, adjuvant, preservative free	cvx:216	Pneumococcal conjugate vaccine 20-valent (PCV20), polysaccharide CRM197 conjugate, adjuvant, preservative free	rdfs:label		cvx
COVID-19, mRNA, LNP-S, PF, 30 mcg/0.3 mL dose, tris-sucrose	cvx:217	SARS-COV-2 (COVID-19) vaccine, mRNA, spike protein, LNP, preservative free, 30 mcg/0.3mL dose, tris-sucrose formulation	oboInOwl:hasRelatedSynonym		cvx
SARS-COV-2 (COVID-19) vaccine, mRNA, spike protein, LNP, preservative free, 30 mcg/0.3mL dose, tris-sucrose formulation	cvx:217	SARS-COV-2 (COVID-19) vaccine, mRNA, spike protein, LNP, preservative free, 30 mcg/0.3mL dose, tris-sucrose formulation	rdfs:label		cvx
COVID-19, mRNA, LNP-S, PF, 10 mcg/0.2 mL dose, tris-sucrose	cvx:218	SARS-COV-2 (COVID-19) vaccine, mRNA, spike protein, LNP, preservative free, 10 mcg/0.2mL dose, tris-sucrose formulation	oboInOwl:hasRelatedSynonym		cvx
SARS-COV-2 (COVID-19) vaccine, mRNA, spike protein, LNP, preservative free, 10 mcg/0.2mL dose, tris-sucrose formulation	cvx:218	SARS-COV-2 (COVID-19) vaccine, mRNA, spike protein, LNP, preservative free, 10 mcg/0.2mL dose, tris-sucrose formulation	rdfs:label		cvx
COVID-19, mRNA, LNP-S, PF, 3 mcg/0.2 mL dose, tris-sucrose	cvx:219	SARS-COV-2 (COVID-19) vaccine, mRNA, spike protein, LNP, preservative free, 3 mcg/0.2mL dose, tris-sucrose formulation	oboInOwl:hasRelatedSynonym		cvx
SARS-COV-2 (COVID-19) vaccine, mRNA, spike protein, LNP, preservative free, 3 mcg/0.2mL dose, tris-sucrose formulation	cvx:219	SARS-COV-2 (COVID-19) vaccine, mRNA, spike protein, LNP, preservative free, 3 mcg/0.2mL dose, tris-sucrose formulation	rdfs:label		cvx
DTP-Hib	cvx:22	DTP-Haemophilus influenzae type b conjugate vaccine	oboInOwl:hasRelatedSynonym		cvx
DTP-Haemophilus influenzae type b conjugate vaccine	cvx:22	DTP-Haemophilus influenzae type b conjugate vaccine	rdfs:label		cvx
HepB recombinant, 3-antigen, Al(OH)3	cvx:220	Hepatitis B vaccine (recombinant), 3-antigen, Al(OH)3 adjuvanted	oboInOwl:hasRelatedSynonym		cvx
Hepatitis B vaccine (recombinant), 3-antigen, Al(OH)3 adjuvanted	cvx:220	Hepatitis B vaccine (recombinant), 3-antigen, Al(OH)3 adjuvanted	rdfs:label		cvx
COVID-19, mRNA, LNP-S, PF, 50 mcg/0.5 mL dose	cvx:221	SARS-COV-2 (COVID-19) vaccine, mRNA, spike protein, LNP, preservative free, 50 mcg/0.5 mL dose	oboInOwl:hasRelatedSynonym		cvx
SARS-COV-2 (COVID-19) vaccine, mRNA, spike protein, LNP, preservative free, 50 mcg/0.5 mL dose	cvx:221	SARS-COV-2 (COVID-19) vaccine, mRNA, spike protein, LNP, preservative free, 50 mcg/0.5 mL dose	rdfs:label		cvx
Tick-borne encephalitis, unspecified	cvx:222	Tick-borne encephalitis vaccine, unspecified	oboInOwl:hasRelatedSynonym		cvx
Tick-borne encephalitis vaccine, unspecified	cvx:222	Tick-borne encephalitis vaccine, unspecified	rdfs:label		cvx
Tick-borne encephalitis, inactivated, PF, 0.25mL	cvx:223	Tick-borne encephalitis vaccine, inactivated, preservative free, 0.25mL dose	oboInOwl:hasRelatedSynonym		cvx
Tick-borne encephalitis vaccine, inactivated, preservative free, 0.25mL dose	cvx:223	Tick-borne encephalitis vaccine, inactivated, preservative free, 0.25mL dose	rdfs:label		cvx
Tick-borne encephalitis, inactivated, PF, 0.5mL	cvx:224	Tick-borne encephalitis vaccine, inactivated, preservative free, 0.5mL dose	oboInOwl:hasRelatedSynonym		cvx
Tick-borne encephalitis vaccine, inactivated, preservative free, 0.5mL dose	cvx:224	Tick-borne encephalitis vaccine, inactivated, preservative free, 0.5mL dose	rdfs:label		cvx
COVID-19, D614, recomb, preS dTM, AS03 adjuvant add, PF, 5mcg/0.5mL	cvx:225	SARS-COV-2 (COVID-19) vaccine, D614, prefusion spike recombinant protein subunit (CoV2 preS dTM), AS03 adjuvant added, preservative free, 5mcg/0.5mL dose	oboInOwl:hasRelatedSynonym		cvx
SARS-COV-2 (COVID-19) vaccine, D614, prefusion spike recombinant protein subunit (CoV2 preS dTM), AS03 adjuvant added, preservative free, 5mcg/0.5mL dose	cvx:225	SARS-COV-2 (COVID-19) vaccine, D614, prefusion spike recombinant protein subunit (CoV2 preS dTM), AS03 adjuvant added, preservative free, 5mcg/0.5mL dose	rdfs:label		cvx
COVID-19, D614, recomb, preS dTM, AS03 adjuvant add, PF, 10mcg/0.5mL	cvx:226	SARS-COV-2 (COVID-19) vaccine, D614, prefusion spike recombinant protein subunit (CoV2 preS dTM), AS03 adjuvant added, preservative free, 10mcg/0.5mL dose	oboInOwl:hasRelatedSynonym		cvx
SARS-COV-2 (COVID-19) vaccine, D614, prefusion spike recombinant protein subunit (CoV2 preS dTM), AS03 adjuvant added, preservative free, 10mcg/0.5mL dose	cvx:226	SARS-COV-2 (COVID-19) vaccine, D614, prefusion spike recombinant protein subunit (CoV2 preS dTM), AS03 adjuvant added, preservative free, 10mcg/0.5mL dose	rdfs:label		cvx
COVID-19, mRNA, LNP-S, PF, pediatric 50 mcg/0.5 mL dose	cvx:227	SARS-COV-2 (COVID-19) vaccine, mRNA, spike protein, LNP, preservative free, pediatric 50 mcg/0.5 mL dose	oboInOwl:hasRelatedSynonym		cvx
SARS-COV-2 (COVID-19) vaccine, mRNA, spike protein, LNP, preservative free, pediatric 50 mcg/0.5 mL dose	cvx:227	SARS-COV-2 (COVID-19) vaccine, mRNA, spike protein, LNP, preservative free, pediatric 50 mcg/0.5 mL dose	rdfs:label		cvx
COVID-19, mRNA, LNP-S, PF, pediatric 25 mcg/0.25 mL dose	cvx:228	SARS-COV-2 (COVID-19) vaccine, mRNA, spike protein, LNP, preservative free, pediatric 25 mcg/0.25 mL dose	oboInOwl:hasRelatedSynonym		cvx
SARS-COV-2 (COVID-19) vaccine, mRNA, spike protein, LNP, preservative free, pediatric 25 mcg/0.25 mL dose	cvx:228	SARS-COV-2 (COVID-19) vaccine, mRNA, spike protein, LNP, preservative free, pediatric 25 mcg/0.25 mL dose	rdfs:label		cvx
COVID-19, mRNA, LNP-S, bivalent, PF, 50 mcg/0.5 mL or 25mcg/0.25 mL dose	cvx:229	SARS-COV-2 (COVID-19) vaccine, mRNA, spike protein, LNP, bivalent, preservative free, 50 mcg/0.5 mL or 25 mcg/0.25 mL dose	oboInOwl:hasRelatedSynonym		cvx
SARS-COV-2 (COVID-19) vaccine, mRNA, spike protein, LNP, bivalent, preservative free, 50 mcg/0.5 mL or 25 mcg/0.25 mL dose	cvx:229	SARS-COV-2 (COVID-19) vaccine, mRNA, spike protein, LNP, bivalent, preservative free, 50 mcg/0.5 mL or 25 mcg/0.25 mL dose	rdfs:label		cvx
plague vaccine	cvx:23	plague vaccine	rdfs:label		cvx
COVID-19, mRNA, LNP-S, bivalent, PF, 10 mcg/0.2 mL	cvx:230	SARS-COV-2 (COVID-19) vaccine, mRNA, spike protein, LNP, bivalent, preservative free, 10 mcg/0.2 mL dose	oboInOwl:hasRelatedSynonym		cvx
SARS-COV-2 (COVID-19) vaccine, mRNA, spike protein, LNP, bivalent, preservative free, 10 mcg/0.2 mL dose	cvx:230	SARS-COV-2 (COVID-19) vaccine, mRNA, spike protein, LNP, bivalent, preservative free, 10 mcg/0.2 mL dose	rdfs:label		cvx
influenza, Southern Hemisphere, high-dose, quadrivalent	cvx:231	influenza, seasonal, Southern Hemisphere, high-dose, quadrivalent, 0.7mL dose, preservative free	oboInOwl:hasRelatedSynonym		cvx
influenza, seasonal, Southern Hemisphere, high-dose, quadrivalent, 0.7mL dose, preservative free	cvx:231	influenza, seasonal, Southern Hemisphere, high-dose, quadrivalent, 0.7mL dose, preservative free	rdfs:label		cvx
Anthrax, pre-exposure prophylaxis, post-exposure prophylaxis	cvx:24	Anthrax vaccine, adsorbed, pre-exposure and post-exposure prophylaxis	oboInOwl:hasRelatedSynonym		cvx
Anthrax vaccine, adsorbed, pre-exposure and post-exposure prophylaxis	cvx:24	Anthrax vaccine, adsorbed, pre-exposure and post-exposure prophylaxis	rdfs:label		cvx
typhoid, oral	cvx:25	typhoid vaccine, live, oral	oboInOwl:hasRelatedSynonym		cvx
typhoid vaccine, live, oral	cvx:25	typhoid vaccine, live, oral	rdfs:label		cvx
cholera, unspecified formulation	cvx:26	cholera vaccine, unspecified formulation	oboInOwl:hasRelatedSynonym		cvx
cholera vaccine, unspecified formulation	cvx:26	cholera vaccine, unspecified formulation	rdfs:label		cvx
botulinum antitoxin	cvx:27	botulinum antitoxin	rdfs:label		cvx
DT (pediatric)	cvx:28	diphtheria and tetanus toxoids, adsorbed for pediatric use	oboInOwl:hasRelatedSynonym		cvx
diphtheria and tetanus toxoids, adsorbed for pediatric use	cvx:28	diphtheria and tetanus toxoids, adsorbed for pediatric use	rdfs:label		cvx
CMVIG	cvx:29	cytomegalovirus immune globulin, intravenous	oboInOwl:hasExactSynonym	omo:0003012	cvx
cytomegalovirus immune globulin, intravenous	cvx:29	cytomegalovirus immune globulin, intravenous	rdfs:label		cvx
HBIG	cvx:30	hepatitis B immune globulin	oboInOwl:hasExactSynonym	omo:0003012	cvx
hepatitis B immune globulin	cvx:30	hepatitis B immune globulin	rdfs:label		cvx
COVID-19, mRNA, LNP-S, bivalent, PF, 30 mcg/0.3 mL dose	cvx:300	SARS-COV-2 (COVID-19) vaccine, mRNA, spike protein, LNP, bivalent, preservative free, 30 mcg/0.3 mL dose, tris-sucrose formulation	oboInOwl:hasRelatedSynonym		cvx
SARS-COV-2 (COVID-19) vaccine, mRNA, spike protein, LNP, bivalent, preservative free, 30 mcg/0.3 mL dose, tris-sucrose formulation	cvx:300	SARS-COV-2 (COVID-19) vaccine, mRNA, spike protein, LNP, bivalent, preservative free, 30 mcg/0.3 mL dose, tris-sucrose formulation	rdfs:label		cvx
COVID-19, mRNA, LNP-S, bivalent, PF, 10 mcg/0.2 mL dose	cvx:301	SARS-COV-2 (COVID-19) vaccine, mRNA, spike protein, LNP, bivalent, preservative free, 10 mcg/0.2 mL dose, tris-sucrose formulation	oboInOwl:hasRelatedSynonym		cvx
SARS-COV-2 (COVID-19) vaccine, mRNA, spike protein, LNP, bivalent, preservative free, 10 mcg/0.2 mL dose, tris-sucrose formulation	cvx:301	SARS-COV-2 (COVID-19) vaccine, mRNA, spike protein, LNP, bivalent, preservative free, 10 mcg/0.2 mL dose, tris-sucrose formulation	rdfs:label		cvx
COVID-19, mRNA, LNP-S, bivalent, PF, 3 mcg/0.2 mL dose	cvx:302	SARS-COV-2 (COVID-19) vaccine, mRNA, spike protein, LNP, bivalent, preservative free, 3 mcg/0.2 mL dose, tris-sucrose formulation	oboInOwl:hasRelatedSynonym		cvx
SARS-COV-2 (COVID-19) vaccine, mRNA, spike protein, LNP, bivalent, preservative free, 3 mcg/0.2 mL dose, tris-sucrose formulation	cvx:302	SARS-COV-2 (COVID-19) vaccine, mRNA, spike protein, LNP, bivalent, preservative free, 3 mcg/0.2 mL dose, tris-sucrose formulation	rdfs:label		cvx
RSV, recombinant, protein subunit RSVpreF, adjuvant reconstituted, 0.5 mL, PF	cvx:303	Respiratory syncytial virus (RSV), vaccine, recombinant, protein subunit RSV prefusion F, adjuvant reconstituted, 0.5 mL, preservative free	oboInOwl:hasRelatedSynonym		cvx
Respiratory syncytial virus (RSV), vaccine, recombinant, protein subunit RSV prefusion F, adjuvant reconstituted, 0.5 mL, preservative free	cvx:303	Respiratory syncytial virus (RSV), vaccine, recombinant, protein subunit RSV prefusion F, adjuvant reconstituted, 0.5 mL, preservative free	rdfs:label		cvx
Respiratory syncytial virus (RSV), unspecified	cvx:304	Respiratory syncytial virus (RSV), unspecified	rdfs:label		cvx
RSV, bivalent, protein subunit RSVpreF, diluent reconstituted, 0.5 mL, PF	cvx:305	Respiratory syncytial virus (RSV), vaccine, bivalent, protein subunit RSV prefusion F, diluent reconstituted, 0.5 mL, preservative free	oboInOwl:hasRelatedSynonym		cvx
Respiratory syncytial virus (RSV), vaccine, bivalent, protein subunit RSV prefusion F, diluent reconstituted, 0.5 mL, preservative free	cvx:305	Respiratory syncytial virus (RSV), vaccine, bivalent, protein subunit RSV prefusion F, diluent reconstituted, 0.5 mL, preservative free	rdfs:label		cvx
RSV, mAb, nirsevimab-alip, 0.5 mL, neonate to 24 months	cvx:306	Respiratory syncytial virus (RSV) monoclonal antibody, IgG1κ, (nirsevimab-alip), 0.5 mL, neonates and children to 24 months	oboInOwl:hasRelatedSynonym		cvx
Respiratory syncytial virus (RSV) monoclonal antibody, IgG1κ, (nirsevimab-alip), 0.5 mL, neonates and children to 24 months	cvx:306	Respiratory syncytial virus (RSV) monoclonal antibody, IgG1κ, (nirsevimab-alip), 0.5 mL, neonates and children to 24 months	rdfs:label		cvx
RSV, mAb, nirsevimab-alip, 1 mL, neonate to 24 months	cvx:307	Respiratory syncytial virus (RSV) monoclonal antibody, IgG1κ, (nirsevimab-alip), 1 mL, neonates and children to 24 months	oboInOwl:hasRelatedSynonym		cvx
Respiratory syncytial virus (RSV) monoclonal antibody, IgG1κ, (nirsevimab-alip), 1 mL, neonates and children to 24 months	cvx:307	Respiratory syncytial virus (RSV) monoclonal antibody, IgG1κ, (nirsevimab-alip), 1 mL, neonates and children to 24 months	rdfs:label		cvx
COVID-19, mRNA, LNP-S, PF, tris-sucrose, 3 mcg/0.3 mL	cvx:308	SARS-COV-2 (COVID-19) vaccine, mRNA, spike protein, LNP, preservative free, tris-sucrose, 3 mcg/0.3 mL dose	oboInOwl:hasRelatedSynonym		cvx
SARS-COV-2 (COVID-19) vaccine, mRNA, spike protein, LNP, preservative free, tris-sucrose, 3 mcg/0.3 mL dose	cvx:308	SARS-COV-2 (COVID-19) vaccine, mRNA, spike protein, LNP, preservative free, tris-sucrose, 3 mcg/0.3 mL dose	rdfs:label		cvx
COVID-19, mRNA, LNP-S, PF, tris-sucrose, 30 mcg/0.3 mL	cvx:309	SARS-COV-2 (COVID-19) vaccine, mRNA, spike protein, LNP, preservative free, tris-sucrose, 30 mcg/0.3 mL dose	oboInOwl:hasRelatedSynonym		cvx
SARS-COV-2 (COVID-19) vaccine, mRNA, spike protein, LNP, preservative free, tris-sucrose, 30 mcg/0.3 mL dose	cvx:309	SARS-COV-2 (COVID-19) vaccine, mRNA, spike protein, LNP, preservative free, tris-sucrose, 30 mcg/0.3 mL dose	rdfs:label		cvx
Hep A, pediatric, unspecified formulation	cvx:31	hepatitis A vaccine, pediatric dosage, unspecified formulation	oboInOwl:hasRelatedSynonym		cvx
hepatitis A vaccine, pediatric dosage, unspecified formulation	cvx:31	hepatitis A vaccine, pediatric dosage, unspecified formulation	rdfs:label		cvx
COVID-19, mRNA, LNP-S, PF, tris-sucrose, 10 mcg/0.3 mL	cvx:310	SARS-COV-2 (COVID-19) vaccine, mRNA, spike protein, LNP, preservative free, tris-sucrose, 10 mcg/0.3 mL dose	oboInOwl:hasRelatedSynonym		cvx
SARS-COV-2 (COVID-19) vaccine, mRNA, spike protein, LNP, preservative free, tris-sucrose, 10 mcg/0.3 mL dose	cvx:310	SARS-COV-2 (COVID-19) vaccine, mRNA, spike protein, LNP, preservative free, tris-sucrose, 10 mcg/0.3 mL dose	rdfs:label		cvx
COVID-19, mRNA, LNP-S, PF, 25 mcg/0.25 mL	cvx:311	SARS-COV-2 (COVID-19) vaccine, mRNA, spike protein, LNP, preservative free, 25 mcg/0.25 mL dose	oboInOwl:hasRelatedSynonym		cvx
SARS-COV-2 (COVID-19) vaccine, mRNA, spike protein, LNP, preservative free, 25 mcg/0.25 mL dose	cvx:311	SARS-COV-2 (COVID-19) vaccine, mRNA, spike protein, LNP, preservative free, 25 mcg/0.25 mL dose	rdfs:label		cvx
COVID-19, mRNA, LNP-S, PF, 50 mcg/0.5 mL	cvx:312	SARS-COV-2 (COVID-19) vaccine, mRNA, spike protein, LNP, preservative free, 50 mcg/0.5 mL dose	oboInOwl:hasRelatedSynonym		cvx
SARS-COV-2 (COVID-19) vaccine, mRNA, spike protein, LNP, preservative free, 50 mcg/0.5 mL dose	cvx:312	SARS-COV-2 (COVID-19) vaccine, mRNA, spike protein, LNP, preservative free, 50 mcg/0.5 mL dose	rdfs:label		cvx
COVID-19, subunit, rS-nanoparticle, adjuvanted, PF, 5 mcg/0.5 mL	cvx:313	SARS-COV-2 (COVID-19) vaccine, subunit, recombinant spike protein-nanoparticle+Matrix-M1 Adjuvant, preservative free, 5 mcg/0.5 mL dose	oboInOwl:hasRelatedSynonym		cvx
SARS-COV-2 (COVID-19) vaccine, subunit, recombinant spike protein-nanoparticle+Matrix-M1 Adjuvant, preservative free, 5 mcg/0.5 mL dose	cvx:313	SARS-COV-2 (COVID-19) vaccine, subunit, recombinant spike protein-nanoparticle+Matrix-M1 Adjuvant, preservative free, 5 mcg/0.5 mL dose	rdfs:label		cvx
Respiratory syncytial virus (RSV) vaccine, unspecified	cvx:314	Respiratory syncytial virus (RSV) vaccine, unspecified	rdfs:label		cvx
Respiratory syncytial virus (RSV) MAB, unspecified	cvx:315	Respiratory syncytial virus (RSV) monoclonal antibody (MAB), unspecified	oboInOwl:hasRelatedSynonym		cvx
Respiratory syncytial virus (RSV) monoclonal antibody (MAB), unspecified	cvx:315	Respiratory syncytial virus (RSV) monoclonal antibody (MAB), unspecified	rdfs:label		cvx
Meningococcal polysaccharide (MenACWY-TT conjugate), (MenB), PF	cvx:316	Meningococcal polysaccharide (groups A, C, Y, W) tetanus toxoid conjugate, meningococcal B recombinant vaccine, 0.5mL, preservative free	oboInOwl:hasRelatedSynonym		cvx
Meningococcal polysaccharide (groups A, C, Y, W) tetanus toxoid conjugate, meningococcal B recombinant vaccine, 0.5mL, preservative free	cvx:316	Meningococcal polysaccharide (groups A, C, Y, W) tetanus toxoid conjugate, meningococcal B recombinant vaccine, 0.5mL, preservative free	rdfs:label		cvx
Chikungunya live attenuated vaccine, 0.5 mL, PF	cvx:317	Chikungunya, live attenuated vaccine, 0.5 mL, preservative free	oboInOwl:hasRelatedSynonym		cvx
Chikungunya, live attenuated vaccine, 0.5 mL, preservative free	cvx:317	Chikungunya, live attenuated vaccine, 0.5 mL, preservative free	rdfs:label		cvx
Anthrax, post-exposure prophylaxis	cvx:318	Anthrax vaccine, adsorbed, adjuvanted, post-exposure prophylaxis	oboInOwl:hasRelatedSynonym		cvx
Anthrax vaccine, adsorbed, adjuvanted, post-exposure prophylaxis	cvx:318	Anthrax vaccine, adsorbed, adjuvanted, post-exposure prophylaxis	rdfs:label		cvx
Anthrax vaccine, unspecified	cvx:319	Anthrax vaccine, unspecified	rdfs:label		cvx
meningococcal MPSV4	cvx:32	meningococcal polysaccharide vaccine (MPSV4)	oboInOwl:hasRelatedSynonym		cvx
meningococcal polysaccharide vaccine (MPSV4)	cvx:32	meningococcal polysaccharide vaccine (MPSV4)	rdfs:label		cvx
Influenza, MDCK, trivalent, preservative	cvx:320	Influenza, Madin Darby Canine Kidney, subunit, trivalent, injectable, contains preservative	oboInOwl:hasRelatedSynonym		cvx
Influenza, Madin Darby Canine Kidney, subunit, trivalent, injectable, contains preservative	cvx:320	Influenza, Madin Darby Canine Kidney, subunit, trivalent, injectable, contains preservative	rdfs:label		cvx
Influenza-avian, H5N8, monovalent, PF	cvx:321	Influenza-avian, H5N8, viral-vector, monovalent, injectable, preservative free	oboInOwl:hasRelatedSynonym		cvx
Influenza-avian, H5N8, viral-vector, monovalent, injectable, preservative free	cvx:321	Influenza-avian, H5N8, viral-vector, monovalent, injectable, preservative free	rdfs:label		cvx
Influenza-avian, H5N8, monovalent, preservative	cvx:322	Influenza-avian, H5N8, viral-vector, monovalent, injectable, contains preservative	oboInOwl:hasRelatedSynonym		cvx
Influenza-avian, H5N8, viral-vector, monovalent, injectable, contains preservative	cvx:322	Influenza-avian, H5N8, viral-vector, monovalent, injectable, contains preservative	rdfs:label		cvx
Influenza-avian, H5, unspecified formulation	cvx:323	Influenza-avian, H5, unspecified formulation	rdfs:label		cvx
Poliovirus, inactivated, fractional-dose (fIPV)	cvx:324	Poliovirus, inactivated, fractional-dose (fIPV)	rdfs:label		cvx
Vaccinia (smallpox, mpox), unspecified	cvx:325	Vaccinia (smallpox, mpox), unspecified	rdfs:label		cvx
RSV, mRNA, injectable, PF	cvx:326	Respiratory syncytial virus (RSV), mRNA, injectable, preservative free	oboInOwl:hasRelatedSynonym		cvx
Respiratory syncytial virus (RSV), mRNA, injectable, preservative free	cvx:326	Respiratory syncytial virus (RSV), mRNA, injectable, preservative free	rdfs:label		cvx
Pneumococcal conjugate PCV21, polysaccharide CRM197 conjugate, PF	cvx:327	Pneumococcal conjugate vaccine, 21 valent (PCV21), polysaccharide CRM197 conjugate, preservative free	oboInOwl:hasRelatedSynonym		cvx
Pneumococcal conjugate vaccine, 21 valent (PCV21), polysaccharide CRM197 conjugate, preservative free	cvx:327	Pneumococcal conjugate vaccine, 21 valent (PCV21), polysaccharide CRM197 conjugate, preservative free	rdfs:label		cvx
Meningococcal oligosaccharide (MenACWY), (MenB), PF	cvx:328	Meningococcal oligosaccharide conjugated (groups A, C, W, Y) and group B, 0.5 mL, preservative free	oboInOwl:hasRelatedSynonym		cvx
Meningococcal oligosaccharide conjugated (groups A, C, W, Y) and group B, 0.5 mL, preservative free	cvx:328	Meningococcal oligosaccharide conjugated (groups A, C, W, Y) and group B, 0.5 mL, preservative free	rdfs:label		cvx
Chikungunya, VLP, recombinant, 0.8 mL, PF	cvx:329	Chikungunya, virus-like particle (VLP), recombinant vaccine, 0.8 mL, preservative free	oboInOwl:hasRelatedSynonym		cvx
Chikungunya, virus-like particle (VLP), recombinant vaccine, 0.8 mL, preservative free	cvx:329	Chikungunya, virus-like particle (VLP), recombinant vaccine, 0.8 mL, preservative free	rdfs:label		cvx
pneumococcal polysaccharide PPV23	cvx:33	pneumococcal polysaccharide vaccine, 23 valent	oboInOwl:hasRelatedSynonym		cvx
pneumococcal polysaccharide vaccine, 23 valent	cvx:33	pneumococcal polysaccharide vaccine, 23 valent	rdfs:label		cvx
Dengue fever, unspecified	cvx:330	Dengue fever, unspecified formulation	oboInOwl:hasRelatedSynonym		cvx
Dengue fever, unspecified formulation	cvx:330	Dengue fever, unspecified formulation	rdfs:label		cvx
Influenza, Southern Hemisphere, trivalent, PF	cvx:331	Influenza, seasonal, Southern Hemisphere, trivalent, 0.5 mL dose, preservative free	oboInOwl:hasRelatedSynonym		cvx
Influenza, seasonal, Southern Hemisphere, trivalent, 0.5 mL dose, preservative free	cvx:331	Influenza, seasonal, Southern Hemisphere, trivalent, 0.5 mL dose, preservative free	rdfs:label		cvx
RSV, mAb, clesrovimab-cfor, 0.7 mL, neonate and infant, PF	cvx:332	Respiratory syncytial virus (RSV), monoclonal antibody, IgG1κ, (clesrovimab-cfor), 0.7 mL, neonate and infant, preservative free	oboInOwl:hasRelatedSynonym		cvx
Respiratory syncytial virus (RSV), monoclonal antibody, IgG1κ, (clesrovimab-cfor), 0.7 mL, neonate and infant, preservative free	cvx:332	Respiratory syncytial virus (RSV), monoclonal antibody, IgG1κ, (clesrovimab-cfor), 0.7 mL, neonate and infant, preservative free	rdfs:label		cvx
Influenza, live, trivalent, intranasal, self/caregiver admin, PF	cvx:333	Influenza, live, trivalent, intranasal, self or caregiver administered, preservative free	oboInOwl:hasRelatedSynonym		cvx
Influenza, live, trivalent, intranasal, self or caregiver administered, preservative free	cvx:333	Influenza, live, trivalent, intranasal, self or caregiver administered, preservative free	rdfs:label		cvx
RIG	cvx:34	rabies immune globulin	oboInOwl:hasExactSynonym	omo:0003012	cvx
rabies immune globulin	cvx:34	rabies immune globulin	rdfs:label		cvx
tetanus toxoid, adsorbed	cvx:35	tetanus toxoid, adsorbed	rdfs:label		cvx
VZIG	cvx:36	varicella zoster immune globulin	oboInOwl:hasExactSynonym	omo:0003012	cvx
varicella zoster immune globulin	cvx:36	varicella zoster immune globulin	rdfs:label		cvx
yellow fever vaccine live	cvx:37	yellow fever vaccine live	rdfs:label		cvx
rubella/mumps	cvx:38	rubella and mumps virus vaccine	oboInOwl:hasRelatedSynonym		cvx
rubella and mumps virus vaccine	cvx:38	rubella and mumps virus vaccine	rdfs:label		cvx
Japanese Encephalitis Vaccine SC	cvx:39	Japanese Encephalitis Vaccine SC	rdfs:label		cvx
rabies, intradermal injection	cvx:40	rabies vaccine, for intradermal injection	oboInOwl:hasRelatedSynonym		cvx
rabies vaccine, for intradermal injection	cvx:40	rabies vaccine, for intradermal injection	rdfs:label		cvx
typhoid, parenteral	cvx:41	typhoid vaccine, parenteral, other than acetone-killed, dried	oboInOwl:hasRelatedSynonym		cvx
typhoid vaccine, parenteral, other than acetone-killed, dried	cvx:41	typhoid vaccine, parenteral, other than acetone-killed, dried	rdfs:label		cvx
Hep B, adolescent/high risk infant	cvx:42	hepatitis B vaccine, adolescent/high risk infant dosage	oboInOwl:hasRelatedSynonym		cvx
hepatitis B vaccine, adolescent/high risk infant dosage	cvx:42	hepatitis B vaccine, adolescent/high risk infant dosage	rdfs:label		cvx
Hep B, adult	cvx:43	hepatitis B vaccine, adult dosage	oboInOwl:hasRelatedSynonym		cvx
hepatitis B vaccine, adult dosage	cvx:43	hepatitis B vaccine, adult dosage	rdfs:label		cvx
Hep B, high-dosage, dialysis or IC	cvx:44	Hepatitis B vaccine (Hep B), high-dosage, dialysis or immunocompromised patient	oboInOwl:hasRelatedSynonym		cvx
Hepatitis B vaccine (Hep B), high-dosage, dialysis or immunocompromised patient	cvx:44	Hepatitis B vaccine (Hep B), high-dosage, dialysis or immunocompromised patient	rdfs:label		cvx
Hep B, unspecified formulation	cvx:45	hepatitis B vaccine, unspecified formulation	oboInOwl:hasRelatedSynonym		cvx
hepatitis B vaccine, unspecified formulation	cvx:45	hepatitis B vaccine, unspecified formulation	rdfs:label		cvx
Hib (PRP-D)	cvx:46	Haemophilus influenzae type b vaccine, PRP-D conjugate	oboInOwl:hasRelatedSynonym		cvx
Haemophilus influenzae type b vaccine, PRP-D conjugate	cvx:46	Haemophilus influenzae type b vaccine, PRP-D conjugate	rdfs:label		cvx
Hib (HbOC)	cvx:47	Haemophilus influenzae type b vaccine, HbOC conjugate	oboInOwl:hasRelatedSynonym		cvx
Haemophilus influenzae type b vaccine, HbOC conjugate	cvx:47	Haemophilus influenzae type b vaccine, HbOC conjugate	rdfs:label		cvx
Hib (PRP-T)	cvx:48	Haemophilus influenzae type b vaccine, PRP-T conjugate	oboInOwl:hasRelatedSynonym		cvx
Haemophilus influenzae type b vaccine, PRP-T conjugate	cvx:48	Haemophilus influenzae type b vaccine, PRP-T conjugate	rdfs:label		cvx
Hib (PRP-OMP)	cvx:49	Haemophilus influenzae type b vaccine, PRP-OMP conjugate	oboInOwl:hasRelatedSynonym		cvx
Haemophilus influenzae type b vaccine, PRP-OMP conjugate	cvx:49	Haemophilus influenzae type b vaccine, PRP-OMP conjugate	rdfs:label		cvx
DTaP-Hib	cvx:50	DTaP-Haemophilus influenzae type b conjugate vaccine	oboInOwl:hasRelatedSynonym		cvx
DTaP-Haemophilus influenzae type b conjugate vaccine	cvx:50	DTaP-Haemophilus influenzae type b conjugate vaccine	rdfs:label		cvx
COVID-19 Non-US Vaccine, Product Unknown	cvx:500	SARS-COV-2 COVID-19 Non-US Vaccine, Specific Product Unknown	oboInOwl:hasRelatedSynonym		cvx
SARS-COV-2 COVID-19 Non-US Vaccine, Specific Product Unknown	cvx:500	SARS-COV-2 COVID-19 Non-US Vaccine, Specific Product Unknown	rdfs:label		cvx
COVID-19 IV Non-US Vaccine (QAZCOVID-IN)	cvx:501	SARS-COV-2 COVID-19 Inactivated Virus Non-US Vaccine Product (QAZCOVID-IN)	oboInOwl:hasRelatedSynonym		cvx
SARS-COV-2 COVID-19 Inactivated Virus Non-US Vaccine Product (QAZCOVID-IN)	cvx:501	SARS-COV-2 COVID-19 Inactivated Virus Non-US Vaccine Product (QAZCOVID-IN)	rdfs:label		cvx
COVID-19 IV Non-US Vaccine (COVAXIN)	cvx:502	SARS-COV-2 COVID-19 Inactivated Virus Non-US Vaccine Product (COVAXIN)	oboInOwl:hasRelatedSynonym		cvx
SARS-COV-2 COVID-19 Inactivated Virus Non-US Vaccine Product (COVAXIN)	cvx:502	SARS-COV-2 COVID-19 Inactivated Virus Non-US Vaccine Product (COVAXIN)	rdfs:label		cvx
COVID-19 LAV Non-US Vaccine (COVIVAC)	cvx:503	SARS-COV-2 COVID-19 Live Attenuated Virus Non-US Vaccine Product (COVIVAC)	oboInOwl:hasRelatedSynonym		cvx
SARS-COV-2 COVID-19 Live Attenuated Virus Non-US Vaccine Product (COVIVAC)	cvx:503	SARS-COV-2 COVID-19 Live Attenuated Virus Non-US Vaccine Product (COVIVAC)	rdfs:label		cvx
COVID-19 VVnr Non-US Vaccine (Sputnik Light)	cvx:504	SARS-COV-2 COVID-19 Viral Vector Non-replicating Non-US Vaccine Product (Sputnik Light)	oboInOwl:hasRelatedSynonym		cvx
SARS-COV-2 COVID-19 Viral Vector Non-replicating Non-US Vaccine Product (Sputnik Light)	cvx:504	SARS-COV-2 COVID-19 Viral Vector Non-replicating Non-US Vaccine Product (Sputnik Light)	rdfs:label		cvx
COVID-19 VVnr Non-US Vaccine (Sputnik V)	cvx:505	SARS-COV-2 COVID-19 Viral Vector Non-replicating Non-US Vaccine Product (Sputnik V)	oboInOwl:hasRelatedSynonym		cvx
SARS-COV-2 COVID-19 Viral Vector Non-replicating Non-US Vaccine Product (Sputnik V)	cvx:505	SARS-COV-2 COVID-19 Viral Vector Non-replicating Non-US Vaccine Product (Sputnik V)	rdfs:label		cvx
COVID-19 VVnr Non-US Vaccine (CanSino Biological Inc./Beijing Institute of Biotechnology	cvx:506	SARS-COV-2 COVID-19 Viral Vector Non-replicating Non-US Vaccine Product (CONVIDECIA), CanSino Biological Inc./Beijing Institute of Biotechnology	oboInOwl:hasRelatedSynonym		cvx
SARS-COV-2 COVID-19 Viral Vector Non-replicating Non-US Vaccine Product (CONVIDECIA), CanSino Biological Inc./Beijing Institute of Biotechnology	cvx:506	SARS-COV-2 COVID-19 Viral Vector Non-replicating Non-US Vaccine Product (CONVIDECIA), CanSino Biological Inc./Beijing Institute of Biotechnology	rdfs:label		cvx
COVID-19 PS Non-US Vaccine (Anhui Zhifei Longcom Biopharm + Inst of Micro, Chinese Acad of Sciences)	cvx:507	SARS-COV-2 COVID-19 Protein Subunit Non-US Vaccine Product (Anhui Zhifei Longcom Biopharmaceutical + Institute of Microbiology, Chinese Academy of Sciences)	oboInOwl:hasRelatedSynonym		cvx
SARS-COV-2 COVID-19 Protein Subunit Non-US Vaccine Product (Anhui Zhifei Longcom Biopharmaceutical + Institute of Microbiology, Chinese Academy of Sciences)	cvx:507	SARS-COV-2 COVID-19 Protein Subunit Non-US Vaccine Product (Anhui Zhifei Longcom Biopharmaceutical + Institute of Microbiology, Chinese Academy of Sciences)	rdfs:label		cvx
COVID-19 PS Non-US Vaccine (Jiangsu Province Centers for Disease Control and Prevention)	cvx:508	SARS-COV-2 COVID-19 Protein Subunit Non-US Vaccine Product (Jiangsu Province Centers for Disease Control and Prevention)	oboInOwl:hasRelatedSynonym		cvx
SARS-COV-2 COVID-19 Protein Subunit Non-US Vaccine Product (Jiangsu Province Centers for Disease Control and Prevention)	cvx:508	SARS-COV-2 COVID-19 Protein Subunit Non-US Vaccine Product (Jiangsu Province Centers for Disease Control and Prevention)	rdfs:label		cvx
COVID-19 PS Non-US Vaccine (EpiVacCorona)	cvx:509	SARS-COV-2 COVID-19 Protein Subunit Non-US Vaccine Product (EpiVacCorona)	oboInOwl:hasRelatedSynonym		cvx
SARS-COV-2 COVID-19 Protein Subunit Non-US Vaccine Product (EpiVacCorona)	cvx:509	SARS-COV-2 COVID-19 Protein Subunit Non-US Vaccine Product (EpiVacCorona)	rdfs:label		cvx
Hib-Hep B	cvx:51	Haemophilus influenzae type b conjugate and Hepatitis B vaccine	oboInOwl:hasRelatedSynonym		cvx
Haemophilus influenzae type b conjugate and Hepatitis B vaccine	cvx:51	Haemophilus influenzae type b conjugate and Hepatitis B vaccine	rdfs:label		cvx
COVID-19 IV Non-US Vaccine (BIBP, Sinopharm)	cvx:510	SARS-COV-2 COVID-19 Inactivated Virus Non-US Vaccine Product (BIBP, Sinopharm)	oboInOwl:hasRelatedSynonym		cvx
SARS-COV-2 COVID-19 Inactivated Virus Non-US Vaccine Product (BIBP, Sinopharm)	cvx:510	SARS-COV-2 COVID-19 Inactivated Virus Non-US Vaccine Product (BIBP, Sinopharm)	rdfs:label		cvx
COVID-19 IV Non-US Vaccine (CoronaVac, Sinovac)	cvx:511	SARS-COV-2 COVID-19 Inactivated Virus Non-US Vaccine Product (CoronaVac, Sinovac)	oboInOwl:hasRelatedSynonym		cvx
SARS-COV-2 COVID-19 Inactivated Virus Non-US Vaccine Product (CoronaVac, Sinovac)	cvx:511	SARS-COV-2 COVID-19 Inactivated Virus Non-US Vaccine Product (CoronaVac, Sinovac)	rdfs:label		cvx
SARS-COV-2 COVID-19 VLP Non-US Vaccine (Medicago, Covifenz)	cvx:512	SARS-COV-2 COVID-19 Virus Like Particle (VLP) Non-US Vaccine Product (Medicago, Covifenz)	oboInOwl:hasRelatedSynonym		cvx
SARS-COV-2 COVID-19 Virus Like Particle (VLP) Non-US Vaccine Product (Medicago, Covifenz)	cvx:512	SARS-COV-2 COVID-19 Virus Like Particle (VLP) Non-US Vaccine Product (Medicago, Covifenz)	rdfs:label		cvx
SARS-COV-2 COVID-19 PS Non-US Vaccine (Anhui Zhifei Longcom, Zifivax)	cvx:513	SARS-COV-2 COVID-19 Protein Subunit Non-US Vaccine Product (Anhui Zhifei Longcom, Zifivax)	oboInOwl:hasRelatedSynonym		cvx
SARS-COV-2 COVID-19 Protein Subunit Non-US Vaccine Product (Anhui Zhifei Longcom, Zifivax)	cvx:513	SARS-COV-2 COVID-19 Protein Subunit Non-US Vaccine Product (Anhui Zhifei Longcom, Zifivax)	rdfs:label		cvx
SARS-COV-2 COVID-19 DNA Non-US Vaccine (Zydus Cadila, ZyCoV-D)	cvx:514	SARS-COV-2 COVID-19 DNA Non-US Vaccine Product (Zydus Cadila, ZyCoV-D)	oboInOwl:hasRelatedSynonym		cvx
SARS-COV-2 COVID-19 DNA Non-US Vaccine Product (Zydus Cadila, ZyCoV-D)	cvx:514	SARS-COV-2 COVID-19 DNA Non-US Vaccine Product (Zydus Cadila, ZyCoV-D)	rdfs:label		cvx
SARS-COV-2 COVID-19 PS Non-US Vaccine (Medigen, MVC-COV1901)	cvx:515	SARS-COV-2 COVID-19 Protein Subunit Non-US Vaccine Product (Medigen, MVC-COV1901)	oboInOwl:hasRelatedSynonym		cvx
SARS-COV-2 COVID-19 Protein Subunit Non-US Vaccine Product (Medigen, MVC-COV1901)	cvx:515	SARS-COV-2 COVID-19 Protein Subunit Non-US Vaccine Product (Medigen, MVC-COV1901)	rdfs:label		cvx
COV-2 COVID-19 Inactivated Non-US Vaccine Product (Minhai Biotechnology Co, KCONVAC)	cvx:516	SARS-COV-2 COVID-19 Inactivated Non-US Vaccine Product (Minhai Biotechnology Co, KCONVAC)	oboInOwl:hasRelatedSynonym		cvx
SARS-COV-2 COVID-19 Inactivated Non-US Vaccine Product (Minhai Biotechnology Co, KCONVAC)	cvx:516	SARS-COV-2 COVID-19 Inactivated Non-US Vaccine Product (Minhai Biotechnology Co, KCONVAC)	rdfs:label		cvx
SARS-COV-2 COVID-19 PS Non-US Vaccine (Biological E Limited, Corbevax)	cvx:517	SARS-COV-2 COVID-19 Protein Subunit Non-US Vaccine Product (Biological E Limited, Corbevax)	oboInOwl:hasRelatedSynonym		cvx
SARS-COV-2 COVID-19 Protein Subunit Non-US Vaccine Product (Biological E Limited, Corbevax)	cvx:517	SARS-COV-2 COVID-19 Protein Subunit Non-US Vaccine Product (Biological E Limited, Corbevax)	rdfs:label		cvx
COVID-19 Inactivated, Non-US Vaccine (VLA2001, Valneva)	cvx:518	SARS-COV-2 COVID-19 Inactivated, Non-US Vaccine (VLA2001, Valneva)	oboInOwl:hasRelatedSynonym		cvx
SARS-COV-2 COVID-19 Inactivated, Non-US Vaccine (VLA2001, Valneva)	cvx:518	SARS-COV-2 COVID-19 Inactivated, Non-US Vaccine (VLA2001, Valneva)	rdfs:label		cvx
COVID-19 mRNA, bivalent, original/Omicron BA.1, Non-US Vaccine (Spikevax Bivalent), Moderna	cvx:519	SARS-COV-2 COVID-19 mRNA, bivalent, original/Omicron BA.1, Non-US Vaccine (Spikevax Bivalent), Moderna	oboInOwl:hasRelatedSynonym		cvx
SARS-COV-2 COVID-19 mRNA, bivalent, original/Omicron BA.1, Non-US Vaccine (Spikevax Bivalent), Moderna	cvx:519	SARS-COV-2 COVID-19 mRNA, bivalent, original/Omicron BA.1, Non-US Vaccine (Spikevax Bivalent), Moderna	rdfs:label		cvx
Hep A, adult	cvx:52	hepatitis A vaccine, adult dosage	oboInOwl:hasRelatedSynonym		cvx
hepatitis A vaccine, adult dosage	cvx:52	hepatitis A vaccine, adult dosage	rdfs:label		cvx
COVID-19 mRNA, bivalent, original/Omicron BA.1, Non-US Vaccine Product, Pfizer-BioNTech	cvx:520	SARS-COV-2 COVID-19 mRNA, bivalent, original/Omicron BA.1, Non-US Vaccine Product (Comirnaty Bivalent), Pfizer-BioNTech	oboInOwl:hasRelatedSynonym		cvx
SARS-COV-2 COVID-19 mRNA, bivalent, original/Omicron BA.1, Non-US Vaccine Product (Comirnaty Bivalent), Pfizer-BioNTech	cvx:520	SARS-COV-2 COVID-19 mRNA, bivalent, original/Omicron BA.1, Non-US Vaccine Product (Comirnaty Bivalent), Pfizer-BioNTech	rdfs:label		cvx
COVID-19 SP, protein-based, adjuvanted (VidPrevtyn Beta), Sanofi-GSK	cvx:521	SARS-COV-2 (COVID-19) vaccine SP, protein-based, adjuvanted, B.1.351 strain (VidPrevtyn Beta), Sanofi-GSK	oboInOwl:hasRelatedSynonym		cvx
SARS-COV-2 (COVID-19) vaccine SP, protein-based, adjuvanted, B.1.351 strain (VidPrevtyn Beta), Sanofi-GSK	cvx:521	SARS-COV-2 (COVID-19) vaccine SP, protein-based, adjuvanted, B.1.351 strain (VidPrevtyn Beta), Sanofi-GSK	rdfs:label		cvx
typhoid, parenteral, AKD (U.S. military)	cvx:53	typhoid vaccine, parenteral, acetone-killed, dried (U.S. military)	oboInOwl:hasRelatedSynonym		cvx
typhoid vaccine, parenteral, acetone-killed, dried (U.S. military)	cvx:53	typhoid vaccine, parenteral, acetone-killed, dried (U.S. military)	rdfs:label		cvx
adenovirus, type 4	cvx:54	adenovirus vaccine, type 4, live, oral	oboInOwl:hasRelatedSynonym		cvx
adenovirus vaccine, type 4, live, oral	cvx:54	adenovirus vaccine, type 4, live, oral	rdfs:label		cvx
adenovirus, type 7	cvx:55	adenovirus vaccine, type 7, live, oral	oboInOwl:hasRelatedSynonym		cvx
adenovirus vaccine, type 7, live, oral	cvx:55	adenovirus vaccine, type 7, live, oral	rdfs:label		cvx
dengue fever tetravalent	cvx:56	dengue fever vaccine, tetravalent	oboInOwl:hasRelatedSynonym		cvx
dengue fever vaccine, tetravalent	cvx:56	dengue fever vaccine, tetravalent	rdfs:label		cvx
hantavirus	cvx:57	hantavirus vaccine	oboInOwl:hasRelatedSynonym		cvx
hantavirus vaccine	cvx:57	hantavirus vaccine	rdfs:label		cvx
Hep C	cvx:58	hepatitis C vaccine	oboInOwl:hasRelatedSynonym		cvx
hepatitis C vaccine	cvx:58	hepatitis C vaccine	rdfs:label		cvx
Hep E	cvx:59	hepatitis E vaccine	oboInOwl:hasRelatedSynonym		cvx
hepatitis E vaccine	cvx:59	hepatitis E vaccine	rdfs:label		cvx
herpes simplex 2	cvx:60	herpes simplex virus, type 2 vaccine	oboInOwl:hasRelatedSynonym		cvx
herpes simplex virus, type 2 vaccine	cvx:60	herpes simplex virus, type 2 vaccine	rdfs:label		cvx
HIV	cvx:61	human immunodeficiency virus vaccine	oboInOwl:hasExactSynonym	omo:0003012	cvx
human immunodeficiency virus vaccine	cvx:61	human immunodeficiency virus vaccine	rdfs:label		cvx
HPV, quadrivalent	cvx:62	human papilloma virus vaccine, quadrivalent	oboInOwl:hasRelatedSynonym		cvx
human papilloma virus vaccine, quadrivalent	cvx:62	human papilloma virus vaccine, quadrivalent	rdfs:label		cvx
Junin virus	cvx:63	Junin virus vaccine	oboInOwl:hasRelatedSynonym		cvx
Junin virus vaccine	cvx:63	Junin virus vaccine	rdfs:label		cvx
leishmaniasis vaccine	cvx:64	leishmaniasis vaccine	rdfs:label		cvx
leprosy vaccine	cvx:65	leprosy vaccine	rdfs:label		cvx
Lyme disease vaccine	cvx:66	Lyme disease vaccine	rdfs:label		cvx
malaria vaccine	cvx:67	malaria vaccine	rdfs:label		cvx
melanoma vaccine	cvx:68	melanoma vaccine	rdfs:label		cvx
parainfluenza-3 virus vaccine	cvx:69	parainfluenza-3 virus vaccine	rdfs:label		cvx
Q fever vaccine	cvx:70	Q fever vaccine	rdfs:label		cvx
RSV-IGIV	cvx:71	respiratory syncytial virus immune globulin, intravenous	oboInOwl:hasRelatedSynonym		cvx
respiratory syncytial virus immune globulin, intravenous	cvx:71	respiratory syncytial virus immune globulin, intravenous	rdfs:label		cvx
rheumatic fever vaccine	cvx:72	rheumatic fever vaccine	rdfs:label		cvx
Rift Valley fever vaccine	cvx:73	Rift Valley fever vaccine	rdfs:label		cvx
rotavirus, tetravalent	cvx:74	rotavirus, live, tetravalent vaccine	oboInOwl:hasRelatedSynonym		cvx
rotavirus, live, tetravalent vaccine	cvx:74	rotavirus, live, tetravalent vaccine	rdfs:label		cvx
Vaccinia (smallpox, mpox), live	cvx:75	Vaccinia (smallpox, mpox) vaccine, live	oboInOwl:hasRelatedSynonym		cvx
Vaccinia (smallpox, mpox) vaccine, live	cvx:75	Vaccinia (smallpox, mpox) vaccine, live	rdfs:label		cvx
Staphylococcus bacterio lysate	cvx:76	Staphylococcus bacteriophage lysate	oboInOwl:hasRelatedSynonym		cvx
Staphylococcus bacteriophage lysate	cvx:76	Staphylococcus bacteriophage lysate	rdfs:label		cvx
Tick-borne encephalitis vaccine (non-US)	cvx:77	Tick-borne encephalitis vaccine (non-US)	rdfs:label		cvx
tularemia vaccine	cvx:78	tularemia vaccine	rdfs:label		cvx
vaccinia immune globulin	cvx:79	vaccinia immune globulin	rdfs:label		cvx
VEE, live	cvx:80	Venezuelan equine encephalitis, live, attenuated	oboInOwl:hasRelatedSynonym		cvx
Venezuelan equine encephalitis, live, attenuated	cvx:80	Venezuelan equine encephalitis, live, attenuated	rdfs:label		cvx
AS03 Adjuvant	cvx:801	AS03 Adjuvant	rdfs:label		cvx
VEE, inactivated	cvx:81	Venezuelan equine encephalitis, inactivated	oboInOwl:hasRelatedSynonym		cvx
Venezuelan equine encephalitis, inactivated	cvx:81	Venezuelan equine encephalitis, inactivated	rdfs:label		cvx
adenovirus, unspecified formulation	cvx:82	adenovirus vaccine, unspecified formulation	oboInOwl:hasRelatedSynonym		cvx
adenovirus vaccine, unspecified formulation	cvx:82	adenovirus vaccine, unspecified formulation	rdfs:label		cvx
Hep A, ped/adol, 2 dose	cvx:83	hepatitis A vaccine, pediatric/adolescent dosage, 2 dose schedule	oboInOwl:hasRelatedSynonym		cvx
hepatitis A vaccine, pediatric/adolescent dosage, 2 dose schedule	cvx:83	hepatitis A vaccine, pediatric/adolescent dosage, 2 dose schedule	rdfs:label		cvx
Hep A, ped/adol, 3 dose	cvx:84	hepatitis A vaccine, pediatric/adolescent dosage, 3 dose schedule	oboInOwl:hasRelatedSynonym		cvx
hepatitis A vaccine, pediatric/adolescent dosage, 3 dose schedule	cvx:84	hepatitis A vaccine, pediatric/adolescent dosage, 3 dose schedule	rdfs:label		cvx
Hep A, unspecified formulation	cvx:85	hepatitis A vaccine, unspecified formulation	oboInOwl:hasRelatedSynonym		cvx
hepatitis A vaccine, unspecified formulation	cvx:85	hepatitis A vaccine, unspecified formulation	rdfs:label		cvx
IG	cvx:86	immune globulin, intramuscular	oboInOwl:hasExactSynonym	omo:0003012	cvx
immune globulin, intramuscular	cvx:86	immune globulin, intramuscular	rdfs:label		cvx
IGIV	cvx:87	immune globulin, intravenous	oboInOwl:hasExactSynonym	omo:0003012	cvx
immune globulin, intravenous	cvx:87	immune globulin, intravenous	rdfs:label		cvx
influenza, unspecified formulation	cvx:88	influenza virus vaccine, unspecified formulation	oboInOwl:hasRelatedSynonym		cvx
influenza virus vaccine, unspecified formulation	cvx:88	influenza virus vaccine, unspecified formulation	rdfs:label		cvx
poliovirus vaccine, unspecified formulation	cvx:89	poliovirus vaccine, unspecified formulation	rdfs:label		cvx
rabies, unspecified formulation	cvx:90	rabies vaccine, unspecified formulation	oboInOwl:hasRelatedSynonym		cvx
rabies vaccine, unspecified formulation	cvx:90	rabies vaccine, unspecified formulation	rdfs:label		cvx
typhoid, unspecified formulation	cvx:91	typhoid vaccine, unspecified formulation	oboInOwl:hasRelatedSynonym		cvx
typhoid vaccine, unspecified formulation	cvx:91	typhoid vaccine, unspecified formulation	rdfs:label		cvx
VEE, unspecified formulation	cvx:92	Venezuelan equine encephalitis vaccine, unspecified formulation	oboInOwl:hasRelatedSynonym		cvx
Venezuelan equine encephalitis vaccine, unspecified formulation	cvx:92	Venezuelan equine encephalitis vaccine, unspecified formulation	rdfs:label		cvx
RSV-MAb	cvx:93	respiratory syncytial virus monoclonal antibody (palivizumab), intramuscular	oboInOwl:hasRelatedSynonym		cvx
respiratory syncytial virus monoclonal antibody (palivizumab), intramuscular	cvx:93	respiratory syncytial virus monoclonal antibody (palivizumab), intramuscular	rdfs:label		cvx
MMRV	cvx:94	measles, mumps, rubella, and varicella virus vaccine	oboInOwl:hasExactSynonym	omo:0003012	cvx
measles, mumps, rubella, and varicella virus vaccine	cvx:94	measles, mumps, rubella, and varicella virus vaccine	rdfs:label		cvx
TST-OT tine test	cvx:95	tuberculin skin test; old tuberculin, multipuncture device	oboInOwl:hasRelatedSynonym		cvx
tuberculin skin test; old tuberculin, multipuncture device	cvx:95	tuberculin skin test; old tuberculin, multipuncture device	rdfs:label		cvx
TST-PPD intradermal	cvx:96	tuberculin skin test; purified protein derivative solution, intradermal	oboInOwl:hasRelatedSynonym		cvx
tuberculin skin test; purified protein derivative solution, intradermal	cvx:96	tuberculin skin test; purified protein derivative solution, intradermal	rdfs:label		cvx
TST-PPD tine test	cvx:97	tuberculin skin test; purified protein derivative, multipuncture device	oboInOwl:hasRelatedSynonym		cvx
tuberculin skin test; purified protein derivative, multipuncture device	cvx:97	tuberculin skin test; purified protein derivative, multipuncture device	rdfs:label		cvx
TST, unspecified formulation	cvx:98	tuberculin skin test; unspecified formulation	oboInOwl:hasRelatedSynonym		cvx
tuberculin skin test; unspecified formulation	cvx:98	tuberculin skin test; unspecified formulation	rdfs:label		cvx
no vaccine administered	cvx:998	no vaccine administered	rdfs:label		cvx
unknown	cvx:999	unknown vaccine or immune globulin	oboInOwl:hasRelatedSynonym		cvx
unknown vaccine or immune globulin	cvx:999	unknown vaccine or immune globulin	rdfs:label		cvx
has status	obo:cvx#status	has status	rdfs:label		obo
